community,overcrowded_2017,overcrowded_2022,pct_2017,pct_2022,houses_est,ntg_name,match_score,lat,lon,dist_sealed_km,ntg_type,land_council,population_2020,island,hub,oneway_hours,straight_km,road_km,airstrip_km,airstrip,has_airstrip,flight_hours_oneway,closure_road,closure_months,wet_risk,band,cid,h3_r3,h3_r4,h3_r5,h3_r6,h3_r7
AMOONGUNA,13,4,30,15,27,Amoonguna,100.0,-23.77,133.94,0.0,Major,Central Land Council,281.0,False,Alice Springs,0.1696062377534109,9.893697202282304,11.872436642738764,5.5,Alice Springs Airport,True,0.032978990674274344,,,False,Near town (road),C00,83b885fffffffff,84b8855ffffffff,85b8855bfffffff,86b88096fffffff,87b88096dffffff
SANTA TERESA,56,40,61,41,98,Santa Teresa,100.0,-24.13,134.37,0.03,Major,Central Land Council,682.0,False,Alice Springs,1.1835971311256597,69.04316598233015,82.85179917879618,2.4,Santa Teresa Airport,True,0.23014388660776716,,,False,Near town (road),C01,83b884fffffffff,84b8841ffffffff,85b884abfffffff,86b88406fffffff,87b88406dffffff
WALLACE ROCKHOLE,3,0,21,0,14,Wallace Rockhole,100.0,-24.12,133.09,0.01,Major,Central Land Council,120.0,False,Alice Springs,1.5925313796455436,92.8976638126567,111.47719657518805,35.8,Hermannsburg Airport,False,0.30965887937552233,,,False,Near town (road),C02,83b885fffffffff,84b8853ffffffff,85b88533fffffff,86b88531fffffff,87b885318ffffff
HERMANNSBURG (NTARIA),52,50,54,50,100,Hermannsburg,100.0,-23.94,132.78,0.04,Major,Central Land Council,711.0,False,Alice Springs,1.9720024677989858,115.03347728827417,138.040172745929,3.2,Hermannsburg Airport,True,0.38344492429424726,,,False,Near town (road),C03,83b8aafffffffff,84b8aa5ffffffff,85b8aa5bfffffff,86b8aa587ffffff,87b8aa586ffffff
ENGAWALA,9,16,50,76,21,Engawala,100.0,-22.8,134.46,0.01,Minor,Central Land Council,181.0,False,Alice Springs,1.993752477474895,116.3022278527022,139.56267342324264,5.8,Alcoota Station Airport,True,0.38767409284234067,,,False,Near town (road),C04,83b880fffffffff,84b8805ffffffff,85b8805bfffffff,86b88059fffffff,87b88059effffff
ATITJERE,12,12,52,44,27,Atitjere,100.0,-22.98,134.93,0.1,Major,Central Land Council,263.0,False,Alice Springs,2.2936444690339246,133.79592736031228,160.55511283237473,1.3,Harts Range Airport,True,0.44598642453437426,,,False,Remote (road),C05,83b886fffffffff,84b8861ffffffff,85b8863bfffffff,86b8863b7ffffff,87b8863b5ffffff
AREYONGA,19,16,59,55,29,Areyonga,100.0,-24.07,132.27,0.03,Major,Central Land Council,229.0,False,Alice Springs,2.8934067117373887,168.782058184681,202.5384698216172,2.4,Areyonga Airport,True,0.5626068606156034,,,False,Remote (road),C06,83b8aafffffffff,84b8aa1ffffffff,85b8aa0ffffffff,86b8aa0d7ffffff,87b8aa0d6ffffff
PMARA JUTUNTA,14,8,45,25,32,Pmara Jutunta,100.0,-22.21,133.43,0.04,Major,Central Land Council,207.0,False,Alice Springs,2.9480110557031938,171.9673115826863,206.36077389922357,8.8,Ti Tree Airport,False,0.5732243719422877,,,False,Remote (road),C07,83b883fffffffff,84b8831ffffffff,85b8830bfffffff,86b8830afffffff,87b8830a1ffffff
LARAMBA,19,18,48,47,38,Laramba,100.0,-22.53,132.76,0.01,Major,Central Land Council,281.0,False,Alice Springs,2.9714164962607392,173.33262894854312,207.99915473825175,0.4,Napperby Airport,True,0.5777754298284771,,,False,Remote (road),C08,83b88efffffffff,84b88edffffffff,85b88edbfffffff,86b88edafffffff,87b88eda8ffffff
NTURIYA,2,1,11,7,14,Nturiya,100.0,-22.12,133.27,0.03,Major,Central Land Council,110.0,False,Alice Springs,3.196553670464582,186.4656307771006,223.75875693252073,15.5,Ti Tree Airport,False,0.6215521025903353,,,False,Remote (road),C09,83b883fffffffff,84b8831ffffffff,85b8830ffffffff,86b8830dfffffff,87b8830d8ffffff
HAASTS BLUFF,9,7,69,70,10,Haasts Bluff,100.0,-23.45,131.88,0.01,Major,Central Land Council,162.0,False,Alice Springs,3.526519054543983,205.71361151506568,246.8563338180788,2.8,Haasts Bluff Airport,True,0.6857120383835522,,,False,Remote (road),C10,83b88cfffffffff,84b88c1ffffffff,85b88cc7fffffff,86b88cc4fffffff,87b88cc48ffffff
IMANPA,7,8,30,40,20,Imanpa,100.0,-25.13,132.57,0.02,Major,Central Land Council,177.0,False,Alice Springs,3.5496626052886753,207.06365197517272,248.47638237020726,0.4,Imanpa Airport,True,0.6902121732505757,,,False,Remote (road),C11,83b8aefffffffff,84b8ae3ffffffff,85b8ae33fffffff,86b8ae317ffffff,87b8ae315ffffff
PAPUNYA,30,26,68,55,47,Papunya,100.0,-23.2,131.91,0.14,Major,Central Land Council,475.0,False,Alice Springs,3.574427722753802,208.50828382730512,250.20994059276615,5.2,Papunya Airport,True,0.6950276127576838,,,False,Remote (road),C12,83b88cfffffffff,84b88c5ffffffff,85b88c57fffffff,86b88c547ffffff,87b88c54effffff
WILORA,9,1,45,6,17,Wilora,100.0,-21.74,133.73,0.05,Minor,Central Land Council,112.0,False,Alice Springs,3.745445655193911,218.48432988631149,262.18119586357375,26.4,Barrow Creek Airport,False,0.7282810996210383,,,False,Remote (road),C13,83b89cfffffffff,84b89cbffffffff,85b89cb3fffffff,86b89cb37ffffff,87b89cb33ffffff
APATULA (FINKE),15,7,44,21,33,Finke,100.0,-25.58,134.58,0.01,Major,Central Land Council,226.0,False,Alice Springs,3.7832973401385863,220.69234484141754,264.83081380970106,1.7,Finke Airport,True,0.7356411494713918,GHAN HERITAGE ROAD,2,False,"Remote, cut in the wet",C14,83b8a0fffffffff,84b8a07ffffffff,85b8a063fffffff,86b8a0627ffffff,87b8a0623ffffff
YUELAMU (MT ALLEN),6,6,20,24,25,Yuelamu,100.0,-22.26,132.21,0.07,Major,Central Land Council,259.0,False,Alice Springs,4.015342991284469,234.2283411582607,281.0740093899128,1.8,Mount Allan Airport,True,0.7807611371942023,,,False,Remote (road),C15,83b88efffffffff,84b88e1ffffffff,85b88e0ffffffff,86b88e0d7ffffff,87b88e0f3ffffff
YUENDUMU,42,51,36,47,109,Yuendumu,100.0,-22.25,131.8,0.0,Major,Central Land Council,892.0,False,Alice Springs,4.578600375669622,267.0850219140613,320.50202629687357,1.9,Yuendumu Airport,True,0.8902834063802044,,,False,Remote (road),C16,83b88efffffffff,84b88e3ffffffff,85b88e23fffffff,86b88e21fffffff,87b88e219ffffff
MOUNT LIEBIG,13,14,50,58,24,Mount Liebig,100.0,-23.27,131.27,0.01,Major,Central Land Council,199.0,False,Alice Springs,4.636012886047404,270.4340850194319,324.5209020233183,3.1,Mount Liebig Airport,True,0.901446950064773,,,False,Remote (road),C17,83b88cfffffffff,84b88c3ffffffff,85b88c23fffffff,86b88c207ffffff,87b88c201ffffff
MUTITJULU,19,22,59,71,31,Mutitjulu,100.0,-25.35,131.07,0.17,Major,Central Land Council,380.0,False,Alice Springs,5.799715188850054,338.3167193495865,405.9800632195038,20.5,Ayers Rock Connellan Airport,False,1.127722397831955,,,False,Remote (road),C18,83b8a9fffffffff,84b8a9dffffffff,85b8a9dbfffffff,86b8a9d8fffffff,87b8a9d8bffffff
NYIRRIPI,10,15,24,38,39,Nyirripi,100.0,-22.65,130.55,0.02,Major,Central Land Council,277.0,False,Alice Springs,6.168901592961524,359.8525929227556,431.8231115073067,1.6,Nyrripi Airport,True,1.199508643075852,,,False,Very remote (road),C19,83b889fffffffff,84b889dffffffff,85b889dbfffffff,86b889d87ffffff,87b889d8effffff
KINTORE,38,32,68,50,64,Kintore,100.0,-23.28,129.39,0.07,Major,Central Land Council,482.0,False,Alice Springs,7.889936469946716,460.24629408022514,552.2955528962701,1.7,Kintore Airport,True,1.5341543136007505,,,False,Very remote (road),C20,83b8f2fffffffff,84b8f27ffffffff,85b8f273fffffff,86b8f2777ffffff,87b8f2776ffffff
KALTUKATJARA,22,21,48,51,41,Kaltukatjara,100.0,-24.88,129.08,0.02,Major,Central Land Council,463.0,False,Alice Springs,8.637151008221524,503.83380881292226,604.6005705755067,4.8,Docker River Airport,True,1.6794460293764075,,,False,Very remote (road),C21,83b8f0fffffffff,84b8f09ffffffff,85b8f09bfffffff,86b8f09afffffff,87b8f09a8ffffff
WURRUMIYANGA,129,110,46,39,282,Wurrumiyanga,100.0,-11.76,130.64,0.02,Major,Tiwi Land Council,1837.0,True,Darwin,0.26938843514684646,80.81653054405393,,2.7,Bathurst Island Airport,True,0.26938843514684646,,,False,Island (fly-in),C22,839455fffffffff,8494551ffffffff,8594551bfffffff,8694550a7ffffff,8794550a4ffffff
BELYUEN,10,12,24,29,41,Belyuen,100.0,-12.54,130.7,0.0,Major,Northern Land Council,193.0,False,Darwin,0.3018892415174179,17.61020575518271,21.132246906219255,2.0,Delissaville Airport,True,0.05870068585060904,,,False,Near town (road),C23,839450fffffffff,849450bffffffff,859450affffffff,869450ad7ffffff,879450ad1ffffff
MILIKAPITI,36,31,38,31,100,Milikapiti,100.0,-11.42,130.67000000000002,0.04,Major,Tiwi Land Council,471.0,True,Darwin,0.3903739374492037,117.1121812347611,,2.4,Snake Bay Airport,True,0.3903739374492037,,,False,Island (fly-in),C24,839455fffffffff,8494559ffffffff,8594558ffffffff,8694558c7ffffff,8794558c4ffffff
PIRLANGIMPI,33,26,38,25,104,Pirlangimpi,100.0,-11.41,130.42000000000002,0.0,Major,Tiwi Land Council,436.0,True,Darwin,0.4179230917334821,125.37692752004462,,1.3,Garden Point Airport,True,0.4179230917334821,,,False,Island (fly-in),C25,839455fffffffff,8494559ffffffff,8594559bfffffff,869455d6fffffff,879455d6dffffff
MINJILANG,18,17,45,41,41,Minjilang,100.0,-11.15,132.58,0.02,Major,Northern Land Council,290.0,True,Darwin,0.7964082421902061,238.92247265706183,,4.6,Minjilang Airport,True,0.7964082421902061,,,False,Island (fly-in),C26,839443fffffffff,849443dffffffff,859443d7fffffff,869443d77ffffff,879443d71ffffff
WARRUWI,31,27,50,48,56,Warruwi,100.0,-11.65,133.39,0.01,Major,Northern Land Council,457.0,True,Darwin,0.97183827518483,291.551482555449,,0.9,South Goulburn Is Airport,True,0.97183827518483,,,False,Island (fly-in),C27,839443fffffffff,8494433ffffffff,8594432bfffffff,86944329fffffff,87944329dffffff
NAUIYU,41,38,63,63,60,Nauiyu,100.0,-13.75,130.69,0.0,Major,Northern Land Council,444.0,False,Darwin,2.474714572734962,144.35835007620614,173.23002009144736,0.4,Daly River Airport,True,0.48119450025402044,DALY RIVER LOW LEVEL ROAD,"2,3,4",False,"Remote, cut in the wet",C28,839453fffffffff,8494535ffffffff,85945353fffffff,869453517ffffff,879453511ffffff
PEPPIMENARTI,12,15,43,60,25,Peppimenarti,100.0,-14.15,130.08,0.0,Major,Northern Land Council,209.0,False,Darwin,3.5164393963434657,205.12563145336884,246.1507577440426,1.4,Peppimenarti Airport,True,0.6837521048445628,DALY RIVER LOW LEVEL ROAD (Port Keats route),"2,3,4",False,"Remote, cut in the wet",C29,839452fffffffff,8494527ffffffff,8594526bfffffff,8694526afffffff,8794526a8ffffff
NGANMARRIYANGA,28,30,72,67,45,Nganmarriyanga,100.0,-14.35,129.88,0.03,Major,Northern Land Council,458.0,False,Darwin,4.018452151141135,234.40970881656622,281.29165057987944,2.0,Palumpa Airport,True,0.7813656960552208,DALY RIVER LOW LEVEL ROAD (Port Keats route),"2,3,4",False,"Remote, cut in the wet",C30,8394e1fffffffff,8494e1bffffffff,8594e1a3fffffff,8694e1a0fffffff,8794e1a0cffffff
GUNBALANYA,70,76,46,46,165,Gunbalanya,100.0,-12.32,133.06,0.03,Major,Northern Land Council,1312.0,False,Darwin,4.141795788517623,241.60475433019468,289.9257051962336,5.9,Oenpelli Airport,True,0.8053491811006489,OENPELLI ROAD (Cahills Crossing),"11,12,1,2,3,4,5",False,"Remote, cut in the wet",C31,83945cfffffffff,84945c3ffffffff,85945c37fffffff,86945c347ffffff,87945c344ffffff
WADEYE,177,172,72,67,257,Wadeye,100.0,-14.24,129.52,0.02,Major,Northern Land Council,2679.0,False,Darwin,4.18398516845,244.06580149291668,292.8789617915,1.5,Port Keats Airport,True,0.8135526716430556,DALY RIVER LOW LEVEL ROAD (Port Keats route),"2,3,4",False,"Remote, cut in the wet",C32,8394e1fffffffff,8494e19ffffffff,8594e187fffffff,8694e1877ffffff,8794e1870ffffff
BINJARI,16,28,67,72,39,Binjari,100.0,-14.55,132.18,0.0,Minor,Northern Land Council,223.0,False,Katherine,0.21225024506823437,12.381264295647005,14.857517154776406,5.5,Manbulloo Airstrip,True,0.04127088098549002,,,False,Near town (road),C33,8394edfffffffff,8494ed3ffffffff,8594ed2bfffffff,8694ed2afffffff,8794ed2aeffffff
MANYALLALUK,7,10,47,71,14,Manyallaluk,100.0,-14.27,132.83,0.02,Minor,Northern Land Council,108.0,False,Katherine,1.119455475137756,65.30156938303575,78.36188325964291,0.5,Manyallaluk Airport,True,0.2176718979434525,,,False,Near town (road),C34,83945afffffffff,84945a1ffffffff,85945a1bfffffff,86945a18fffffff,87945a188ffffff
BARUNGA,36,25,64,35,71,Barunga,100.0,-14.52,132.87,0.03,Major,Northern Land Council,427.0,False,Katherine,1.129796298011869,65.90478405069236,79.08574086083082,1.3,Bamyili Airport,True,0.21968261350230786,,,False,Near town (road),C35,83945afffffffff,84945a5ffffffff,85945a47fffffff,86945a44fffffff,87945a448ffffff
KYBROOK FARM,9,7,75,58,12,Kybrook Farm,100.0,-13.86,131.82,0.03,Minor,Northern Land Council,72.0,False,Katherine,1.4189393973445155,82.77146484509674,99.32575781411609,4.7,Pine Creek Airport,True,0.27590488281698916,,,False,Near town (road),C36,8394edfffffffff,84945e5ffffffff,85945e4bfffffff,86945e497ffffff,87945e494ffffff
BESWICK,49,54,74,66,82,Beswick,100.0,-14.55,133.11,0.04,Major,Northern Land Council,624.0,False,Katherine,1.5759829436148565,91.9323383775333,110.31880605303995,24.8,Bamyili Airport,False,0.30644112792511097,,,False,Near town (road),C37,83945afffffffff,84945a7ffffffff,85945a63fffffff,86945a62fffffff,87945a62cffffff
JILKMINGGAN,19,18,63,62,29,Jilkminggan,100.0,-14.95,133.3,0.0,Minor,Northern Land Council,354.0,False,Katherine,2.124578688195959,123.93375681143094,148.72050817371712,17.8,Mararanka Homestead Airport,False,0.4131125227047698,,,True,"Remote, cut in the wet",C38,839c4bfffffffff,849c4b3ffffffff,859c4b23fffffff,869c4b217ffffff,879c4b214ffffff
MINYERRI,31,53,97,96,55,Minyerri,100.0,-15.22,134.08,0.0,Major,Northern Land Council,726.0,False,Katherine,3.645477448740537,212.65285117653133,255.18342141183757,0.9,Hodgson Downs Airport,True,0.7088428372551044,,,True,"Remote, cut in the wet",C39,839c4bfffffffff,849c4bdffffffff,859c4bd7fffffff,869c4bd57ffffff,879c4bd50ffffff
BULMAN - WEEMOL,25,25,69,68,37,Bulman,90.0,-13.67,134.33,0.02,Major,Northern Land Council,329.0,False,Katherine,4.120015638110159,240.33424555642594,288.4010946677111,4.2,Delara Airfield,True,0.8011141518547531,,,True,"Remote, cut in the wet",C40,83945bfffffffff,84945bbffffffff,85945bb7fffffff,86945bb57ffffff,87945bb56ffffff
RITTARANGU,6,7,67,58,12,Rittarangu,100.0,-14.71,134.57,0.02,Minor,Northern Land Council,160.0,False,Katherine,4.285791127079931,250.004482412996,300.0053788955952,1.0,Urapunga Airport,True,0.8333482747099866,,,True,"Remote, cut in the wet",C41,839c4afffffffff,849c4a7ffffffff,859c4a77fffffff,869c4a76fffffff,879c4a76effffff
YARRALIN,17,26,61,52,50,Yarralin,100.0,-16.45,130.88,0.0,Major,Northern Land Council,344.0,False,Katherine,4.546696039919041,265.2239356619441,318.2687227943329,0.8,Yarralin Airport,True,0.8840797855398137,BUCHANAN HIGHWAY,"12,1",False,"Remote, cut in the wet",C42,8394eafffffffff,8494ea5ffffffff,8594ea57fffffff,8694ea54fffffff,8794ea549ffffff
NGUKURR,91,98,77,66,148,Ngukurr,100.0,-14.73,134.73,0.03,Major,Northern Land Council,1350.0,False,Katherine,4.58312462741829,267.3489365994003,320.81872391928033,2.0,Ngukurr Airport,True,0.891163121998001,ROPER HIGHWAY,3,False,"Remote, cut in the wet",C43,839c4afffffffff,849c4a1ffffffff,859c4a0ffffffff,869c4a0d7ffffff,879c4a0d2ffffff
BULLA,6,3,29,20,15,Bulla,100.0,-15.76,130.04,0.02,Minor,Northern Land Council,105.0,False,Katherine,4.768210915354556,278.1456367290158,333.77476407481896,8.4,Auvergne Airport,False,0.9271521224300526,,,True,"Remote, cut in the wet",C44,8394eefffffffff,8494ee5ffffffff,8594ee43fffffff,8694ee407ffffff,8794ee401ffffff
PIGEON HOLE,7,10,64,56,18,Pigeon Hole,100.0,-16.81,131.22,0.06,Minor,Northern Land Council,141.0,False,Katherine,4.851796390796675,283.02145612980604,339.62574735576726,1.9,Pigeon Hole Airport,True,0.9434048537660201,,,True,"Remote, cut in the wet",C45,8394eafffffffff,8494ea7ffffffff,8594ea6ffffffff,8694ea6d7ffffff,8794ea6d6ffffff
AMANBIDJI,4,6,27,40,15,Amanbidji,100.0,-16.43,129.62,0.0,Major,Northern Land Council,83.0,False,Katherine,6.1223492518859235,357.13703969334557,428.56444763201466,0.6,Kildurk Airport,True,1.1904567989778185,AMANBIDJI ACCESS ROAD,"1,2,3,4,5",False,"Remote, cut in the wet",C46,8394c5fffffffff,8494c5dffffffff,8594c5cffffffff,8694c5cefffffff,8794c5ceaffffff
DAGURAGU,26,21,65,60,35,Daguragu,100.0,-17.400000000000002,130.8,0.0,Major,Central Land Council,284.0,False,Katherine,6.193030008024004,361.26008380140024,433.51210056168026,3.6,Kalkgurung Airport,True,1.204200279338001,BUNTINE HIGHWAY,3,False,"Remote, cut in the wet",C47,8394c1fffffffff,8494c17ffffffff,8594c177fffffff,8694c1767ffffff,8794c1764ffffff
KALKARINDJI,31,26,61,46,57,Kalkarindji,100.0,-17.45,130.83,0.02,Major,Central Land Council,392.0,False,Katherine,6.255746495966306,364.9185455980345,437.90225471764137,3.1,Kalkgurung Airport,True,1.2163951519934484,BUNTINE HIGHWAY,3,False,"Remote, cut in the wet",C48,8394c1fffffffff,8494c17ffffffff,8594c177fffffff,8694c1747ffffff,8794c1744ffffff
GUNYANGARA,13,17,48,68,25,Gunyangara,100.0,-12.22,136.71,0.01,Minor,Northern Land Council,282.0,False,Nhulunbuy,0.15107361309428854,8.812627430500164,10.575152916600198,0.6,Gunyangara Airstrip,True,0.02937542476833388,,,False,Near town (road),C49,839c5afffffffff,849c5a7ffffffff,859c5a6bfffffff,869c5a6b7ffffff,879c5a6b2ffffff
YIRRKALA,41,47,57,55,85,Yirrkala,100.0,-12.25,136.89,0.04,Major,Northern Land Council,951.0,False,Nhulunbuy,0.24454624315861878,14.265197517586095,17.118237021103315,8.1,Gove Airport,False,0.04755065839195365,,,False,Near town (road),C50,839c5afffffffff,849ce9bffffffff,859c5a4ffffffff,869c5a4dfffffff,879c5a4daffffff
GALIWINKU,141,184,75,77,239,Galiwinku,100.0,-12.02,135.57,0.0,Major,Northern Land Council,2453.0,True,Nhulunbuy,0.4425136205616197,132.7540861684859,,0.1,Elcho Island Airport,True,0.4425136205616197,,,False,Island (fly-in),C51,83944bfffffffff,84944bdffffffff,85944bcbfffffff,86944bc8fffffff,87944bc8affffff
UMBAKUMBA,33,37,46,52,71,Umbakumba,100.0,-13.86,136.81,0.02,Major,Anindilyakwa Land Council,591.0,True,Nhulunbuy,0.6227858163028543,186.83574489085632,,39.9,Groote Eylandt Airport,True,0.6227858163028543,,,False,Island (fly-in),C52,839c58fffffffff,849c58dffffffff,859c58c3fffffff,869c58c37ffffff,879c58c35ffffff
MILYAKBURRA,15,9,50,33,27,Milyakburra,100.0,-13.78,136.2,0.07,Major,Anindilyakwa Land Council,161.0,True,Nhulunbuy,0.6289484474310914,188.6845342293274,,0.2,Milyakburra Airport,True,0.6289484474310914,,,False,Island (fly-in),C53,839c58fffffffff,849c581ffffffff,859c5807fffffff,869c58047ffffff,879c58046ffffff
MILINGIMBI,104,98,90,84,117,Milingimbi,100.0,-12.1,134.92000000000002,0.0,Major,Northern Land Council,1439.0,True,Nhulunbuy,0.6746416439470286,202.3924931841086,,2.9,Milingimbi Airport,True,0.6746416439470286,,,False,Island (fly-in),C54,83944afffffffff,84944a1ffffffff,85944a03fffffff,86944a00fffffff,87944a008ffffff
ANGURUGU,76,68,58,46,148,Angurugu,100.0,-13.98,136.46,0.03,Major,Anindilyakwa Land Council,1005.0,True,Nhulunbuy,0.6770976838777482,203.12930516332446,,0.9,Groote Eylandt Airport,True,0.6770976838777482,,,False,Island (fly-in),C55,839c58fffffffff,849c589ffffffff,859c588bfffffff,869c5888fffffff,879c58889ffffff
GAPUWIYAK,70,98,73,80,122,Gapuwiyak,100.0,-12.5,135.81,0.0,Major,Northern Land Council,1085.0,False,Nhulunbuy,1.9065062052878452,111.21286197512431,133.45543437014916,0.5,Lake Evella Airport,True,0.37070953991708105,,,False,Near town (road),C56,839c5bfffffffff,849c5b5ffffffff,859c5b4ffffffff,869c5b4f7ffffff,879c5b4f1ffffff
RAMINGINING,70,76,82,77,99,Ramingining,100.0,-12.33,134.93,0.01,Major,Northern Land Council,1025.0,False,Nhulunbuy,3.457942464558596,201.71331043258476,242.05597251910172,4.6,Ramingining Airport,True,0.6723777014419492,,,True,"Remote, cut in the wet",C57,83944afffffffff,84944a7ffffffff,85944a73fffffff,86944a707ffffff,87944a705ffffff
NUMBULWAR,72,58,63,49,118,Numbulwar,100.0,-14.28,135.74,0.01,Major,Northern Land Council,850.0,False,Nhulunbuy,4.443861402913356,259.2252485032791,311.0702982039349,2.6,Numbulwar Airport,True,0.8640841616775969,ROPER HIGHWAY,3,False,"Remote, cut in the wet",C58,839c5dfffffffff,849c5d7ffffffff,859c5d6ffffffff,869c5d6f7ffffff,879c5d6f4ffffff
MANINGRIDA,188,213,71,73,292,Maningrida,100.0,-12.05,134.22,0.06,Major,Northern Land Council,2712.0,False,Nhulunbuy,4.777598241367389,278.6932307464311,334.43187689571727,1.7,Maningrida Airport,True,0.928977435821437,,,True,"Remote, cut in the wet",C59,83945dfffffffff,84944adffffffff,85944adbfffffff,86944ad97ffffff,87944ad94ffffff
EPENARRA (WUTUNUGURRA),11,12,65,39,31,Wutunugurra,100.0,-20.46,135.25,0.01,Major,Central Land Council,195.0,False,Tennant Creek,2.4467330545337616,142.72609484780276,171.2713138173633,3.5,Epenarra Airport,True,0.47575364949267585,,,False,Remote (road),C60,83b893fffffffff,84b893bffffffff,85b893a3fffffff,86b893a1fffffff,87b893a1effffff
ALI CURUNG,38,25,54,40,62,Ali Curung,100.0,-21.0,134.41,0.0,Major,Central Land Council,580.0,False,Tennant Creek,2.603240726125327,151.8557090239774,182.22685082877288,1.3,Warrabri Airport,True,0.5061856967465913,,,False,Remote (road),C61,83b89cfffffffff,84b89c5ffffffff,85b89c5bfffffff,86b89c587ffffff,87b89c586ffffff
IMANGARA,4,8,29,53,15,Imangara,100.0,-21.05,134.68,28.44,Minor,Central Land Council,81.0,False,Tennant Creek,2.80868474226393,163.83994329872925,196.6079319584751,0.4,Murray Downs Airport,True,0.5461331443290975,,,False,Remote (road),C62,83b891fffffffff,84b8913ffffffff,85b8912bfffffff,86b891217ffffff,87b891212ffffff
CANTEEN CREEK,12,13,52,54,24,Canteen Creek,100.0,-20.65,135.59,0.04,Major,Central Land Council,216.0,False,Tennant Creek,3.148024288484901,183.63475016161922,220.36170019394305,0.5,Canteen Creek Airport,True,0.612115833872064,,,False,Remote (road),C63,83b893fffffffff,84b8939ffffffff,85b89383fffffff,86b89382fffffff,87b893829ffffff
TARA,5,3,28,18,17,Tara,100.0,-21.51,134.0,0.03,Minor,Central Land Council,105.0,False,Tennant Creek,3.5617033662745556,207.7660296993491,249.3192356392189,13.7,Barrow Creek Airport,False,0.6925534323311637,,,False,Remote (road),C64,83b89cfffffffff,84b89c9ffffffff,85b89c13fffffff,86b89c127ffffff,87b89c125ffffff
WILLOWRA,20,17,51,53,32,Willowra,100.0,-21.24,132.61,0.05,Major,Central Land Council,354.0,False,Tennant Creek,4.141184484109926,241.56909490641237,289.8829138876948,4.3,Willowra Airport,True,0.8052303163547079,,,False,Remote (road),C65,83b89dfffffffff,84b89d7ffffffff,85b89d77fffffff,86b89d767ffffff,87b89d761ffffff
AMPILATWATJA,32,27,78,68,40,Ampilatwatja,100.0,-21.66,135.23,0.06,Major,Central Land Council,491.0,False,Tennant Creek,4.256836533630064,248.31546446175378,297.9785573541045,0.6,Ampilatwatja Airport,True,0.8277182148725126,,,False,Remote (road),C66,83b891fffffffff,84b8919ffffffff,85b89193fffffff,86b89191fffffff,87b89191effffff
LAJAMANU,62,56,65,65,86,Lajamanu,100.0,-18.34,130.64,0.04,Major,Central Land Council,703.0,False,Tennant Creek,6.868251875713153,400.6480260832673,480.77763129992076,0.4,Hooker Creek Airport,True,1.3354934202775577,LAJAMANU ROAD,"11,12,1,2,3,4",False,"Remote, cut in the wet",C67,8394c3fffffffff,8494c33ffffffff,8594c32bfffffff,8694c32afffffff,8794c32aaffffff
ALPURRURULAM,36,22,55,30,73,Alpurrurulam,100.0,-20.98,137.85,0.01,Major,Central Land Council,494.0,False,Tennant Creek,7.016425965446083,409.29151465102154,491.1498175812258,1.9,Alpurrurulam Airport,True,1.3643050488367385,SANDOVER HIGHWAY,"12,1,2,3,4",False,"Remote, cut in the wet",C68,83b896fffffffff,84b896dffffffff,85b896dbfffffff,86b896d8fffffff,87b896d88ffffff
ROBINSON RIVER,12,20,71,61,33,Robinson River,100.0,-16.76,136.98,0.02,Major,Northern Land Council,261.0,False,Tennant Creek,7.47422579968591,435.9965049816781,523.1958059780137,5.9,Robinson River Airport,True,1.4533216832722602,,,True,"Remote, cut in the wet",C69,839c40fffffffff,849c40bffffffff,859c40a7fffffff,869c40a67ffffff,879c40a64ffffff
