community,overcrowded_2017,overcrowded_2022,pct_2017,pct_2022,houses_est
ALI CURUNG,38,25,54,40,62
ALPURRURULAM,36,22,55,30,73
AMANBIDJI,4,6,27,40,15
AMOONGUNA,13,4,30,15,27
AMPILATWATJA,32,27,78,68,40
ANGURUGU,76,68,58,46,148
APATULA (FINKE),15,7,44,21,33
AREYONGA,19,16,59,55,29
ATITJERE,12,12,52,44,27
BARUNGA,36,25,64,35,71
BELYUEN,10,12,24,29,41
BESWICK,49,54,74,66,82
BINJARI,16,28,67,72,39
BULLA,6,3,29,20,15
BULMAN - WEEMOL,25,25,69,68,37
CANTEEN CREEK,12,13,52,54,24
DAGURAGU,26,21,65,60,35
ENGAWALA,9,16,50,76,21
EPENARRA (WUTUNUGURRA),11,12,65,39,31
GALIWINKU,141,184,75,77,239
GAPUWIYAK,70,98,73,80,122
GUNBALANYA,70,76,46,46,165
GUNYANGARA,13,17,48,68,25
HAASTS BLUFF,9,7,69,70,10
HERMANNSBURG (NTARIA),52,50,54,50,100
IMANGARA,4,8,29,53,15
IMANPA,7,8,30,40,20
JILKMINGGAN,19,18,63,62,29
KALKARINDJI,31,26,61,46,57
KALTUKATJARA,22,21,48,51,41
KINTORE,38,32,68,50,64
KYBROOK FARM,9,7,75,58,12
LAJAMANU,62,56,65,65,86
LARAMBA,19,18,48,47,38
MANINGRIDA,188,213,71,73,292
MANYALLALUK,7,10,47,71,14
MILIKAPITI,36,31,38,31,100
MILINGIMBI,104,98,90,84,117
MILYAKBURRA,15,9,50,33,27
MINJILANG,18,17,45,41,41
MINYERRI,31,53,97,96,55
MOUNT LIEBIG,13,14,50,58,24
MUTITJULU,19,22,59,71,31
NAUIYU,41,38,63,63,60
NGANMARRIYANGA,28,30,72,67,45
NGUKURR,91,98,77,66,148
NTURIYA,2,1,11,7,14
NUMBULWAR,72,58,63,49,118
NYIRRIPI,10,15,24,38,39
PAPUNYA,30,26,68,55,47
PEPPIMENARTI,12,15,43,60,25
PIGEON HOLE,7,10,64,56,18
PIRLANGIMPI,33,26,38,25,104
PMARA JUTUNTA,14,8,45,25,32
RAMINGINING,70,76,82,77,99
RITTARANGU,6,7,67,58,12
ROBINSON RIVER,12,20,71,61,33
SANTA TERESA,56,40,61,41,98
TARA,5,3,28,18,17
UMBAKUMBA,33,37,46,52,71
WADEYE,177,172,72,67,257
WALLACE ROCKHOLE,3,0,21,0,14
WARRUWI,31,27,50,48,56
WILLOWRA,20,17,51,53,32
WILORA,9,1,45,6,17
WURRUMIYANGA,129,110,46,39,282
YARRALIN,17,26,61,52,50
YIRRKALA,41,47,57,55,85
YUELAMU (MT ALLEN),6,6,20,24,25
YUENDUMU,42,51,36,47,109
