ILOC_CODE_2021,Ow_o_Dw_s_S_Hou_HATSIP,Ow_o_Dw_s_SDRTHT_HATSIP,Ow_o_Dw_s_Fl_Ap_HATSIP,Ow_o_Dw_s_Oth_d_Car_HATSIP,Ow_o_Dw_s_Oth_d_Cab_h_HATSIP,Ow_o_Dw_s_Oth_d_IHTSO_HATSIP,Ow_o_Dw_s_Oth_d_HFASO_HATSIP,Ow_o_Dw_s_Oth_d_Tot_HATSIP,Ow_o_Dw_s_Ns_HATSIP,Ow_o_Tot_HATSIP,Ow_wm_Dw_s_S_Hou_HATSIP,Ow_wm_Dw_s_SDRTHT_HATSIP,Ow_wm_Dw_s_Fl_Ap_HATSIP,Ow_wm_Dw_s_Oth_d_Car_HATSIP,Ow_wm_Dw_s_Oth_d_Cab_h_HATSIP,Ow_wm_Dw_s_Oth_d_IHTSO_HATSIP,Ow_wm_Dw_s_Oth_d_HFASO_HATSIP,Ow_wm_Dw_s_Oth_d_Tot_HATSIP,Ow_wm_Dw_s_Ns_HATSIP,Ow_wm_Tot_HATSIP,R_RAg_Dw_s_S_Hou_HATSIP,R_RAg_Dw_s_SDRTHT_HATSIP,R_RAg_Dw_s_Fl_Ap_HATSIP,R_RAg_Dw_s_Oth_d_Car_HATSIP,R_RAg_Dw_s_Oth_d_Cab_h_HATSIP,R_RAg_Dw_s_Oth_d_IHTSO_HATSIP,R_RAg_Dw_s_Oth_d_HFASO_HATSIP,R_RAg_Dw_s_Oth_d_Tot_HATSIP,R_RAg_Dw_s_Ns_HATSIP,R_RAg_Tot_HATSIP,R_STHA_Dw_s_S_Hou_HATSIP,R_STHA_Dw_s_SDRTHT_HATSIP,R_STHA_Dw_s_Fl_Ap_HATSIP,R_STHA_Dw_s_Ot_d_Car_HATSIP,R_STHA_Dw_s_Ot_d_Cab_h_HATSIP,R_STHA_Dw_s_Ot_d_IHTSO_HATSIP,R_STHA_Dw_s_Ot_d_HFASO_HATSIP,R_STHA_Dw_s_Ot_d_Tot_HATSIP,R_STHA_Dw_s_Ns_HATSIP,R_STHA_Tot_HATSIP,R_Pnsh_Dw_s_S_Hou_HATSIP,R_Pnsh_Dw_s_SDRTHT_HATSIP,R_Pnsh_Dw_s_Fl_Ap_HATSIP,R_Pnsh_Dw_s_Ot_d_Car_HATSIP,R_Pnsh_Dw_s_Ot_d_Cab_h_HATSIP,R_Pnsh_Dw_s_Ot_d_IHTSO_HATSIP,R_Pnsh_Dw_s_Ot_d_HFASO_HATSIP,R_Pnsh_Dw_s_Oth_d_Tot_HATSIP,R_Pnsh_Dw_s_Ns_HATSIP,R_Pnsh_Tot_HATSIP,R_CHP_Dw_s_S_Hou_HATSIP,R_CHP_Dw_s_SDRTHT_HATSIP,R_CHP_Dw_s_Fl_Ap_HATSIP,R_CHP_Dw_s_Oth_d_Car_HATSIP,R_CHP_Dw_s_Oth_d_Cab_h_HATSIP,R_CHP_Dw_s_Oth_d_IHTSO_HATSIP,R_CHP_Dw_s_Oth_d_HFASO_HATSIP,R_CHP_Dw_s_Oth_d_Tot_HATSIP,R_CHP_Dw_s_Ns_HATSIP,R_CHP_Tot_HATSIP,R_othLT_Dw_s_S_Hou_HATSIP,R_othLT_Dw_s_SDRTHT_HATSIP,R_othLT_Dw_s_Fl_Ap_HATSIP,R_othLT_Dw_s_O_d_Car_HATSIP,R_othLT_Dw_s_O_d_Cab_h_HATSIP,R_othLT_Dw_s_O_d_IHTSO_HATSIP,R_othLT_Dw_s_O_d_HFASO_HATSIP,R_othLT_Dw_s_O_d_Tot_HATSIP,R_othLT_Dw_s_Ns_HATSIP,R_othLT_Tot_HATSIP,R_LTns_Dw_s_S_Hou_HATSIP,R_LTns_Dw_s_SDRTHT_HATSIP,R_LTns_Dw_s_Fl_Ap_HATSIP,R_LTns_Dw_s_Ot_d_Car_HATSIP,R_LTns_Dw_s_Ot_d_Cab_h_HATSIP,R_LTns_Dw_s_Ot_d_IHTSO_HATSIP,R_LTns_Dw_s_Ot_d_HFASO_HATSIP,R_LTns_Dw_s_Ot_d_Tot_HATSIP,R_LTns_Dw_s_Ns_HATSIP,R_LTns_Tot_HATSIP,R_Tot_Dw_s_S_Hou_HATSIP,R_Tot_Dw_s_SDRTHT_HATSIP,R_Tot_Dw_s_Fl_Ap_HATSIP,R_Tot_Dw_s_Oth_d_Car_HATSIP,R_Tot_Dw_s_Oth_d_Cab_h_HATSIP,R_Tot_Dw_s_Oth_d_IHTSO_HATSIP,R_Tot_Dw_s_Oth_d_HFASO_HATSIP,R_Tot_Dw_s_Oth_d_Tot_HATSIP,R_Tot_Dw_s_Ns_HATSIP,R_Tot_Tot_HATSIP,Oth_TT_Dw_s_S_Hou_HATSIP,Oth_TT_Dw_s_SDRTHT_HATSIP,Oth_TT_Dw_s_Fl_Ap_HATSIP,Oth_TT_Dw_s_Ot_d_Car_HATSIP,Oth_TT_Dw_s_Ot_d_Cab_h_HATSIP,Oth_TT_Dw_s_Ot_d_IHTSO_HATSIP,Oth_TT_Dw_s_Ot_d_HFASO_HATSIP,Oth_TT_Dw_s_Ot_d_Tot_HATSIP,Oth_TT_Dw_s_Ns_HATSIP,Oth_TT_Tot_HATSIP,TT_ns_Dw_s_S_Hou_HATSIP,TT_ns_Dw_s_SDRTHT_HATSIP,TT_ns_Dw_s_Fl_Ap_HATSIP,TT_ns_Dw_s_Oth_d_Car_HATSIP,TT_ns_Dw_s_Oth_d_Cab_h_HATSIP,TT_ns_Dw_s_Oth_d_IHTSO_HATSIP,TT_ns_Dw_s_Oth_d_HFASO_HATSIP,TT_ns_Dw_s_Oth_d_Tot_HATSIP,TT_ns_Dw_s_Ns_HATSIP,TT_ns_Tot_HATSIP,Tot_Dw_s_S_Hou_HATSIP,Tot_Dw_s_SDRTHT_HATSIP,Tot_Dw_s_Fl_Ap_HATSIP,Tot_Dw_s_Oth_d_Car_HATSIP,Tot_Dw_s_Oth_d_Cab_h_HATSIP,Tot_Dw_s_Oth_d_IHTSO_HATSIP,Tot_Dw_s_Oth_d_HFASO_HATSIP,Tot_Dw_s_Oth_d_Tot_HATSIP,Tot_Dw_s_Ns_HATSIP,Tot_Tot_HATSIP,Ow_o_Dw_s_S_Hou_Oth_h,Ow_o_Dw_s_SDRTHT_Oth_h,Ow_o_Dw_s_Fl_Ap_Oth_h,Ow_o_Dw_s_Oth_d_Car_Oth_h,Ow_o_Dw_s_Oth_d_Cab_h_Oth_h,Ow_o_Dw_s_Oth_d_IHTSO_Oth_h,Ow_o_Dw_s_Oth_d_HFASO_Oth_h,Ow_o_Dw_s_Oth_d_Tot_Oth_h,Ow_o_Dw_s_Ns_Oth_h,Ow_o_Tot_Oth_h,Ow_wm_Dw_s_S_Hou_Oth_h,Ow_wm_Dw_s_SDRTHT_Oth_h,Ow_wm_Dw_s_Fl_Ap_Oth_h,Ow_wm_Dw_s_Oth_d_Car_Oth_h,Ow_wm_Dw_s_Oth_d_Cab_h_Oth_h,Ow_wm_Dw_s_Oth_d_IHTSO_Oth_h,Ow_wm_Dw_s_Oth_d_HFASO_Oth_h,Ow_wm_Dw_s_Oth_d_Tot_Oth_h,Ow_wm_Dw_s_Ns_Oth_h,Ow_wm_Tot_Oth_h,R_RAg_Dw_s_S_Hou_Oth_h,R_RAg_Dw_s_SDRTHT_Oth_h,R_RAg_Dw_s_Fl_Ap_Oth_h,R_RAg_Dw_s_Oth_d_Car_Oth_h,R_RAg_Dw_s_Oth_d_Cab_h_Oth_h,R_RAg_Dw_s_Oth_d_IHTSO_Oth_h,R_RAg_Dw_s_Oth_d_HFASO_Oth_h,R_RAg_Dw_s_Oth_d_Tot_Oth_h,R_RAg_Dw_s_Ns_Oth_h,R_RAg_Tot_Oth_h,R_STHA_Dw_s_S_Hou_Oth_h,R_STHA_Dw_s_SDRTHT_Oth_h,R_STHA_Dw_s_Fl_Ap_Oth_h,R_STHA_Dw_s_Ot_d_Car_Oth_h,R_STHA_Dw_s_Ot_d_Cab_h_Oth_h,R_STHA_Dw_s_Ot_d_IHTSO_Oth_h,R_STHA_Dw_s_Ot_d_HFASO_Oth_h,R_STHA_Dw_s_Ot_d_Tot_Oth_h,R_STHA_Dw_s_Ns_Oth_h,R_STHA_Tot_Oth_h,R_Pnsh_Dw_s_S_Hou_Oth_h,R_Pnsh_Dw_s_SDRTHT_Oth_h,R_Pnsh_Dw_s_Fl_Ap_Oth_h,R_Pnsh_Dw_s_Ot_d_Car_Oth_h,R_Pnsh_Dw_s_Ot_d_Cab_h_Oth_h,R_Pnsh_Dw_s_Ot_d_IHTSO_Oth_h,R_Pnsh_Dw_s_Ot_d_HFASO_Oth_h,R_Pnsh_Dw_s_Oth_d_Tot_Oth_h,R_Pnsh_Dw_s_Ns_Oth_h,R_Pnsh_Tot_Oth_h,R_CHP_Dw_s_S_Hou_Oth_h,R_CHP_Dw_s_SDRTHT_Oth_h,R_CHP_Dw_s_Fl_Ap_Oth_h,R_CHP_Dw_s_Oth_d_Car_Oth_h,R_CHP_Dw_s_Oth_d_Cab_h_Oth_h,R_CHP_Dw_s_Oth_d_IHTSO_Oth_h,R_CHP_Dw_s_Oth_d_HFASO_Oth_h,R_CHP_Dw_s_Oth_d_Tot_Oth_h,R_CHP_Dw_s_Ns_Oth_h,R_CHP_Tot_Oth_h,R_othLT_Dw_s_S_Hou_Oth_h,R_othLT_Dw_s_SDRTHT_Oth_h,R_othLT_Dw_s_Fl_Ap_Oth_h,R_othLT_Dw_s_O_d_Car_Oth_h,R_othLT_Dw_s_O_d_Cab_h_Oth_h,R_othLT_Dw_s_O_d_IHTSO_Oth_h,R_othLT_Dw_s_O_d_HFASO_Oth_h,R_othLT_Dw_s_O_d_Tot_Oth_h,R_othLT_Dw_s_Ns_Oth_h,R_othLT_Tot_Oth_h,R_LTns_Dw_s_S_Hou_Oth_h,R_LTns_Dw_s_SDRTHT_Oth_h,R_LTns_Dw_s_Fl_Ap_Oth_h,R_LTns_Dw_s_Ot_d_Car_Oth_h,R_LTns_Dw_s_Ot_d_Cab_h_Oth_h,R_LTns_Dw_s_Ot_d_IHTSO_Oth_h,R_LTns_Dw_s_Ot_d_HFASO_Oth_h,R_LTns_Dw_s_Ot_d_Tot_Oth_h,R_LTns_Dw_s_Ns_Oth_h,R_LTns_Tot_Oth_h
ILOC70300101,10,0,0,0,0,0,0,0,0,10,31,0,0,0,0,0,0,0,0,31,9,0,0,0,0,0,0,0,0,11,13,0,0,0,0,0,0,0,0,13,9,0,0,0,0,0,0,0,0,6,0,0,0,0,0,0,0,0,0,0,0,0,0,0,0,0,0,0,0,0,0,0,0,0,0,0,0,0,0,0,31,0,0,0,0,0,0,0,0,31,0,0,0,0,0,0,0,0,0,0,0,0,0,0,0,0,0,0,0,0,69,0,0,0,0,0,0,0,0,75,147,0,0,0,0,0,0,0,0,147,219,4,8,0,0,0,0,0,0,224,61,11,19,0,0,0,4,4,0,97,27,0,0,0,0,0,0,0,0,27,48,6,19,0,0,0,0,0,0,72,4,0,3,0,0,0,0,0,0,9,3,0,12,0,0,0,0,0,0,16,0,0,0,0,0,0,0,0,0,0
ILOC70300102,5,3,0,0,0,0,0,0,0,10,10,4,0,0,0,0,0,0,0,16,11,3,0,0,0,0,0,0,0,14,10,0,0,0,0,0,0,0,0,10,9,3,0,0,0,0,0,0,0,11,3,0,0,0,0,0,0,0,0,3,0,0,0,0,0,0,0,0,0,0,0,0,0,0,0,0,0,0,0,0,29,4,0,0,0,0,0,0,0,40,0,0,0,0,0,0,0,0,0,0,0,0,0,0,0,0,0,0,0,0,55,9,0,0,0,0,0,0,0,63,247,37,8,0,0,0,0,0,0,290,217,23,11,0,0,0,0,0,0,256,82,80,35,0,0,0,0,0,0,197,12,0,0,0,0,0,0,0,0,9,55,35,23,0,0,0,0,0,3,107,0,0,0,0,0,0,0,0,3,3,9,3,6,0,0,0,0,0,0,19,0,0,0,0,0,0,0,0,0,0
ILOC70300201,21,0,0,0,0,0,0,0,0,21,51,0,0,0,0,0,0,0,0,49,11,0,0,0,0,0,0,0,0,13,22,0,0,0,0,0,0,0,0,22,7,0,0,0,0,0,0,0,0,8,0,0,0,0,0,0,0,0,0,0,0,0,0,0,0,0,0,0,0,0,0,0,0,0,0,0,0,0,0,0,44,0,0,0,0,0,0,0,0,47,0,0,0,0,0,0,0,0,0,0,4,0,0,0,0,0,0,0,0,4,115,3,0,0,0,0,0,0,0,119,169,4,0,0,0,0,0,0,0,172,298,4,0,0,0,0,0,0,0,303,59,3,0,0,0,0,0,0,0,65,37,0,0,0,0,0,0,0,0,37,47,3,0,0,0,0,0,0,0,48,0,0,0,0,0,0,0,0,0,0,3,0,0,0,0,0,0,0,0,8,0,0,0,0,0,0,0,0,0,0
ILOC70300202,12,0,0,0,0,0,0,0,0,12,49,0,0,0,0,0,0,0,0,49,29,0,0,0,0,0,0,0,0,29,25,0,0,0,0,0,0,0,0,25,8,0,0,0,0,0,0,0,0,8,0,0,0,0,0,0,0,0,0,0,5,0,0,0,0,0,0,0,0,5,0,0,0,0,0,0,0,0,0,0,71,0,0,0,0,0,0,0,0,71,0,0,0,0,0,0,0,0,0,0,6,0,0,0,0,0,0,0,0,6,134,0,0,0,0,0,0,0,0,134,161,0,0,0,0,0,0,0,0,162,313,3,0,0,0,0,0,0,0,314,68,0,0,0,0,0,0,0,0,67,30,0,0,0,0,0,0,0,0,30,43,6,0,0,0,0,0,0,0,44,0,0,0,0,0,0,0,0,0,0,0,0,0,0,0,0,0,0,0,0,3,0,0,0,0,0,0,0,0,3
ILOC70300301,0,0,0,0,0,0,0,0,0,0,0,0,0,0,0,0,0,0,0,0,0,0,0,0,0,0,0,0,0,0,0,0,0,0,0,0,0,0,0,0,0,0,0,0,0,0,0,0,0,0,33,0,14,0,0,0,0,0,0,50,0,0,0,0,0,0,0,0,0,0,0,0,0,0,0,0,0,0,0,0,36,0,14,0,0,0,0,0,0,51,0,0,0,0,0,0,0,0,0,0,0,0,0,0,0,0,0,0,0,0,36,0,14,0,0,0,0,0,0,51,0,0,0,0,0,0,0,0,0,0,0,0,0,0,0,0,0,0,0,0,0,0,0,0,0,0,0,0,0,0,0,0,0,0,0,0,0,0,0,0,0,0,0,0,0,0,0,0,0,0,0,0,0,0,0,0,0,0,0,0,0,0,0,0,0,0,0,0,0,0,0,0,0,0,0,0,0,0,0,0
ILOC70300302,10,3,0,0,0,0,0,0,0,7,17,9,3,0,0,0,0,0,0,32,8,9,10,0,0,0,0,0,0,31,5,69,4,0,0,0,0,0,0,75,12,9,0,0,0,0,0,0,0,20,0,0,0,0,0,0,0,0,0,3,0,0,0,0,0,0,0,0,0,4,0,0,0,0,0,0,0,0,0,0,28,87,12,0,0,0,0,0,0,128,6,0,0,0,0,0,0,0,0,3,0,0,0,0,0,0,0,0,0,4,60,100,19,0,0,0,0,0,0,181,165,70,13,0,0,0,0,0,0,245,213,93,76,0,0,0,0,0,0,376,67,156,175,0,0,0,0,0,0,401,8,104,12,0,0,0,0,0,0,125,45,53,34,0,0,0,0,0,0,136,0,4,0,0,0,0,0,0,0,4,3,8,7,0,0,0,0,0,0,21,3,0,0,0,0,0,0,0,0,7
ILOC70300303,0,0,0,0,0,0,0,0,0,0,0,0,0,0,0,0,0,0,0,0,0,0,0,0,0,0,0,0,0,0,0,0,0,0,0,0,0,0,0,0,0,0,0,0,0,0,0,0,0,0,5,0,9,0,0,0,0,0,0,13,0,0,0,0,0,0,0,0,0,0,0,0,3,0,0,0,0,0,0,3,5,0,8,0,0,0,0,0,0,16,0,0,0,0,0,0,0,0,0,0,0,0,0,0,0,0,0,0,0,0,5,0,8,0,0,0,0,0,0,16,0,0,0,0,0,0,0,0,0,0,0,0,0,0,0,0,0,0,0,0,0,0,0,0,0,0,0,0,0,0,0,0,0,0,0,0,0,0,0,0,0,0,0,0,0,0,0,0,0,0,0,0,0,0,0,0,0,0,0,0,0,0,0,0,0,0,0,0,0,0,0,0,0,0,0,0,0,0,0,0
ILOC70300304,4,0,0,0,0,0,0,0,0,4,0,0,0,0,0,0,0,0,0,0,0,0,0,0,0,0,0,0,0,0,0,0,3,0,0,0,0,0,0,9,0,0,0,0,0,0,0,0,0,0,17,0,3,0,0,0,0,0,0,18,0,0,0,0,0,0,0,0,0,0,0,0,0,0,0,0,0,0,0,0,18,0,13,0,0,0,0,0,0,36,0,0,0,0,0,0,0,0,0,0,0,0,0,0,0,0,0,0,0,3,26,0,12,0,0,0,0,0,0,40,32,0,3,0,0,0,0,0,0,38,34,0,14,0,0,0,0,0,0,44,9,0,3,0,0,0,0,0,0,14,0,20,0,0,0,0,0,0,0,24,5,0,7,0,0,0,5,5,0,13,0,0,0,0,0,0,0,0,0,0,3,0,0,0,0,0,0,0,0,3,0,6,0,0,0,0,0,0,0,6
ILOC70300401,18,0,0,0,0,0,0,0,3,24,11,0,0,0,0,0,0,0,0,11,4,0,0,0,0,0,0,0,0,4,3,0,0,0,0,0,0,0,0,3,0,0,0,0,0,0,0,0,0,0,11,0,0,0,0,0,0,0,0,11,0,0,0,0,0,0,0,0,0,0,0,0,0,0,0,0,0,0,0,0,20,0,0,0,0,0,0,0,0,20,6,0,0,0,0,0,0,0,0,6,0,0,0,0,0,0,0,0,0,0,54,0,0,0,0,0,0,0,3,59,75,0,0,12,0,0,0,17,0,96,71,0,0,6,0,0,0,6,0,82,0,0,0,0,0,0,0,0,0,0,0,0,0,0,0,0,0,0,0,0,12,0,0,0,0,0,0,0,0,15,0,0,0,0,0,0,0,0,0,0,3,0,0,0,0,0,0,4,0,9,0,0,0,0,0,0,0,0,0,0
ILOC70300402,0,0,0,0,0,0,0,0,0,0,7,0,0,0,0,0,0,0,0,7,0,0,0,0,0,0,0,0,0,0,13,8,0,0,0,0,0,0,0,23,3,0,0,0,0,0,0,0,0,3,0,8,0,0,0,0,0,0,0,8,4,0,0,0,0,0,0,0,0,3,0,0,0,0,0,0,0,0,0,0,26,11,0,0,0,0,0,0,0,40,0,0,0,0,0,0,0,0,0,0,4,0,0,0,0,0,0,0,0,6,38,17,0,0,0,0,0,0,0,50,19,0,0,0,0,0,0,0,0,25,13,0,0,0,0,0,0,0,0,15,0,0,0,0,0,0,0,0,0,3,3,6,0,0,0,0,0,0,0,9,8,0,0,0,0,0,0,0,0,8,0,0,0,0,0,0,0,0,0,3,6,0,0,0,0,0,0,0,0,6,0,0,0,0,0,0,0,0,0,0
ILOC70300403,0,0,0,0,0,0,0,0,0,0,0,0,0,0,0,0,0,0,0,0,0,0,0,0,0,0,0,0,0,0,0,0,0,0,0,0,0,0,0,0,0,0,0,0,0,0,0,0,0,0,26,0,10,0,0,0,0,0,0,35,0,0,0,0,0,0,0,0,0,0,0,0,0,0,0,0,0,0,0,0,28,0,10,0,0,0,0,0,0,44,0,0,0,0,0,0,0,0,0,0,4,0,0,0,0,0,0,0,0,4,32,0,10,0,0,0,0,0,0,46,0,0,0,0,0,0,0,0,0,0,0,0,0,0,0,0,0,0,0,0,0,0,0,0,0,0,0,0,0,0,0,0,0,0,0,0,0,0,0,0,0,0,0,0,0,0,0,0,0,0,0,0,0,0,0,0,0,0,0,0,0,0,0,0,0,0,0,0,0,0,0,0,0,0,0,0,0,0,0,0
ILOC70300404,22,0,0,0,0,0,0,0,0,20,14,0,0,0,0,0,0,0,0,18,0,0,0,0,0,0,0,0,0,0,0,0,0,0,0,0,0,0,0,0,13,0,0,0,0,0,0,0,0,12,5,0,0,0,0,0,0,0,0,8,0,0,0,0,0,0,0,0,0,0,0,0,0,0,0,0,0,0,0,0,22,0,0,0,0,0,0,0,4,23,0,0,0,0,0,0,0,0,0,0,0,0,0,0,0,0,0,0,0,0,64,0,0,4,0,0,0,0,0,63,176,0,0,20,0,0,0,23,9,205,114,0,0,0,0,0,0,4,0,122,3,0,0,0,0,0,0,0,0,5,0,0,0,0,0,0,0,0,0,0,29,0,0,0,0,0,0,0,0,30,0,0,0,0,0,0,0,0,0,0,3,0,0,0,4,0,0,7,0,6,0,0,0,0,0,0,0,0,0,0
ILOC70300501,0,0,6,0,0,0,0,0,0,6,0,0,17,0,0,0,0,0,0,17,0,0,72,0,0,0,0,0,0,72,0,0,29,0,0,0,0,0,0,29,0,0,18,0,0,0,0,0,0,20,0,0,0,0,0,0,0,0,0,0,0,0,7,0,0,0,0,0,0,7,0,0,0,0,0,0,0,0,0,0,0,0,124,0,0,0,0,0,0,124,0,0,0,0,0,0,0,0,0,0,0,0,0,0,0,0,0,0,0,4,0,0,154,0,0,0,0,0,0,159,10,0,209,0,0,0,0,0,0,215,0,0,422,0,0,0,0,0,0,420,3,0,1726,0,0,0,0,0,8,1739,0,0,20,0,0,0,0,0,0,20,3,6,238,0,0,0,0,0,4,247,0,0,7,0,0,0,0,0,0,3,0,0,98,0,0,0,0,0,0,96,0,0,8,0,0,0,0,0,0,8
ILOC70300502,8,4,0,0,0,0,0,0,0,16,21,9,0,0,0,0,0,0,0,30,11,12,38,0,0,0,0,0,0,69,0,20,16,0,0,0,0,0,0,37,7,3,6,0,0,0,0,0,0,15,0,0,0,0,0,0,0,0,0,0,0,0,0,0,0,0,0,0,0,0,0,0,0,0,0,0,0,0,0,0,19,42,61,0,0,0,0,0,0,120,0,0,3,0,0,0,0,0,0,4,0,0,0,0,0,0,0,0,0,0,46,50,68,0,0,0,0,0,0,168,229,124,44,0,0,0,0,0,0,403,236,138,109,0,0,0,0,0,0,488,130,198,489,0,0,0,0,0,0,815,5,44,68,0,0,0,0,0,0,116,49,56,66,0,0,0,0,0,0,172,4,0,12,0,0,0,0,0,0,13,9,3,9,0,0,0,0,0,0,23,0,0,0,0,0,0,0,0,0,0
ILOC70300503,3,0,0,0,0,0,0,0,0,4,0,5,4,0,0,0,0,0,0,10,3,6,28,0,0,0,0,0,0,38,0,4,0,0,0,0,0,0,0,7,0,3,4,0,0,0,0,0,0,14,0,0,0,0,0,0,0,0,0,0,3,0,0,0,0,0,0,0,0,3,0,0,0,0,0,0,0,0,0,0,8,17,35,0,0,0,0,0,0,57,0,0,0,0,0,0,0,0,0,0,0,0,0,0,0,0,0,0,0,0,8,16,46,0,0,0,0,0,0,76,89,62,103,0,0,0,0,3,0,256,65,78,156,0,0,0,0,0,0,296,33,131,527,0,0,0,0,0,0,691,6,41,23,0,0,0,0,0,0,70,13,31,88,0,0,0,0,0,0,138,0,4,0,0,0,0,0,0,0,0,90,11,45,0,0,0,0,0,0,152,0,0,3,0,0,0,0,0,0,4
ILOC70300504,6,0,5,0,0,0,0,0,0,11,15,6,18,0,0,0,0,0,0,35,8,10,50,0,0,0,0,0,0,69,0,4,0,0,0,0,0,0,0,4,0,6,5,0,0,0,0,0,0,16,0,0,0,0,0,0,0,0,0,0,0,0,3,0,0,0,0,0,0,0,0,0,0,0,0,0,0,0,0,0,4,26,62,0,0,0,0,0,0,96,0,0,0,0,0,0,0,0,0,0,0,0,5,0,0,0,0,0,0,6,31,34,85,0,0,0,0,0,0,143,203,44,126,0,8,0,0,4,0,382,274,89,308,0,0,0,0,0,0,670,136,194,664,0,0,0,0,0,0,991,0,3,6,0,0,0,0,0,0,14,43,67,130,0,0,0,0,0,0,240,0,0,0,0,0,0,0,0,0,0,13,7,47,0,0,0,0,4,0,67,0,0,4,0,0,0,0,0,0,5
ILOC70300601,17,3,0,0,0,0,0,0,0,24,104,10,0,0,0,0,0,0,0,114,28,12,4,0,0,0,0,0,0,46,78,19,3,0,0,0,0,0,0,103,19,4,0,0,0,0,0,0,0,19,0,0,0,0,0,0,0,0,0,0,0,5,0,0,0,0,0,0,0,0,0,0,0,0,0,0,0,0,0,0,130,35,10,0,0,0,0,0,0,173,3,0,0,0,0,0,0,0,0,10,4,0,0,0,0,0,0,0,0,13,268,49,17,0,0,0,0,0,0,332,243,19,0,0,0,0,0,0,0,266,434,71,5,0,0,0,0,0,0,512,74,49,36,0,0,0,0,0,0,159,66,36,19,0,0,0,0,0,0,123,63,27,0,0,0,0,0,0,0,102,0,0,0,0,0,0,0,0,0,0,14,3,0,0,0,0,0,0,0,17,0,3,0,0,0,0,0,0,0,0
ILOC70300701,3,0,0,0,0,0,0,0,0,3,12,0,0,0,0,0,0,0,0,12,0,0,0,0,0,0,0,0,0,0,0,0,0,0,0,0,0,0,0,0,7,0,0,0,0,0,0,0,0,7,0,0,0,0,0,0,0,0,0,0,0,0,0,0,0,0,0,0,0,0,0,0,0,0,0,0,0,0,0,0,7,0,0,0,0,0,0,0,0,7,11,0,0,0,0,0,0,0,0,16,0,0,0,0,0,0,0,0,0,0,34,0,0,0,0,0,0,0,0,36,52,0,0,0,0,0,0,0,0,52,108,0,0,0,0,0,0,4,0,112,4,0,0,0,0,0,0,0,0,4,0,0,0,0,0,0,0,0,0,0,13,0,0,0,0,0,0,0,0,13,0,0,0,0,0,0,0,0,0,0,0,0,0,0,0,0,0,0,0,0,0,0,0,0,0,0,0,0,0,0
ILOC70300702,24,0,0,0,0,0,0,3,0,31,35,4,0,0,0,0,0,0,0,40,5,6,15,0,0,0,0,0,0,20,0,0,0,0,0,0,0,0,0,0,16,4,3,0,0,0,0,0,0,23,0,0,0,0,0,0,0,0,0,0,0,0,0,0,0,0,0,0,0,0,0,0,0,0,0,0,0,0,0,0,22,7,13,0,0,0,0,0,0,47,3,0,0,0,0,0,0,0,0,3,0,0,0,0,0,0,0,0,0,0,93,8,13,0,0,0,0,5,0,121,253,6,0,19,3,9,0,29,0,293,359,7,3,0,0,0,0,4,0,375,52,19,76,0,0,0,0,4,0,155,0,0,0,0,0,0,0,0,0,0,66,4,0,0,0,0,0,0,0,79,0,0,0,0,0,0,0,0,0,0,0,0,0,9,5,0,0,15,3,21,0,0,0,0,0,0,0,0,0,0
ILOC70300703,21,0,0,0,0,0,0,0,0,19,50,0,0,0,0,0,0,0,0,50,5,0,0,0,0,0,0,0,0,5,0,0,0,0,0,0,0,0,0,0,15,0,0,0,0,0,0,0,0,15,0,0,0,0,0,0,0,0,0,0,0,0,0,0,0,0,0,0,0,0,0,0,0,0,0,0,0,0,0,0,25,0,0,0,0,0,0,0,0,24,4,0,0,0,0,0,0,0,0,4,4,0,0,0,0,0,0,0,0,4,108,5,0,0,0,0,0,0,0,109,217,0,0,8,0,0,0,11,3,232,353,0,0,5,0,0,0,6,0,365,26,0,0,0,0,0,0,0,0,28,5,0,0,0,0,0,0,0,0,5,53,0,0,0,0,0,0,6,0,61,0,0,0,0,0,0,0,0,0,0,9,0,0,4,5,0,0,4,0,15,5,0,0,0,0,0,0,0,0,5
ILOC70300704,28,0,0,0,0,0,0,0,0,34,75,0,0,0,0,0,0,0,0,79,6,0,0,0,0,0,0,0,0,13,0,0,0,0,0,0,0,0,0,0,14,0,0,0,0,0,0,0,0,16,0,0,0,0,0,0,0,0,0,0,0,0,0,0,0,0,0,0,0,9,0,0,0,0,0,0,0,0,0,0,20,4,0,0,0,0,0,0,0,28,0,0,0,0,0,0,0,0,0,0,3,0,0,0,0,0,0,0,0,4,136,4,0,6,0,0,0,8,0,145,334,0,0,40,8,0,0,48,3,385,541,0,0,5,0,0,0,4,0,543,46,0,0,0,0,0,0,0,3,46,0,0,0,0,0,0,0,0,0,0,81,12,0,0,0,0,0,0,0,93,0,0,0,0,0,0,0,0,0,0,10,3,0,8,18,0,0,23,9,42,5,0,0,0,0,0,0,0,0,5
ILOC70300705,49,0,0,0,0,0,0,0,0,59,166,0,0,0,0,0,0,0,0,163,27,4,0,0,0,0,0,0,0,32,0,0,0,0,0,0,0,0,0,5,28,6,0,0,0,0,0,0,0,28,6,0,0,0,0,0,0,0,0,6,0,0,0,0,0,0,0,0,0,0,0,0,0,0,0,0,0,0,0,0,64,4,0,0,0,0,0,0,0,66,3,0,0,0,0,0,0,0,0,3,16,0,0,0,0,0,0,0,0,14,290,8,3,0,0,0,0,0,0,304,571,4,0,12,0,0,0,14,0,588,1325,10,0,0,0,0,0,0,0,1337,117,8,0,0,0,0,0,0,0,125,0,3,0,0,0,0,0,0,0,8,154,6,0,0,0,0,0,0,0,170,0,0,0,0,0,0,0,0,0,0,21,0,0,3,0,0,0,3,0,28,3,0,0,0,0,0,0,0,0,3
ILOC70300706,0,0,0,0,0,0,0,0,0,0,0,0,0,0,0,0,0,0,0,0,0,0,0,0,0,0,0,0,0,0,4,0,0,0,0,0,0,0,0,4,4,0,0,0,0,0,0,0,0,4,5,0,0,0,0,0,0,0,0,5,0,0,0,0,0,0,0,0,0,0,0,0,0,0,0,0,0,0,0,0,20,0,5,0,0,0,0,0,0,17,0,0,0,0,0,0,0,0,0,0,0,0,0,0,0,0,0,0,0,0,16,0,5,0,0,0,0,0,0,19,40,0,0,0,0,0,0,0,0,39,23,5,0,0,0,0,0,0,0,33,4,0,0,0,0,0,0,0,0,4,0,0,0,0,0,0,0,0,0,0,9,0,0,0,0,0,0,0,0,11,0,0,0,0,0,0,0,0,0,0,8,0,0,0,0,0,0,0,0,8,0,0,0,0,0,0,0,0,0,0
ILOC70300801,14,0,0,0,0,0,0,0,0,14,66,7,0,0,0,0,0,0,0,65,22,9,0,0,0,0,0,0,0,31,60,57,0,0,0,0,0,0,0,117,9,0,0,0,0,0,0,0,0,11,5,6,0,0,0,0,0,0,0,8,0,0,0,0,0,0,0,0,0,0,0,3,0,0,0,0,0,0,0,3,101,74,0,0,0,0,0,0,0,167,0,0,0,0,0,0,0,0,0,0,4,3,0,0,0,0,0,0,0,3,172,79,0,0,0,0,0,0,0,257,164,30,0,0,0,0,0,0,0,200,250,43,0,0,0,0,0,0,0,292,51,35,0,0,0,0,0,0,0,86,43,46,0,0,0,0,0,0,0,86,38,13,0,0,0,0,0,0,0,58,0,3,0,0,0,0,0,0,0,4,4,0,0,0,0,0,0,0,0,4,6,0,0,0,0,0,0,0,0,6
ILOC70300901,11,0,0,6,0,0,0,12,0,15,16,4,10,0,0,0,0,0,0,25,7,8,11,0,0,0,0,0,0,28,7,0,39,0,0,0,0,0,0,46,4,0,4,0,0,0,0,0,0,14,19,0,0,0,0,0,0,0,0,17,6,0,0,0,0,0,0,0,0,3,0,0,0,0,0,0,0,0,0,0,42,11,61,0,0,0,0,4,0,123,0,0,0,0,0,0,0,0,0,0,0,0,7,0,0,0,0,0,0,7,66,14,74,8,3,0,0,11,0,167,113,12,61,65,0,0,0,63,0,257,229,56,59,5,0,0,0,0,0,347,49,64,49,0,0,0,0,0,0,165,10,34,11,0,0,0,0,0,0,57,33,22,38,7,0,0,0,6,0,99,4,0,0,0,0,0,0,0,0,4,84,5,3,10,9,0,0,22,3,113,5,0,0,0,0,0,0,0,0,5
ILOC70301001,15,0,0,0,0,0,0,0,0,15,29,0,0,0,0,0,0,0,0,29,0,0,0,0,0,0,0,0,0,6,25,0,0,0,0,0,0,0,0,25,3,0,0,0,0,0,0,0,0,3,0,0,0,0,0,0,0,0,0,0,0,0,0,0,0,0,0,0,0,0,0,0,0,0,0,0,0,0,0,0,33,0,0,0,0,0,0,0,0,32,0,0,0,0,0,0,0,0,0,0,3,0,0,0,0,0,0,0,0,3,75,0,0,0,0,0,0,0,0,74,149,0,0,0,0,0,0,0,0,149,245,0,0,0,0,0,0,0,0,245,37,0,12,0,0,0,0,0,0,51,20,0,0,0,0,0,0,0,0,20,37,0,0,0,0,0,0,0,0,35,0,0,0,0,0,0,0,0,0,0,4,0,0,0,0,0,0,0,0,4,0,0,0,0,0,0,0,0,0,0
ILOC70301002,10,0,0,0,0,0,0,0,0,16,16,7,5,0,0,0,0,0,0,22,8,4,3,0,0,0,0,0,0,18,26,3,3,0,0,0,0,0,0,28,0,0,4,0,0,0,0,0,0,10,0,0,0,0,0,0,0,0,0,0,4,0,0,0,0,0,0,0,0,4,0,0,0,0,0,0,0,0,0,0,39,3,12,0,0,0,0,0,0,60,3,0,0,0,0,0,0,0,0,3,5,0,0,0,0,0,0,0,0,5,72,8,19,0,0,0,0,0,4,106,149,18,29,0,0,0,0,0,0,190,165,28,53,0,0,0,0,0,0,245,47,37,156,0,0,0,0,0,0,243,26,7,14,0,0,0,0,0,0,51,34,19,36,0,0,0,0,0,0,87,0,0,0,0,0,0,0,0,0,3,3,0,11,0,0,0,0,0,0,19,6,0,4,0,0,0,0,0,0,8
ILOC70301101,17,0,0,0,0,0,0,0,0,17,23,0,0,0,0,0,0,0,0,22,13,3,0,0,0,0,0,0,0,9,16,0,0,0,0,0,0,0,0,16,8,3,0,0,0,0,0,0,0,14,0,0,0,0,0,0,0,0,0,0,0,0,0,0,0,0,0,0,0,0,0,0,0,0,0,0,0,0,0,0,35,7,0,0,0,0,0,0,0,41,0,0,0,0,0,0,0,0,0,0,0,4,0,0,0,0,0,0,0,0,73,9,0,0,0,0,0,0,0,85,137,6,0,0,0,0,0,0,0,142,222,8,0,0,0,0,0,0,0,224,36,23,0,0,0,0,0,0,0,62,28,0,0,0,0,0,0,0,0,25,36,29,0,0,0,0,0,0,0,65,0,0,0,0,0,0,0,0,0,0,7,5,0,0,0,0,0,0,0,15,0,6,0,0,0,0,0,0,0,6
ILOC70301102,12,0,0,0,0,0,0,0,0,12,25,3,0,0,0,0,0,0,0,24,8,0,0,0,0,0,0,0,0,12,16,0,0,0,0,0,0,0,0,16,9,0,0,0,0,0,0,0,0,9,0,0,0,0,0,0,0,0,0,0,0,0,0,0,0,0,0,0,0,0,0,0,0,0,0,0,0,0,0,0,38,0,0,0,0,0,0,0,0,41,0,0,0,0,0,0,0,0,0,0,5,0,0,0,0,0,0,0,0,5,77,4,0,0,0,0,0,0,0,79,119,3,0,0,0,0,0,0,0,122,184,15,0,0,0,0,0,0,0,198,44,50,6,0,0,0,0,0,0,100,25,4,0,0,0,0,0,0,0,23,43,24,3,0,0,0,0,0,0,74,0,0,0,0,0,0,0,0,0,6,6,10,0,0,0,0,0,0,0,16,0,0,0,0,0,0,0,0,0,0
ILOC70301103,9,0,0,0,0,0,0,0,0,9,12,0,0,0,0,0,0,0,0,12,15,0,0,0,0,0,0,0,0,15,10,0,12,0,0,0,0,0,0,16,9,0,0,0,0,0,0,0,0,9,0,0,0,0,0,0,0,0,0,0,0,0,0,0,0,0,0,0,0,0,0,0,0,0,0,0,0,0,0,0,31,0,12,0,0,0,0,0,0,44,0,0,0,0,0,0,0,0,0,0,0,0,0,0,0,0,0,0,0,6,58,0,9,0,0,0,0,0,0,68,142,0,3,0,0,0,0,0,0,140,212,0,0,0,0,0,0,0,0,213,49,0,3,0,0,0,0,0,0,49,12,0,20,0,0,0,0,0,0,36,35,0,6,0,0,0,0,0,0,40,6,0,0,0,0,0,0,0,0,6,5,0,3,0,0,0,0,0,0,5,0,0,0,0,0,0,0,0,0,0
ILOC70301201,10,0,5,0,0,0,0,0,0,8,11,0,10,0,0,0,0,0,0,15,12,5,31,0,0,0,0,0,0,43,0,0,4,0,0,0,0,0,0,3,0,0,4,0,0,0,0,0,0,11,0,3,0,0,0,0,0,0,0,0,0,0,0,0,0,0,0,0,0,5,0,0,6,0,0,0,0,0,0,3,13,10,45,0,0,0,0,0,0,68,0,0,0,0,0,0,0,0,0,0,0,0,0,0,0,0,0,0,0,4,31,11,57,0,0,0,0,0,0,102,186,16,83,0,0,0,0,0,3,288,195,30,124,0,0,0,0,0,0,354,72,54,418,0,0,0,0,0,3,542,6,0,14,0,0,0,0,0,0,16,39,13,120,0,0,0,0,0,0,174,0,0,0,0,0,0,0,0,0,0,3,4,14,0,0,0,0,0,0,20,0,0,5,0,0,0,0,0,0,3
ILOC70301202,9,0,3,0,0,0,0,0,0,14,18,0,0,0,0,0,0,0,0,21,3,0,29,0,0,0,0,0,0,35,11,0,7,0,0,0,0,0,0,15,3,0,12,0,0,0,0,0,0,13,0,0,0,0,0,0,0,0,0,0,0,0,4,0,0,0,0,0,0,4,0,0,0,0,0,0,0,0,0,0,23,0,43,0,0,0,0,0,0,65,0,0,0,0,0,0,0,0,0,0,0,0,4,0,0,0,0,0,0,4,55,0,51,0,0,0,0,0,0,106,144,0,86,0,0,0,0,0,0,227,198,5,91,0,0,0,0,0,0,291,74,17,358,0,0,0,0,0,0,448,11,0,7,0,0,0,0,0,0,19,45,0,119,0,0,0,0,0,0,168,0,0,0,0,0,0,0,0,0,0,0,0,17,0,0,0,0,0,0,19,0,0,0,0,0,0,0,0,0,0
ILOC70301301,23,0,0,0,0,0,0,0,0,24,325,11,17,0,0,0,0,0,0,353,210,48,55,0,0,0,0,0,0,308,10,21,6,0,0,0,0,0,0,36,43,12,7,0,0,0,0,0,0,63,0,0,0,0,0,0,0,0,0,0,36,0,0,0,0,0,0,0,0,35,0,0,0,0,0,0,0,0,0,0,296,76,75,0,0,0,0,0,0,448,13,0,0,0,0,0,0,0,0,13,4,0,5,0,0,0,0,0,0,12,660,100,95,0,0,0,0,0,0,851,316,32,41,0,0,0,0,0,0,395,2135,156,127,0,0,0,0,0,0,2412,879,261,416,0,0,0,0,0,3,1569,27,63,53,0,0,0,0,0,0,145,207,57,61,0,0,0,0,0,0,330,3,0,10,0,0,0,0,0,0,12,230,13,12,0,0,0,0,0,0,258,9,0,3,0,0,0,0,0,0,8
ILOC70301302,3,0,0,0,0,0,0,0,0,3,33,0,8,0,0,0,0,0,0,42,28,9,18,0,0,0,0,0,0,55,32,0,10,0,0,0,0,0,0,40,9,0,5,0,0,0,0,0,0,15,0,0,0,0,0,0,0,0,0,0,0,0,0,0,0,0,0,0,0,0,0,0,0,0,0,0,0,0,0,0,70,7,28,0,0,0,0,0,0,116,0,0,0,0,0,0,0,0,0,0,4,0,0,0,0,0,0,0,0,6,116,12,41,0,0,0,0,0,0,165,92,3,21,0,0,0,0,0,0,113,254,7,53,0,0,0,0,0,0,320,85,19,111,0,0,0,0,0,3,215,19,4,15,0,0,0,0,0,0,35,34,6,26,0,0,0,0,0,0,66,0,0,5,0,0,0,0,0,0,8,5,0,0,0,0,0,0,0,0,5,0,0,0,0,0,0,0,0,0,0
ILOC70301303,15,0,0,0,0,0,0,0,0,15,69,0,0,0,0,0,0,0,0,67,63,14,8,0,0,0,0,0,0,79,0,0,3,0,0,0,0,0,0,4,12,5,0,0,0,0,0,0,0,15,0,0,0,0,0,0,0,0,0,0,6,0,0,0,0,0,0,0,0,9,0,0,0,0,0,0,0,0,0,0,84,14,8,0,0,0,0,0,0,111,0,0,0,0,0,0,0,0,0,8,0,0,0,0,0,0,0,0,0,3,168,21,10,0,0,0,0,0,0,197,231,11,3,0,0,5,0,5,0,244,792,18,6,0,0,0,0,0,0,812,460,49,71,0,0,0,0,0,0,582,0,9,15,0,0,0,0,0,0,17,99,10,0,0,0,4,0,4,0,107,0,6,0,0,0,0,0,0,0,6,38,3,0,0,0,0,0,0,0,44,0,0,0,0,0,0,0,0,0,0
ILOC70301304,8,0,3,0,0,0,0,0,0,10,53,0,9,0,0,0,0,0,0,59,32,3,25,0,0,0,0,0,0,63,53,0,78,0,0,0,0,0,0,124,13,0,6,0,0,0,0,0,0,20,0,0,0,0,0,0,0,0,0,0,0,0,0,0,0,0,0,0,0,0,0,0,4,0,0,0,0,0,0,4,97,3,110,0,0,0,0,0,0,210,0,0,0,0,0,0,0,0,0,0,5,0,23,0,0,0,0,0,0,24,157,4,143,0,0,0,0,0,0,303,103,0,19,0,0,0,0,0,0,122,256,5,77,0,0,0,0,0,0,338,83,8,92,0,0,0,0,0,0,179,32,0,68,0,0,0,0,0,0,100,41,4,30,0,0,0,0,0,0,73,0,0,0,0,0,0,0,0,0,0,0,0,0,0,0,0,0,0,0,0,0,0,0,0,0,0,0,0,0,3
ILOC70301305,13,0,0,0,0,0,0,0,0,13,63,0,0,0,0,0,0,0,0,68,30,10,3,0,0,0,0,0,0,36,85,4,18,0,0,0,0,0,0,109,16,0,3,0,0,0,0,0,0,22,4,0,0,0,0,0,0,0,0,4,0,0,0,0,0,0,0,0,0,4,0,0,0,0,0,0,0,0,0,0,132,19,30,0,0,0,0,0,0,177,3,0,0,0,0,0,0,0,0,4,5,0,0,0,0,0,0,0,0,5,216,17,28,0,0,0,0,0,0,266,76,0,8,0,0,0,0,0,0,93,298,13,24,0,0,0,0,0,0,332,64,5,18,0,0,0,0,0,0,89,46,9,36,0,0,0,0,0,0,87,46,3,4,0,0,0,0,0,0,60,3,0,0,0,0,0,0,0,0,7,3,0,0,0,0,0,0,0,0,6,0,0,0,0,0,0,0,0,0,3
ILOC70301306,0,0,0,0,0,0,0,0,0,0,0,0,0,0,0,0,0,0,0,0,0,0,0,0,0,0,0,0,0,0,0,0,0,0,0,0,0,0,0,0,0,0,0,0,0,0,0,0,0,0,10,0,0,0,0,0,0,0,0,10,0,0,0,0,0,0,0,0,0,0,0,0,0,0,0,0,0,0,0,0,10,0,0,0,0,0,0,0,0,10,0,0,0,0,0,0,0,0,0,0,0,0,0,0,0,0,0,0,0,0,15,0,0,0,0,0,0,0,0,15,0,0,0,0,0,0,0,0,0,0,0,0,0,0,0,0,0,0,0,0,0,0,0,0,0,0,0,0,0,0,0,0,0,0,0,0,0,0,0,0,0,0,0,0,0,0,0,0,0,0,0,0,0,0,0,0,0,0,0,0,0,0,0,0,0,0,0,0,0,0,0,0,0,0,0,0,0,0,0,0
ILOC70301307,7,0,0,0,0,0,0,0,0,5,78,6,0,0,0,0,0,0,0,80,47,8,0,0,0,0,0,0,0,53,21,52,4,0,0,0,0,0,0,74,15,6,0,0,0,0,0,0,0,18,0,0,0,0,0,0,0,0,0,0,0,0,0,0,0,0,0,0,0,0,0,0,0,0,0,0,0,0,0,0,94,58,4,0,0,0,0,0,0,152,0,3,0,0,0,0,0,0,0,3,0,4,0,0,0,0,0,0,0,7,177,73,4,0,0,0,0,0,0,255,123,4,0,0,0,0,0,0,0,130,376,22,0,0,0,0,0,0,0,398,107,25,0,0,0,0,0,0,0,137,19,57,0,0,0,0,0,0,0,81,70,13,0,0,0,0,0,0,0,84,0,0,0,0,0,0,0,0,0,0,0,0,0,0,0,0,0,0,0,4,0,0,0,0,0,0,0,0,0,0
ILOC70301401,17,0,8,0,0,0,0,0,0,22,77,0,8,0,0,0,0,0,0,87,57,0,19,0,0,0,0,0,0,79,14,0,9,0,0,0,0,0,0,21,16,0,7,0,0,0,0,0,0,25,0,0,0,0,0,0,0,0,0,0,36,0,3,0,0,0,0,0,0,43,0,0,0,0,0,0,0,0,0,0,129,0,44,0,0,0,0,0,0,173,3,0,3,0,0,0,0,0,0,8,3,0,3,0,0,0,0,0,0,13,234,0,60,0,0,0,0,0,0,298,407,6,72,30,0,0,0,30,0,511,1049,25,142,0,0,0,0,0,0,1220,331,18,143,0,0,0,0,0,0,484,37,0,50,0,0,0,0,0,0,86,97,3,48,0,0,0,0,0,0,148,0,0,5,0,0,0,0,0,0,5,425,8,36,3,0,0,0,3,0,471,0,0,5,0,0,0,0,0,0,5
ILOC70301402,12,0,0,0,0,0,0,0,0,12,28,0,0,0,0,0,0,0,0,28,15,0,5,0,0,0,0,0,0,19,31,0,0,0,0,0,0,0,0,31,12,0,3,0,0,0,0,0,0,13,0,0,0,0,0,0,0,0,0,0,0,0,0,0,0,0,0,0,0,0,0,0,0,0,0,0,0,0,0,0,53,0,5,0,0,0,0,0,0,64,3,0,0,0,0,0,0,0,0,3,0,0,0,0,0,0,0,0,0,0,91,0,5,0,0,0,0,0,0,96,160,0,28,0,0,0,0,0,0,187,224,0,26,0,0,0,0,0,0,246,57,0,61,0,0,0,0,0,0,121,11,0,5,0,0,0,0,0,0,9,40,0,22,0,0,0,0,0,0,61,0,0,9,0,0,0,0,0,0,10,3,0,8,0,0,0,0,0,0,18,0,0,0,0,0,0,0,0,0,0
ILOC70400101,12,0,0,0,0,7,0,3,0,22,7,0,0,0,0,0,0,0,0,7,0,0,0,0,0,0,0,0,0,0,0,0,0,0,0,0,0,0,0,0,0,0,0,0,0,0,0,0,0,0,10,0,0,0,0,0,0,0,0,10,0,0,0,0,0,0,0,0,0,0,0,0,0,0,0,0,0,0,0,0,11,0,0,0,0,0,0,0,0,17,8,3,0,0,0,0,0,0,0,9,0,0,0,0,0,0,0,0,0,0,39,3,0,0,0,7,0,3,0,46,24,0,0,0,0,0,0,3,4,27,7,0,0,4,0,0,0,4,0,6,0,0,0,0,0,0,0,0,0,0,0,0,0,0,0,0,0,0,0,0,0,0,0,0,0,0,0,0,0,0,0,0,0,0,0,0,0,0,0,0,7,0,0,0,0,0,0,0,0,6,0,0,0,0,0,0,0,0,0,0
ILOC70400102,0,0,0,0,0,0,0,0,0,0,0,0,0,0,0,0,0,0,0,0,0,0,0,0,0,0,0,0,0,0,0,0,0,0,0,0,0,0,0,0,0,0,0,0,0,0,0,0,0,0,8,0,0,0,0,0,0,0,0,8,0,0,0,0,0,0,0,0,0,0,0,0,0,0,0,0,0,0,0,0,8,0,0,0,0,0,0,0,0,8,0,0,0,0,0,0,0,0,0,0,5,0,0,0,0,0,0,0,0,5,12,0,0,0,0,0,0,0,0,12,0,0,0,0,0,0,0,0,0,0,0,0,0,0,0,0,0,0,0,0,0,0,0,0,0,0,0,0,0,0,0,0,0,0,0,0,0,0,0,0,0,0,0,0,0,0,0,0,0,0,0,0,0,0,0,0,0,0,0,0,0,0,0,0,0,0,0,0,0,0,0,0,0,0,0,0,0,0,0,0
ILOC70400103,0,0,0,0,0,0,0,0,0,0,0,0,0,0,0,0,0,0,0,0,0,0,0,0,0,0,0,0,0,0,17,7,0,0,0,0,0,0,0,28,0,0,0,0,0,0,0,0,0,0,19,12,0,0,0,0,0,0,0,29,0,0,0,0,0,0,0,0,0,0,0,0,0,0,0,0,0,0,0,0,39,22,0,0,0,0,0,0,0,63,0,0,0,0,0,0,0,0,0,0,0,0,0,0,0,0,0,0,0,0,44,25,0,0,0,0,0,0,0,62,0,0,0,0,0,0,0,0,0,0,0,0,0,0,0,0,0,0,0,0,0,0,0,0,0,0,0,0,0,0,0,0,0,0,0,0,0,0,0,0,0,0,0,0,0,0,0,0,0,0,0,0,0,0,0,0,0,0,0,0,0,0,0,0,0,0,0,0,0,0,0,0,0,0,0,0,0,0,0,0
ILOC70400104,0,0,0,0,0,0,0,0,0,0,0,0,0,0,0,0,0,0,0,0,0,0,0,0,0,0,0,0,0,0,32,0,0,0,0,0,0,0,0,37,0,0,0,0,0,0,0,0,0,0,10,0,0,0,0,0,0,0,0,15,0,0,0,0,0,0,0,0,0,0,3,0,0,0,0,0,0,0,0,3,45,0,0,0,0,0,0,0,0,50,0,0,0,0,0,0,0,0,0,0,0,0,0,0,0,0,0,0,0,0,49,0,0,0,0,0,0,0,0,53,0,0,0,0,0,0,0,0,0,0,0,0,0,0,0,0,0,0,0,0,0,0,0,0,0,0,0,0,0,0,0,0,0,0,0,0,0,0,0,0,0,0,0,0,0,0,0,0,0,0,0,0,0,0,0,0,0,0,0,0,0,0,0,0,0,0,0,0,0,0,0,0,0,0,0,0,0,0,0,0
ILOC70400105,0,0,0,0,0,0,0,0,0,0,0,0,0,0,0,0,0,0,0,0,0,0,0,0,0,0,0,0,0,0,3,0,0,0,0,0,0,0,0,3,0,0,0,0,0,0,0,0,0,0,17,0,0,0,0,0,0,0,0,17,0,0,0,0,0,0,0,0,0,0,0,0,0,0,0,0,0,0,0,0,22,0,0,0,0,0,0,0,0,22,0,0,0,0,0,0,0,0,0,0,0,0,0,0,0,0,0,0,0,0,27,0,0,0,0,0,0,0,0,27,0,0,0,0,0,0,0,0,0,0,0,0,0,0,0,0,0,0,0,0,0,0,0,0,0,0,0,0,0,0,0,0,0,0,0,0,0,0,0,0,0,0,0,0,0,0,0,0,0,0,0,0,0,0,0,0,0,0,0,0,0,0,0,0,0,0,0,0,0,0,0,0,0,0,0,0,0,0,0,0
ILOC70400106,4,0,0,0,0,0,0,0,0,4,0,0,0,0,0,0,0,0,0,0,0,0,0,0,0,0,0,0,0,0,11,0,0,0,0,0,0,0,0,10,0,0,0,0,0,0,0,0,0,0,3,5,0,0,0,0,0,0,0,6,0,0,0,0,0,0,0,0,0,0,0,0,0,0,0,0,0,0,0,0,16,0,0,0,0,0,0,0,0,26,0,0,0,0,0,0,0,0,0,0,0,0,0,0,0,0,0,0,0,0,21,0,0,0,0,0,0,0,0,27,17,0,0,0,0,0,0,0,4,22,10,5,0,3,0,0,0,3,0,13,0,0,0,0,0,0,0,0,0,0,0,0,3,0,0,0,0,0,0,5,11,0,0,0,0,0,0,0,0,14,0,0,0,0,0,0,0,0,0,0,4,0,0,0,0,0,0,0,0,4,0,0,0,0,0,0,0,0,0,0
ILOC70400201,0,0,0,0,0,0,0,0,0,0,0,0,0,0,0,0,0,0,0,0,4,0,0,0,0,0,0,0,0,0,6,0,0,0,0,0,0,0,0,6,0,0,0,0,0,0,0,0,0,0,7,0,0,0,0,0,0,0,0,12,15,16,3,0,0,0,0,0,0,28,0,0,0,0,0,0,0,0,0,0,35,16,3,0,0,0,0,0,0,53,8,0,0,0,0,0,0,0,0,10,0,3,0,0,0,0,0,0,0,8,43,22,7,0,0,0,0,0,0,69,0,0,0,7,0,0,0,7,0,7,5,0,0,0,0,0,0,0,0,0,0,0,0,0,0,0,0,0,0,0,3,0,0,0,0,0,0,0,0,4,3,0,0,0,0,0,0,0,0,0,0,3,4,0,0,0,0,0,0,6,59,27,15,3,0,3,0,0,0,106,0,3,0,0,0,0,0,0,0,3
ILOC70400202,11,0,0,0,0,0,0,0,0,11,12,0,0,0,0,0,0,0,0,12,0,0,0,0,0,0,0,0,0,0,3,0,0,0,0,0,0,0,0,3,0,0,0,0,0,0,0,0,0,0,8,0,0,0,0,0,0,0,0,8,13,0,0,0,0,0,0,0,0,17,0,0,0,0,0,0,0,0,0,0,24,0,0,0,0,0,0,0,0,31,19,0,0,4,0,0,0,4,0,20,0,0,0,0,0,0,0,0,0,0,68,0,0,4,0,0,0,3,0,71,77,0,0,13,0,3,0,20,5,95,69,0,0,0,0,0,0,0,3,74,4,0,0,0,0,0,0,0,0,0,0,0,0,0,0,0,0,0,0,0,9,0,0,0,0,0,0,0,0,10,0,0,0,0,0,0,0,0,0,0,4,0,0,6,0,3,0,9,4,15,0,0,0,0,0,0,0,0,0,0
ILOC70400203,0,0,0,0,0,0,0,0,0,0,0,0,0,0,0,0,0,0,0,0,0,0,0,0,0,0,0,0,0,0,0,0,0,0,0,0,0,0,0,0,0,0,0,0,0,0,0,0,0,0,3,0,0,0,0,0,0,0,0,3,0,0,0,0,0,0,0,0,0,0,0,0,0,0,0,0,0,0,0,0,3,0,0,0,0,0,0,0,0,3,0,0,0,0,0,0,0,0,0,0,0,0,0,0,0,0,0,0,0,0,5,0,0,0,0,0,0,0,0,5,0,0,0,0,0,0,0,0,0,0,0,0,0,0,0,0,0,0,0,0,0,0,0,0,0,0,0,0,0,0,0,0,0,0,0,0,0,0,0,0,0,0,0,0,0,0,0,0,0,0,0,0,0,0,0,0,0,0,0,0,0,0,0,0,0,0,0,0,0,0,0,0,0,0,0,0,0,0,0,0
ILOC70400301,5,0,0,0,0,0,0,0,0,5,0,0,0,0,0,0,0,0,0,0,0,0,0,0,0,0,0,0,0,0,35,0,0,0,0,0,0,0,0,35,0,0,0,0,0,0,0,0,0,0,250,11,0,0,0,0,0,0,0,264,0,0,0,0,0,0,0,0,0,3,0,0,0,0,0,0,0,0,0,0,287,12,0,0,0,0,0,0,0,305,7,0,0,0,0,0,0,0,0,10,0,0,0,0,0,0,0,0,0,0,299,16,0,0,0,0,0,0,0,315,3,0,0,0,0,0,0,0,0,3,0,0,0,0,0,0,0,0,0,0,0,0,0,0,0,0,0,0,0,0,0,0,0,0,0,0,0,0,0,0,0,0,0,0,0,0,0,0,0,0,0,0,0,0,0,0,0,0,0,0,18,6,0,0,0,0,0,0,0,19,0,0,0,0,0,0,0,0,0,0
ILOC70400302,0,0,0,0,0,0,0,0,0,0,0,0,0,0,0,0,0,0,0,0,0,0,0,0,0,0,0,0,0,0,0,0,0,0,0,0,0,0,0,0,0,0,0,0,0,0,0,0,0,0,20,0,0,0,0,0,0,0,0,28,0,0,0,0,0,0,0,0,0,0,0,0,0,0,0,0,0,0,0,0,26,0,0,0,0,0,0,0,0,29,17,0,0,0,0,0,0,0,0,16,4,0,0,0,0,0,0,0,0,4,44,0,0,0,0,0,0,0,0,46,0,0,0,0,0,0,0,0,0,0,0,0,0,0,0,0,0,0,0,0,0,0,0,0,0,0,0,0,0,0,0,0,0,0,0,0,0,0,0,0,0,0,0,0,0,0,0,0,0,0,0,0,0,0,0,0,0,0,0,0,0,0,0,0,0,0,0,0,0,0,0,0,0,0,0,0,0,0,0,0
ILOC70400401,0,0,0,0,0,0,0,0,0,0,0,0,0,0,0,0,0,0,0,0,0,0,0,0,0,0,0,0,0,0,0,0,0,0,0,0,0,0,0,0,0,0,0,0,0,0,0,0,0,0,8,0,0,0,0,0,0,0,0,8,0,0,0,0,0,0,0,0,0,0,0,0,0,0,0,0,0,0,0,0,13,0,0,0,0,0,0,0,0,13,9,0,0,0,0,5,0,5,0,19,0,0,0,0,0,0,0,0,0,0,31,0,0,0,0,8,0,8,0,36,0,0,0,0,0,0,0,0,0,0,0,0,0,0,0,0,0,0,0,0,0,0,0,0,0,0,0,0,0,0,0,0,0,0,0,0,0,0,0,0,0,0,0,0,0,0,0,0,0,0,0,0,0,0,0,0,0,0,0,0,0,0,0,0,0,0,0,0,0,0,0,0,0,0,0,0,0,0,0,0
ILOC70400402,0,0,0,0,0,0,0,0,0,0,0,0,0,0,0,0,0,0,0,0,0,0,0,0,0,0,0,0,0,0,135,14,0,0,3,0,0,3,0,153,0,0,0,0,0,0,0,0,0,0,13,0,0,0,0,0,0,0,0,13,9,0,0,0,0,0,0,0,0,9,0,0,0,0,0,0,0,0,0,0,148,14,0,0,3,0,0,3,0,166,5,0,0,0,0,0,0,0,0,5,0,0,0,0,0,0,0,0,0,0,155,16,0,0,3,0,0,3,0,179,0,0,0,0,0,0,0,0,0,0,0,0,0,0,0,0,0,0,0,0,0,0,0,0,0,0,0,0,0,0,0,0,0,0,0,0,0,0,0,0,0,0,0,0,0,0,0,0,0,0,0,0,0,0,0,0,0,0,0,0,14,0,0,0,0,0,0,0,0,20,0,0,0,0,0,0,0,0,0,0
ILOC70400403,0,0,0,0,0,0,0,0,0,0,0,0,0,0,0,0,0,0,0,0,0,0,0,0,0,0,0,0,0,0,3,0,0,0,0,0,0,0,0,3,0,0,0,0,0,0,0,0,0,0,0,0,0,0,0,0,0,0,0,0,0,0,0,0,0,0,0,0,0,0,0,0,0,0,0,0,0,0,0,0,3,0,0,0,0,0,0,0,0,3,0,0,0,0,0,0,0,0,0,0,0,0,0,0,0,0,0,0,0,0,12,0,0,0,0,0,0,0,0,12,0,0,0,0,0,0,0,0,0,0,0,0,0,0,0,0,0,0,0,0,0,0,0,0,0,0,0,0,0,0,0,0,0,0,0,0,0,0,0,0,0,0,0,0,0,0,0,0,0,0,0,0,0,0,0,0,0,0,0,0,0,0,0,0,0,0,0,0,0,0,0,0,0,0,0,0,0,0,0,0
ILOC70400404,0,0,0,0,0,0,0,0,0,0,0,0,0,0,0,0,0,0,0,0,0,0,0,0,0,0,0,0,0,0,0,0,0,0,0,0,0,0,0,0,0,0,0,0,0,0,0,0,0,0,6,0,0,0,0,0,0,0,0,6,0,0,0,0,0,0,0,0,0,0,0,0,0,0,0,0,0,0,0,0,6,0,0,0,0,0,0,0,0,6,6,0,0,0,0,0,0,0,0,6,0,0,0,0,0,0,0,0,0,0,12,0,0,0,0,0,0,0,0,12,0,0,0,0,0,0,0,0,0,0,0,0,0,0,0,0,0,0,0,0,0,0,0,0,0,0,0,0,0,0,0,0,0,0,0,0,0,0,0,0,0,0,0,0,0,0,0,0,0,0,0,0,0,0,0,0,0,0,0,0,0,0,0,0,0,0,0,0,0,0,0,0,0,0,0,0,0,0,0,0
ILOC70400405,0,0,0,0,0,0,0,0,0,0,0,0,0,0,0,0,0,0,0,0,0,0,0,0,0,0,0,0,0,0,29,0,0,0,0,0,0,0,0,31,0,0,0,0,0,0,0,0,0,0,9,0,0,0,0,0,0,0,0,9,0,0,0,0,0,0,0,0,0,0,0,0,0,0,0,0,0,0,0,0,39,0,0,0,0,0,0,0,0,39,0,0,0,0,0,0,0,0,0,0,0,0,0,0,0,0,0,0,0,0,42,0,0,0,0,0,0,0,0,44,0,0,0,0,0,0,0,0,0,0,0,0,0,0,0,0,0,0,0,0,0,0,0,0,0,0,0,0,0,0,0,0,0,0,0,0,0,0,0,0,0,0,0,0,0,0,0,0,0,0,0,0,0,0,0,0,0,0,0,0,0,0,0,0,0,0,0,0,0,0,0,0,0,0,0,0,0,0,0,0
ILOC70400406,0,0,0,0,0,0,0,0,0,0,0,0,0,0,0,0,0,0,0,0,0,0,0,0,0,0,0,0,0,0,54,7,0,0,0,0,0,0,0,61,0,0,0,0,0,0,0,0,0,0,0,0,0,0,0,0,0,0,0,0,3,0,0,0,0,0,0,0,0,3,0,0,0,0,0,0,0,0,0,0,56,7,0,0,0,0,0,0,0,65,0,0,0,0,0,0,0,0,0,0,0,0,0,0,0,0,0,0,0,0,56,7,0,0,0,0,0,0,0,63,0,0,0,0,0,0,0,0,0,0,0,0,0,0,0,0,0,0,0,0,0,0,0,0,0,0,0,0,0,0,0,0,0,0,0,0,0,0,0,0,0,0,0,0,0,0,0,0,0,0,0,0,0,0,0,0,0,0,0,0,5,0,0,0,0,0,0,0,0,5,0,0,0,0,0,0,0,0,0,0
ILOC70400501,19,0,0,0,0,0,0,0,0,18,0,0,0,0,0,0,0,0,0,0,0,0,0,0,0,0,0,0,0,0,4,0,0,0,0,0,0,0,0,4,0,0,0,0,0,0,0,0,0,0,8,0,0,0,0,0,0,0,0,8,0,0,0,0,0,0,0,0,0,0,0,0,0,0,0,0,0,0,0,0,19,0,0,0,0,0,0,0,0,19,0,0,0,0,0,0,0,0,0,0,0,0,0,0,0,0,0,0,0,0,37,0,0,0,0,0,0,0,0,36,0,0,0,0,0,0,0,0,0,0,0,0,0,0,0,0,0,0,0,0,0,0,0,0,0,0,0,0,0,0,0,0,0,0,0,0,0,0,0,0,0,0,0,0,0,0,0,0,0,0,0,0,0,0,0,0,0,0,0,0,0,0,0,0,0,0,0,0,0,0,0,0,0,0,0,0,0,0,0,0
ILOC70400502,3,0,0,0,0,0,0,0,0,3,0,0,0,0,0,0,0,0,0,0,0,0,0,0,0,0,0,0,0,0,46,10,0,0,0,0,0,0,0,53,0,0,0,0,0,0,0,0,0,0,126,35,0,0,3,0,0,3,0,170,0,0,0,0,0,0,0,0,0,9,7,5,0,0,0,0,0,0,0,10,181,50,0,0,3,0,0,3,0,242,3,4,0,0,9,0,0,9,0,11,6,0,0,0,0,0,0,0,0,10,192,55,0,0,11,0,0,11,7,259,0,0,0,0,0,0,0,0,0,0,0,0,0,0,0,0,0,0,0,0,0,0,0,0,0,0,0,0,0,0,4,0,0,0,0,0,0,0,0,3,0,0,0,0,0,0,0,0,0,0,5,0,0,0,0,0,0,0,0,5,20,5,0,0,0,0,0,0,0,29,0,0,0,0,0,0,0,0,0,0
ILOC70400601,0,0,0,0,0,0,0,0,0,0,0,0,0,0,0,0,0,0,0,0,0,0,0,0,0,0,0,0,0,0,73,0,3,0,0,0,0,0,0,82,0,0,0,0,0,0,0,0,0,0,9,0,0,0,0,0,0,0,0,9,4,0,0,0,0,0,0,0,0,4,0,0,0,0,0,0,0,0,0,0,84,0,3,0,0,0,0,0,0,94,0,0,0,0,0,0,0,0,0,0,6,0,0,0,0,0,0,0,0,4,92,0,4,0,0,0,0,0,0,101,0,0,0,0,0,0,0,0,0,0,0,0,0,0,0,0,0,0,0,0,0,0,0,0,0,0,0,0,0,0,0,0,0,0,0,0,0,0,0,0,0,0,0,0,0,0,0,0,0,0,0,0,0,0,0,0,0,0,0,0,0,0,0,0,0,0,0,0,0,0,0,0,0,0,0,0,0,0,0,0
ILOC70400602,0,0,0,0,0,0,0,0,0,0,0,0,0,0,0,0,0,0,0,0,0,0,0,0,0,0,0,0,0,0,48,0,10,0,0,0,0,0,0,58,0,0,0,0,0,0,0,0,0,0,20,0,6,0,0,0,0,0,0,20,3,0,0,0,0,0,0,0,0,3,0,0,0,0,0,0,0,0,0,0,73,0,13,0,0,0,0,0,0,90,4,0,0,0,0,0,0,0,0,4,0,0,0,0,0,0,0,0,0,0,79,0,13,0,0,0,0,0,0,88,0,0,0,0,0,0,0,0,0,0,0,0,0,0,0,0,0,0,0,0,0,0,0,0,0,0,0,0,0,0,3,0,0,0,0,0,0,0,0,4,0,0,0,0,0,0,0,0,0,0,0,0,0,0,0,0,0,0,0,0,0,0,0,0,0,0,0,0,0,0,0,0,0,0,0,0,0,0,0,0
ILOC70400603,0,0,0,0,0,0,0,0,0,0,0,0,0,0,0,0,0,0,0,0,0,0,0,0,0,0,0,0,0,0,3,7,0,0,0,0,0,0,0,10,0,0,0,0,0,0,0,0,0,0,0,0,0,0,0,0,0,0,0,0,0,4,0,0,0,0,0,0,0,4,0,0,0,0,0,0,0,0,0,0,3,6,0,0,0,0,0,0,0,17,9,3,0,0,0,0,0,0,0,5,0,0,0,0,0,0,0,0,0,0,13,9,0,0,3,0,0,3,0,24,0,0,0,0,0,0,0,0,0,0,0,0,0,0,0,0,0,0,0,0,0,0,0,0,0,0,0,0,0,0,0,0,0,0,0,0,0,0,0,0,0,0,0,0,0,0,0,0,0,0,0,0,0,0,0,0,0,0,0,0,0,0,0,0,0,0,0,0,0,0,0,0,0,0,0,0,0,0,0,0
ILOC70400604,23,4,0,0,0,0,0,0,0,26,0,0,0,0,0,0,0,0,0,7,0,0,0,0,0,0,0,0,0,0,168,13,26,0,0,0,0,0,0,203,0,0,0,0,0,0,0,0,0,0,49,0,0,0,0,0,0,0,0,55,3,0,4,0,0,0,0,0,0,9,5,0,0,0,0,0,0,0,0,5,227,14,29,0,0,0,0,0,0,275,4,0,0,0,0,0,0,0,0,9,3,0,0,0,0,0,0,0,0,5,261,18,32,0,0,0,0,0,3,316,0,0,0,0,0,0,0,0,0,0,0,0,0,0,0,0,0,0,0,0,0,0,0,0,0,0,0,0,0,0,4,0,0,0,0,0,0,0,0,4,0,0,0,0,0,0,0,0,0,0,0,0,0,0,0,0,0,0,0,5,8,0,0,0,0,0,0,0,0,13,0,0,0,0,0,0,0,0,0,0
ILOC70500101,0,0,0,3,0,0,0,3,0,5,0,0,0,0,0,0,0,0,0,0,0,0,0,0,0,0,0,0,0,0,12,0,0,0,0,0,0,0,0,15,0,0,0,0,0,0,0,0,0,0,32,6,0,0,0,0,0,0,0,31,6,0,0,0,0,0,0,0,0,6,0,0,0,0,0,0,0,0,0,0,48,3,0,0,0,0,0,3,0,59,9,0,0,0,0,0,0,0,0,12,0,0,0,0,0,0,0,0,0,4,57,7,3,0,0,0,0,3,0,70,4,0,0,3,3,0,0,5,0,13,3,0,0,0,0,0,0,0,0,5,0,0,0,0,0,0,0,0,0,0,0,0,0,0,0,0,0,0,0,0,0,0,0,0,0,0,0,0,0,0,0,0,0,0,0,0,0,0,0,0,7,0,0,0,0,0,0,0,0,6,0,0,0,0,0,0,0,0,0,0
ILOC70500102,0,0,0,0,0,0,0,0,0,0,0,0,0,0,0,0,0,0,0,0,0,0,0,0,0,0,0,0,0,0,0,0,0,0,0,0,0,0,0,0,0,0,0,0,0,0,0,0,0,0,15,4,0,0,0,0,0,0,0,26,4,0,0,0,0,0,0,0,0,4,0,0,0,0,0,0,0,0,0,0,21,4,0,0,0,0,0,0,0,27,10,0,0,0,0,0,0,0,0,4,0,0,0,0,0,0,0,0,0,0,29,4,0,0,0,0,0,0,0,36,5,0,0,0,0,0,0,0,0,5,0,0,0,0,0,0,0,0,0,0,0,0,0,0,0,0,0,0,0,0,0,0,0,0,0,0,0,0,0,0,0,0,0,0,0,0,0,0,0,0,0,0,0,0,0,0,0,0,0,0,0,0,0,0,0,0,0,0,0,5,0,0,0,0,0,0,0,0,0,0
ILOC70500103,0,0,0,0,0,0,0,0,0,0,0,0,0,0,0,0,0,0,0,0,0,0,0,0,0,0,0,0,0,0,0,0,0,0,0,0,0,0,0,0,0,0,0,0,0,0,0,0,0,0,18,5,0,0,0,0,0,0,0,19,0,0,0,0,0,0,0,0,0,0,0,0,0,0,0,0,0,0,0,0,18,5,0,0,0,0,0,0,0,19,0,0,0,0,0,0,0,0,0,0,0,0,0,0,0,0,0,0,0,0,16,5,0,0,0,0,0,0,0,25,0,0,0,0,0,0,0,0,0,0,0,0,0,0,0,0,0,0,0,0,0,0,0,0,0,0,0,0,0,0,0,0,0,0,0,0,0,0,0,0,0,0,0,0,0,0,0,0,0,0,0,0,0,0,0,0,0,0,0,0,0,0,0,0,0,0,0,0,0,0,0,0,0,0,0,0,0,0,0,0
ILOC70500201,0,0,0,0,0,0,0,0,0,0,0,0,0,0,0,0,0,0,0,0,0,0,0,0,0,0,0,0,0,0,4,0,0,0,0,0,0,0,0,4,0,0,0,0,0,0,0,0,0,0,28,0,0,0,0,0,0,0,0,26,0,0,0,0,0,0,0,0,0,0,0,0,0,0,0,0,0,0,0,0,29,0,0,0,0,0,0,0,0,32,0,0,0,0,0,0,0,0,0,0,0,0,0,0,0,0,0,0,0,0,29,0,0,0,0,0,0,0,0,32,0,0,0,0,0,0,0,0,0,0,0,0,0,0,0,0,0,0,0,0,0,0,0,0,0,0,0,0,0,0,0,0,0,0,0,0,0,0,0,0,0,0,0,0,0,0,0,0,0,0,0,0,0,0,0,0,0,0,0,0,0,0,0,0,0,0,0,0,0,0,0,0,0,0,0,0,0,0,0,0
ILOC70500202,0,0,0,0,0,0,0,0,0,0,0,0,0,0,0,0,0,0,0,0,0,0,0,0,0,0,0,0,0,0,29,23,0,0,0,0,0,0,0,49,0,0,0,0,0,0,0,0,0,0,10,0,0,0,0,0,0,0,0,10,0,0,0,0,0,0,0,0,0,0,0,0,0,0,0,0,0,0,0,0,37,23,0,0,0,0,0,0,0,57,0,0,0,0,0,0,0,0,0,0,3,0,0,0,0,0,0,0,0,3,42,23,0,0,0,0,0,0,0,60,0,0,0,0,0,0,0,0,0,5,0,0,0,0,0,0,0,0,0,4,0,0,0,0,0,0,0,0,0,0,0,0,0,0,0,0,0,0,0,0,0,0,0,0,0,0,0,0,0,0,0,0,0,0,0,0,0,0,0,0,4,0,0,0,0,0,0,0,0,3,0,0,0,0,0,0,0,0,0,0
ILOC70500301,0,0,0,0,0,0,0,0,0,0,0,0,0,0,0,0,0,0,0,0,0,0,0,0,0,0,0,0,0,0,38,14,0,0,0,0,0,0,0,56,0,0,0,0,0,0,0,0,0,0,10,0,0,0,0,0,0,0,0,10,0,0,0,0,0,0,0,0,0,0,0,0,0,0,0,0,0,0,0,0,50,23,0,0,0,0,0,0,0,67,0,0,0,0,0,0,0,0,0,0,0,0,0,0,0,0,0,0,0,0,52,23,0,0,0,0,0,0,0,70,0,0,0,0,0,0,0,0,0,0,0,0,0,0,0,0,0,0,0,0,0,0,0,0,0,0,0,0,0,0,0,0,0,0,0,0,0,0,0,0,0,0,0,0,0,0,0,0,0,0,0,0,0,0,0,0,0,0,0,0,3,0,0,0,0,0,0,0,0,3,0,0,0,0,0,0,0,0,0,0
ILOC70500303,3,0,0,0,0,0,0,0,0,3,0,0,0,0,0,0,0,0,0,0,0,0,0,0,0,0,0,0,0,0,4,0,0,0,0,0,0,0,0,3,0,0,0,0,0,0,0,0,0,0,4,3,0,0,0,0,0,0,0,3,3,0,0,0,0,0,0,0,0,0,0,0,0,0,0,0,0,0,0,0,10,3,0,0,0,0,0,0,0,12,0,0,0,0,0,0,0,0,0,0,0,0,0,0,0,0,0,0,0,0,18,3,0,0,0,0,0,0,0,26,12,0,0,15,0,0,0,18,3,33,3,0,0,0,0,0,0,0,3,9,0,0,0,0,0,0,0,0,0,0,0,0,0,0,0,0,0,0,0,0,0,0,0,0,0,0,0,0,0,0,0,0,0,0,0,0,0,0,0,0,8,0,0,0,0,0,0,0,0,5,0,0,0,0,0,0,0,0,0,0
ILOC70500304,4,0,0,0,0,0,0,0,0,4,0,0,0,0,0,0,0,0,0,0,0,0,0,0,0,0,0,0,0,0,20,0,0,0,0,0,0,0,0,20,0,0,0,0,0,0,0,0,0,0,3,0,0,0,0,0,0,0,0,3,0,0,0,0,0,0,0,0,0,0,0,0,0,0,0,0,0,0,0,0,24,0,0,0,0,0,0,0,0,24,0,0,0,0,0,0,0,0,0,0,0,0,0,0,0,0,0,0,0,0,29,0,0,0,0,0,0,0,0,29,0,0,0,0,0,0,0,0,0,0,0,0,0,0,0,0,0,0,0,0,0,0,0,0,0,0,0,0,0,0,0,0,0,0,0,0,0,0,0,0,0,0,0,0,0,0,0,0,0,0,0,0,0,0,0,0,0,0,0,0,0,0,0,0,0,0,0,0,0,0,0,0,0,0,0,0,0,0,0,0
ILOC70500305,0,0,0,0,0,0,0,0,0,0,0,0,0,0,0,0,0,0,0,0,0,0,0,0,0,0,0,0,0,0,9,0,10,0,0,0,0,0,0,16,0,0,0,0,0,0,0,0,0,0,0,0,0,0,0,0,0,0,0,0,0,0,0,0,0,0,0,0,0,0,0,0,0,0,0,0,0,0,0,0,9,0,10,0,0,0,0,0,0,16,0,0,0,0,0,0,0,0,0,0,0,0,0,0,0,0,0,0,0,0,9,0,10,0,0,0,0,0,0,16,0,0,0,0,0,0,0,0,0,0,0,0,0,0,0,0,0,0,0,0,0,0,0,0,0,0,0,0,0,0,0,0,0,0,0,0,0,0,0,0,0,0,0,0,0,0,0,0,0,0,0,0,0,0,0,0,0,0,0,0,0,0,0,0,0,0,0,0,0,0,0,0,0,0,0,0,0,0,0,0
ILOC70500306,0,0,0,0,0,0,0,0,0,0,0,0,0,0,0,0,0,0,0,0,0,0,0,0,0,0,0,0,0,0,3,0,0,0,0,0,0,0,0,3,0,0,0,0,0,0,0,0,0,0,3,5,0,0,0,0,0,5,0,7,0,0,0,0,0,0,0,0,0,3,0,0,0,0,0,0,0,0,0,0,7,5,0,0,0,0,0,0,0,18,0,0,0,0,0,0,0,0,0,5,0,0,0,0,0,0,0,0,0,0,13,5,0,0,0,0,0,3,0,18,10,0,0,11,0,0,0,11,0,27,3,0,0,0,0,0,0,0,0,7,0,0,0,0,0,0,0,0,0,0,4,0,0,0,0,0,0,0,0,4,8,0,0,0,0,0,0,0,0,8,0,0,0,0,0,0,0,0,0,0,9,0,0,4,0,0,0,4,0,7,0,0,0,0,0,0,0,0,0,0
ILOC70500307,0,0,0,0,0,0,0,0,0,0,0,0,0,0,0,0,0,0,0,0,0,0,0,0,0,0,0,0,0,0,51,8,5,0,0,0,0,0,0,69,0,0,0,0,0,0,0,0,0,0,0,0,0,0,0,0,0,0,0,0,0,0,0,0,0,0,0,0,0,0,0,0,0,0,0,0,0,0,0,0,55,8,5,0,0,0,0,0,0,70,0,3,0,0,0,0,0,0,0,3,0,0,0,0,0,0,0,0,0,0,55,15,5,0,0,0,0,0,0,72,0,0,0,0,0,0,0,0,0,0,0,0,0,0,0,0,0,0,0,0,0,0,0,0,0,0,0,0,0,0,0,0,0,0,0,0,0,0,0,0,0,0,0,0,0,0,0,0,0,0,0,0,0,0,0,0,0,0,0,0,0,0,0,0,0,0,0,0,0,0,0,0,0,0,0,0,0,0,0,0
ILOC70500308,0,0,0,0,0,0,0,0,0,0,0,0,0,0,0,0,0,0,0,0,0,0,0,0,0,0,0,0,0,0,13,0,5,0,0,0,0,0,0,19,0,0,0,0,0,0,0,0,0,0,0,0,0,0,0,0,0,0,0,0,0,0,0,0,0,0,0,0,0,0,0,0,0,0,0,0,0,0,0,0,19,0,5,0,0,0,0,0,0,23,0,0,0,0,0,0,0,0,0,5,0,0,0,0,0,0,0,0,0,0,21,0,5,0,0,0,0,0,0,24,0,0,0,0,0,0,0,0,0,0,0,0,0,0,0,0,0,0,0,0,0,0,0,0,0,0,0,0,0,0,0,0,0,0,0,0,0,0,0,0,0,0,0,0,0,0,0,0,0,0,0,0,0,0,0,0,0,0,0,0,0,0,0,0,0,0,0,0,0,0,0,0,0,0,0,0,0,0,0,0
ILOC70500309,0,0,0,0,0,0,0,0,0,0,0,0,0,0,0,0,0,0,0,0,0,0,0,0,0,0,0,0,0,0,9,0,4,0,0,0,0,0,0,13,0,0,0,0,0,0,0,0,0,0,0,0,0,0,0,0,0,0,0,0,0,0,0,0,0,0,0,0,0,0,0,0,0,0,0,0,0,0,0,0,9,0,4,0,0,0,0,0,0,13,0,0,0,0,0,0,0,0,0,0,0,0,0,0,0,0,0,0,0,0,7,0,4,0,0,0,0,0,0,12,0,0,0,0,0,0,0,0,0,0,0,0,0,0,0,0,0,0,0,0,0,0,0,0,0,0,0,0,0,0,0,0,0,0,0,0,0,0,0,0,0,0,0,0,0,0,0,0,0,0,0,0,0,0,0,0,0,0,0,0,0,0,0,0,0,0,0,0,0,0,0,0,0,0,0,0,0,0,0,0
ILOC70500401,9,0,0,0,0,0,0,0,0,5,0,0,0,0,0,0,0,0,0,0,0,0,0,0,0,0,0,0,0,0,0,0,0,0,0,0,0,0,0,0,0,0,0,0,0,0,0,0,0,0,8,0,0,0,0,0,0,0,0,8,0,0,0,0,0,0,0,0,0,0,0,0,0,0,0,0,0,0,0,0,7,0,0,0,0,0,0,0,0,7,8,0,0,0,0,0,0,0,0,9,0,0,0,0,0,0,0,0,0,0,22,0,0,0,0,0,0,3,0,26,9,0,0,23,0,16,0,38,0,43,0,0,0,0,0,0,0,0,0,0,0,0,0,0,0,0,0,0,0,0,0,0,0,0,0,0,0,0,0,0,0,0,0,0,0,0,0,0,0,0,0,0,0,0,0,0,0,0,0,0,0,0,0,3,0,0,0,7,0,6,0,0,0,0,0,0,0,0,0,0
ILOC70500402,0,0,0,0,0,0,0,0,0,0,0,0,0,0,0,0,0,0,0,0,0,0,0,0,0,0,0,0,0,0,58,0,0,0,0,0,0,0,0,58,0,0,0,0,0,0,0,0,0,0,0,0,0,0,0,0,0,0,0,4,0,0,0,0,0,0,0,0,0,0,0,0,0,0,0,0,0,0,0,0,59,0,0,0,0,0,0,0,0,57,0,0,0,0,0,0,0,0,0,0,3,0,0,0,0,0,0,0,0,3,59,0,0,0,0,0,0,0,0,61,0,0,0,0,0,0,0,0,0,0,0,0,0,0,0,0,0,0,0,0,0,0,0,0,0,0,0,0,0,0,0,0,0,0,0,0,0,0,0,0,0,0,0,0,0,0,0,0,0,0,0,0,0,0,0,0,0,0,0,0,0,0,0,0,0,0,0,0,0,0,0,0,0,0,0,0,0,0,0,0
ILOC70500403,0,0,0,0,0,0,0,0,0,0,0,0,0,0,0,0,0,0,0,0,0,0,0,0,0,0,0,0,0,0,14,4,0,0,0,0,0,0,0,18,0,0,0,0,0,0,0,0,0,0,0,0,0,0,0,0,0,0,0,0,0,0,0,0,0,0,0,0,0,0,0,0,0,0,0,0,0,0,0,0,14,4,0,0,0,0,0,0,0,18,0,0,0,0,0,0,0,0,0,0,0,0,0,0,0,0,0,0,0,0,13,4,0,0,0,0,0,0,0,15,0,0,0,0,0,0,0,0,0,0,0,0,0,0,0,0,0,0,0,0,0,0,0,0,0,0,0,0,0,0,0,0,0,0,0,0,0,0,0,0,0,0,0,0,0,0,0,0,0,0,0,0,0,0,0,0,0,0,0,0,0,0,0,0,0,0,0,0,0,0,0,0,0,0,0,0,0,0,0,0
ILOC70500404,0,0,0,0,0,0,0,0,0,0,0,0,0,0,0,0,0,0,0,0,0,0,0,0,0,0,0,0,0,0,11,3,0,0,0,0,0,0,0,15,0,0,0,0,0,0,0,0,0,0,14,0,0,0,0,0,0,0,0,13,0,0,0,0,0,0,0,0,0,0,0,0,0,0,0,0,0,0,0,0,22,3,0,0,0,0,0,0,0,32,4,0,0,0,0,0,0,0,0,3,0,0,0,0,0,0,0,0,0,0,26,3,0,0,0,0,0,0,5,34,0,0,0,0,0,0,0,0,0,0,0,0,0,0,0,0,0,0,0,0,0,0,0,0,0,0,0,0,0,0,0,0,0,0,0,0,0,0,0,0,0,0,0,0,0,0,0,0,0,0,0,0,0,0,0,0,0,0,0,0,0,0,0,0,0,0,0,0,0,0,0,0,0,0,0,0,0,0,0,0
ILOC70500405,0,0,0,0,0,0,0,0,0,0,0,0,0,0,0,0,0,0,0,0,0,0,0,0,0,0,0,0,0,0,0,0,0,0,0,0,0,0,0,0,0,0,0,0,0,0,0,0,0,0,0,0,0,0,0,0,0,0,0,0,0,0,0,0,0,0,0,0,0,0,0,0,0,0,0,0,0,0,0,0,5,0,0,0,0,0,0,0,0,5,0,0,0,0,0,0,0,0,0,0,0,0,0,0,0,0,0,0,0,0,5,0,0,0,0,0,0,0,0,9,0,0,0,0,0,0,0,0,0,0,0,0,0,0,0,0,0,0,0,0,0,0,0,0,0,0,0,0,0,0,0,0,0,0,0,0,0,0,0,0,0,0,0,0,0,0,0,0,0,0,0,0,0,0,0,0,0,0,0,0,0,0,0,0,0,0,0,0,0,0,0,0,0,0,0,0,0,0,0,0
ILOC70500501,0,0,0,0,0,0,0,0,0,0,0,0,0,0,0,0,0,0,0,0,0,0,0,0,0,0,0,0,0,0,16,6,0,0,0,0,0,0,0,19,0,0,0,0,0,0,0,0,0,0,15,7,0,0,0,0,0,0,0,15,0,0,0,0,0,0,0,0,0,0,0,0,0,0,0,0,0,0,0,0,33,5,0,0,0,0,0,0,0,37,0,0,0,0,0,0,0,0,0,0,0,0,0,0,0,0,0,0,0,0,33,5,0,0,0,0,0,0,0,37,0,0,0,0,0,0,0,0,0,0,0,0,0,0,0,0,0,0,0,0,0,0,0,0,0,0,0,0,0,0,0,0,0,0,0,0,0,0,0,0,0,0,0,0,0,0,0,0,0,0,0,0,0,0,0,0,0,0,0,0,0,0,0,0,0,0,0,0,0,0,0,0,0,0,0,0,0,0,0,0
ILOC70500502,51,0,0,0,0,0,0,0,0,54,155,0,0,0,0,0,0,0,0,165,92,27,0,0,0,0,0,0,0,115,90,62,19,0,0,0,0,0,3,177,31,4,0,0,0,0,0,0,0,39,10,8,0,0,0,0,0,0,0,23,40,9,0,6,0,0,0,6,3,52,0,0,0,0,0,0,0,0,0,4,266,113,17,6,0,0,0,6,6,409,11,6,0,0,0,0,0,0,0,16,11,21,10,0,0,0,0,0,0,48,498,139,31,5,0,0,0,9,12,690,335,7,0,23,0,4,0,26,20,388,500,18,0,0,5,0,0,5,10,539,255,136,10,0,0,0,0,0,5,405,38,50,0,0,0,0,0,0,0,84,139,20,0,3,4,0,0,8,3,177,0,0,0,0,0,0,0,0,0,5,271,33,6,4,0,0,0,14,16,329,8,0,0,0,0,0,0,0,0,6
ILOC70500503,0,0,0,0,0,0,0,0,0,0,0,0,0,0,0,0,0,0,0,0,0,0,0,0,0,0,0,0,0,0,0,0,0,0,0,0,0,0,0,0,0,0,0,0,0,0,0,0,0,0,31,0,0,0,0,0,0,0,0,35,0,0,0,0,0,0,0,0,0,0,0,0,0,0,0,0,0,0,0,0,31,0,0,0,0,0,0,0,0,35,0,0,0,0,0,0,0,0,0,0,0,0,0,0,0,0,0,0,0,0,35,0,0,0,0,0,0,0,0,37,0,0,0,0,0,0,0,0,0,3,0,0,0,0,0,0,0,0,0,0,0,0,0,0,0,0,0,0,0,0,0,0,0,0,0,0,0,0,0,0,0,0,0,0,0,0,0,0,0,0,0,0,0,0,0,0,0,0,0,0,0,3,0,0,0,0,0,0,0,5,0,0,0,0,0,0,0,0,0,0
ILOC70500504,0,0,0,0,0,0,0,0,0,0,0,0,0,0,0,0,0,0,0,0,0,0,0,0,0,0,0,0,0,0,0,0,0,0,0,0,0,0,0,0,0,0,0,0,0,0,0,0,0,0,18,0,0,0,0,0,0,0,0,18,0,0,0,0,0,0,0,0,0,0,0,0,0,0,0,0,0,0,0,0,18,0,0,0,0,0,0,0,0,18,0,0,0,0,0,0,0,0,0,0,0,0,0,0,0,0,0,0,0,0,18,0,0,0,0,0,0,0,0,18,0,0,0,0,0,0,0,0,0,0,0,0,0,0,0,0,0,0,0,0,0,0,0,0,0,0,0,0,0,0,0,0,0,0,0,0,0,0,0,0,0,0,0,0,0,0,0,0,0,0,0,0,0,0,0,0,0,0,0,0,0,0,0,0,0,0,0,0,0,0,0,0,0,0,0,0,0,0,0,0
ILOC70500601,0,0,0,0,0,0,0,0,0,0,0,0,0,0,0,0,0,0,0,0,0,0,0,0,0,0,0,0,0,0,5,0,0,0,0,0,0,0,0,6,0,0,0,0,0,0,0,0,0,0,81,0,8,0,0,0,0,0,0,79,0,0,0,0,0,0,0,0,0,0,0,0,0,0,0,0,0,0,0,0,83,0,3,0,0,0,0,0,0,90,0,0,0,0,0,0,0,0,0,0,0,0,0,0,0,0,0,0,0,0,83,0,3,0,0,0,0,0,0,89,0,0,0,0,0,0,0,0,0,0,0,0,0,0,0,0,0,0,0,0,0,0,0,0,0,0,0,0,0,0,0,0,0,0,0,0,0,0,0,0,0,0,0,0,0,0,0,0,0,0,6,4,0,0,0,0,0,0,0,7,7,0,0,0,0,0,0,0,0,5,0,0,0,0,0,0,0,0,0,0
ILOC70500701,0,0,0,0,0,0,0,0,0,0,0,0,0,0,0,0,0,0,0,0,0,0,0,0,0,0,0,0,0,0,103,23,0,0,0,0,0,0,0,127,0,0,0,0,0,0,0,0,0,0,3,5,0,0,0,0,0,0,0,7,0,0,0,0,0,0,0,0,0,0,0,0,0,0,0,0,0,0,0,3,107,29,0,0,0,0,0,0,0,131,0,0,0,0,0,0,0,0,0,0,4,0,0,0,0,0,0,0,0,4,107,29,0,0,0,0,0,0,0,138,0,0,0,0,0,0,0,0,0,0,0,0,0,0,0,0,0,0,0,0,0,0,0,0,0,0,0,0,0,0,0,0,0,0,0,0,0,0,0,0,0,0,0,0,0,0,0,0,0,0,0,0,0,0,0,0,0,0,0,0,4,0,0,0,0,0,0,0,0,3,0,0,0,0,0,0,0,0,0,0
ILOC70500801,0,0,0,0,0,0,0,0,0,0,0,0,0,0,0,0,0,0,0,0,0,0,0,0,0,0,0,0,0,0,14,4,0,0,0,0,0,0,0,12,0,0,0,0,0,0,0,0,0,0,0,0,0,0,0,0,0,0,0,0,0,0,0,0,0,0,0,0,0,0,0,0,0,0,0,0,0,0,0,0,14,4,0,0,0,0,0,0,0,12,0,0,0,0,0,0,0,0,0,0,0,0,0,0,0,0,0,0,0,0,14,4,0,0,0,0,0,0,0,12,0,0,0,0,0,0,0,0,0,0,0,0,0,0,0,0,0,0,0,0,0,0,0,0,0,0,0,0,0,0,0,0,0,0,0,0,0,0,0,0,0,0,0,0,0,0,0,0,0,0,0,0,0,0,0,0,0,0,0,0,3,0,0,0,0,0,0,0,0,3,0,0,0,0,0,0,0,0,0,0
ILOC70500802,0,0,0,0,0,0,0,0,0,0,0,0,0,0,0,0,0,0,0,0,0,0,0,0,0,0,0,0,0,0,20,0,0,0,0,0,0,0,0,20,0,0,0,0,0,0,0,0,0,0,3,0,0,0,0,0,0,0,0,3,0,0,0,0,0,0,0,0,0,0,0,0,0,0,0,0,0,0,0,0,23,0,0,0,0,0,0,0,0,23,0,0,0,0,0,0,0,0,0,0,0,0,0,0,0,0,0,0,0,0,19,0,0,0,0,0,0,0,0,19,0,0,0,0,0,0,0,0,0,0,0,0,0,0,0,0,0,0,0,0,0,0,0,0,0,0,0,0,0,0,0,0,0,0,0,0,0,0,0,0,0,0,0,0,0,0,0,0,0,0,0,0,0,0,0,0,0,0,0,0,0,0,0,0,0,0,0,0,0,0,0,0,0,0,0,0,0,0,0,0
ILOC70500803,0,0,0,0,0,0,0,0,0,0,0,0,0,0,0,0,0,0,0,0,0,0,0,0,0,0,0,0,0,0,0,0,0,0,0,0,0,0,0,0,0,0,0,0,0,0,0,0,0,0,0,0,0,0,0,0,0,0,0,0,0,0,0,0,0,0,0,0,0,0,0,0,0,0,0,0,0,0,0,0,0,0,0,0,0,0,0,0,0,0,0,0,0,0,0,0,0,0,0,0,0,0,0,0,0,0,0,0,0,0,3,0,0,0,0,0,0,0,0,3,0,0,0,0,0,0,0,0,0,0,0,0,0,0,0,0,0,0,0,0,0,0,0,0,0,0,0,0,0,0,0,0,0,0,0,0,0,0,0,0,0,0,0,0,0,0,0,0,0,0,0,0,0,0,0,0,0,0,0,0,0,0,0,0,0,0,0,0,0,0,0,0,0,0,0,0,0,0,0,0
ILOC70500804,0,0,0,0,0,0,0,0,0,0,0,0,0,0,0,0,0,0,0,0,0,0,0,0,0,0,0,0,0,0,11,0,0,0,0,0,0,0,0,11,0,0,0,0,0,0,0,0,0,0,5,0,0,0,0,0,0,0,0,5,3,0,0,0,0,0,0,0,0,4,0,0,0,0,0,0,0,0,0,0,24,0,0,0,0,0,0,0,0,26,0,0,0,0,0,0,0,0,0,0,0,0,0,0,0,0,0,0,0,0,22,0,0,0,0,6,0,6,0,30,4,0,0,4,0,0,0,4,0,8,3,0,0,0,0,0,0,0,0,6,0,0,0,0,0,0,0,0,0,0,0,0,0,0,0,0,0,0,0,0,0,0,0,0,0,0,0,0,0,0,0,0,0,0,0,0,0,0,0,0,0,0,0,0,0,0,0,0,0,0,0,0,0,0,0,0,0,0,0,0
ILOC70500805,9,0,0,0,0,0,0,3,0,10,0,0,0,0,0,0,0,0,0,0,0,0,0,0,0,0,0,0,0,0,6,0,0,0,0,0,0,0,0,6,0,0,0,0,0,0,0,0,0,0,7,0,0,0,0,0,0,0,0,7,0,0,0,0,0,0,0,0,0,0,0,0,0,0,0,0,0,0,0,0,9,0,0,0,0,0,0,0,0,9,0,0,0,0,0,0,0,0,0,0,0,0,0,0,0,0,0,0,0,0,21,0,0,0,0,0,0,3,0,24,0,0,0,8,0,0,0,8,5,8,0,0,0,0,0,0,0,0,0,6,0,0,0,0,0,0,0,0,0,0,0,0,0,0,0,0,0,0,0,0,0,0,0,0,0,0,0,0,0,0,0,0,0,0,0,0,0,0,0,0,3,0,0,0,0,0,0,0,0,5,0,0,0,0,0,0,0,0,0,0
ILOC70500901,0,0,0,0,0,0,0,0,0,0,0,0,0,0,0,0,0,0,0,0,0,0,0,0,0,0,0,0,0,0,14,4,0,0,0,0,0,0,0,19,0,0,0,0,0,0,0,0,0,0,0,0,0,0,0,0,0,0,0,0,0,0,0,0,0,0,0,0,0,0,0,0,0,0,0,0,0,0,0,0,14,4,0,0,0,0,0,0,0,19,0,0,0,0,0,0,0,0,0,0,0,0,0,0,0,0,0,0,0,0,15,4,0,0,0,0,0,0,0,14,0,0,0,0,0,0,0,0,0,0,0,0,0,0,0,0,0,0,0,0,0,0,0,0,0,0,0,0,0,0,0,0,0,0,0,0,0,0,0,0,0,0,0,0,0,0,0,0,0,0,0,0,0,0,0,0,0,0,0,0,0,0,0,0,0,0,0,0,0,0,0,0,0,0,0,0,0,0,0,0
ILOC70500902,0,0,0,0,0,0,0,0,0,0,0,0,0,0,0,0,0,0,0,0,0,0,0,0,0,0,0,0,0,0,0,0,0,0,0,0,0,0,0,0,0,0,0,0,0,0,0,0,0,0,0,0,0,0,0,0,0,0,0,0,0,0,0,0,0,0,0,0,0,0,0,0,0,0,0,0,0,0,0,0,0,0,0,0,0,0,0,0,0,0,5,0,0,0,0,0,0,0,0,5,0,0,0,0,0,0,0,0,0,0,8,0,0,0,0,0,0,0,0,8,0,0,0,0,0,0,0,0,0,4,0,0,0,0,0,0,0,0,0,0,0,0,0,0,0,0,0,0,0,0,0,0,0,0,0,0,0,0,0,0,0,0,0,0,0,0,0,0,0,0,0,0,0,0,0,0,0,0,0,0,3,0,0,0,0,0,0,0,0,3,0,0,0,0,0,0,0,0,0,0
ILOC70500903,0,0,0,0,0,0,0,0,0,0,0,0,0,0,0,0,0,0,0,0,0,0,0,0,0,0,0,0,0,0,27,17,0,0,0,0,0,0,0,43,0,0,0,0,0,0,0,0,0,0,0,0,0,0,0,0,0,0,0,0,0,0,0,0,0,0,0,0,0,0,0,0,0,0,0,0,0,0,0,0,27,17,0,0,0,0,0,0,0,43,0,0,0,0,0,0,0,0,0,0,0,0,0,0,0,0,0,0,0,0,27,17,0,0,0,0,0,0,0,43,0,0,0,0,0,0,0,0,0,0,0,0,0,0,0,0,0,0,0,0,0,0,0,0,0,0,0,0,0,0,0,0,0,0,0,0,0,0,0,0,0,0,0,0,0,0,0,0,0,0,0,0,0,0,0,0,0,0,0,0,4,0,0,0,0,0,0,0,0,4,0,0,0,0,0,0,0,0,0,0
ILOC70600101,0,0,0,0,0,0,0,0,0,0,0,0,0,0,0,0,0,0,0,0,0,0,0,0,0,0,0,0,0,0,0,0,0,0,0,0,0,0,0,0,0,0,0,0,0,0,0,0,0,0,0,0,0,0,0,0,0,0,0,0,11,0,0,0,0,0,0,0,0,11,0,0,0,0,0,0,0,0,0,0,11,0,0,0,0,0,0,0,0,11,6,0,0,0,0,0,0,0,0,5,0,0,0,0,0,0,0,0,0,0,15,0,0,0,0,0,0,0,0,20,5,3,0,0,0,0,0,0,0,10,0,0,0,0,0,0,0,0,0,0,0,0,0,0,0,0,0,0,0,0,3,0,0,0,0,0,0,0,0,3,4,0,3,0,0,0,0,0,0,6,0,0,0,0,0,0,0,0,0,0,120,4,0,0,0,0,0,0,0,123,0,0,0,0,0,0,0,0,0,0
ILOC70600102,0,0,0,0,0,0,0,0,0,0,0,0,0,0,0,0,0,0,0,0,0,0,0,0,0,0,0,0,0,0,79,15,0,0,0,0,0,0,0,94,0,0,0,0,0,0,0,0,0,0,54,23,3,0,0,0,0,0,0,76,0,0,0,0,0,0,0,0,0,3,0,0,0,0,0,0,0,0,0,5,134,45,0,0,0,0,0,0,0,179,0,0,0,0,0,0,0,0,0,0,0,0,0,0,0,0,0,0,0,0,136,45,0,0,0,0,0,0,0,184,0,0,0,0,0,0,0,0,0,0,0,0,0,0,0,0,0,0,0,0,0,0,0,0,0,0,0,0,0,0,0,0,0,0,0,0,0,0,0,0,0,0,0,0,0,0,0,0,0,0,0,0,0,0,0,0,0,0,0,0,5,0,0,0,0,0,0,0,0,5,0,0,0,0,0,0,0,0,0,0
ILOC70600103,0,0,0,0,0,0,0,0,0,0,0,0,0,0,0,0,0,0,0,0,0,0,0,0,0,0,0,0,0,0,0,0,0,0,0,0,0,0,0,0,0,0,0,0,0,0,0,0,0,0,9,0,0,0,0,0,0,0,0,9,0,0,0,0,0,0,0,0,0,0,0,0,0,0,0,0,0,0,0,0,9,0,0,0,0,0,0,0,0,9,17,0,0,0,0,0,0,0,0,17,0,0,0,0,0,0,0,0,0,0,23,0,0,0,0,0,0,0,0,23,0,0,0,0,0,0,0,0,0,0,0,0,0,0,0,0,0,0,0,0,0,0,0,0,0,0,0,0,0,0,0,0,0,0,0,0,0,0,0,0,0,0,0,0,0,0,0,0,0,0,0,0,0,0,0,0,0,0,0,0,0,0,0,0,0,0,0,0,0,0,0,0,0,0,0,0,0,0,0,0
ILOC70600104,0,0,0,0,0,0,0,0,0,0,0,0,0,0,0,0,0,0,0,0,0,0,0,0,0,0,0,0,0,0,0,0,0,0,0,0,0,0,0,0,0,0,0,0,0,0,0,0,0,0,27,0,0,0,0,0,0,0,0,30,0,0,0,0,0,0,0,0,0,0,0,0,0,0,0,0,0,0,0,0,27,0,0,0,0,0,0,0,0,27,0,0,0,0,0,0,0,0,0,0,0,0,0,0,0,0,0,0,0,0,27,0,0,0,0,0,0,0,0,27,0,0,0,0,0,0,0,0,0,0,0,0,0,0,0,0,0,0,0,0,0,0,0,0,0,0,0,0,0,0,0,0,0,0,0,0,0,0,0,0,0,0,0,0,0,0,0,0,0,0,0,0,0,0,0,0,0,0,0,0,0,0,0,0,0,0,0,0,0,0,0,0,0,0,0,0,0,0,0,0
ILOC70600105,0,0,0,0,0,0,0,0,0,0,0,0,0,0,0,0,0,0,0,0,0,0,0,0,0,0,0,0,0,0,7,0,0,0,0,0,0,0,3,9,0,0,0,0,0,0,0,0,0,0,55,12,0,0,0,0,0,0,0,69,0,0,0,0,0,0,0,0,0,0,0,0,0,0,0,0,0,0,0,0,67,10,0,0,0,0,0,0,3,86,11,0,0,0,0,0,0,0,0,11,0,0,0,0,0,0,0,0,0,0,83,10,0,0,0,0,0,0,3,96,0,0,0,0,0,0,0,0,0,0,0,0,0,0,0,0,0,0,0,0,0,0,0,0,0,0,0,0,0,0,0,0,0,0,0,0,0,0,0,0,0,0,0,0,0,0,0,0,0,0,0,0,0,0,0,0,0,0,0,0,0,0,0,0,0,0,0,0,0,0,0,0,0,0,0,0,0,0,0,0
ILOC70600201,0,0,0,0,0,0,0,0,0,0,0,0,0,0,0,0,0,0,0,0,0,0,0,0,0,0,0,0,0,0,61,14,0,0,0,0,0,0,0,81,0,0,0,0,0,0,0,0,0,0,6,0,0,0,0,0,0,0,0,6,0,0,0,0,0,0,0,0,0,0,0,0,0,0,0,0,0,0,0,0,71,15,0,0,0,0,0,0,0,90,7,0,0,0,0,0,0,0,0,4,0,0,0,0,0,0,0,0,0,0,75,22,0,0,0,0,0,0,0,95,0,0,0,0,0,0,0,0,0,0,0,0,0,0,0,0,0,0,0,0,0,0,0,0,0,0,0,0,0,0,0,0,0,0,0,0,0,0,0,4,0,0,0,0,0,0,0,0,0,0,0,0,0,0,0,0,0,0,0,0,3,0,0,0,0,0,0,0,0,11,0,0,0,0,0,0,0,0,0,0
ILOC70600202,3,0,0,0,0,0,0,0,0,3,0,0,0,0,0,0,0,0,0,0,0,0,0,0,0,0,0,0,0,0,0,0,0,0,0,0,0,0,0,0,0,0,0,0,0,0,0,0,0,0,0,0,0,0,0,0,0,0,0,0,0,0,0,0,0,0,0,0,0,0,0,0,0,0,0,0,0,0,0,0,0,0,0,0,0,0,0,0,0,0,8,0,0,0,0,0,0,0,0,8,0,0,0,0,0,0,0,0,0,0,13,0,0,0,0,0,0,0,0,13,0,0,0,0,0,0,0,0,0,0,0,0,0,0,0,0,0,0,0,0,0,0,0,0,0,0,0,0,0,0,0,0,0,0,0,0,0,0,0,0,0,0,0,0,0,0,0,0,0,0,0,0,0,0,0,0,0,0,0,0,0,0,0,0,0,0,0,0,0,0,0,0,0,0,0,0,0,0,0,0
ILOC70600301,0,0,0,0,0,0,0,0,0,0,0,0,0,0,0,0,0,0,0,0,0,0,0,0,0,0,0,0,0,0,0,0,0,0,0,0,0,0,0,0,0,0,0,0,0,0,0,0,0,0,5,0,0,0,0,0,0,0,0,5,0,0,0,0,0,0,0,0,0,0,0,0,0,0,0,0,0,0,0,0,5,0,0,0,0,0,0,0,0,5,5,0,0,0,0,0,0,0,0,5,0,0,0,0,0,0,0,0,0,0,9,0,0,0,0,0,0,0,0,9,0,0,0,0,0,0,0,0,0,0,0,0,0,0,0,0,0,0,0,0,0,0,0,0,0,0,0,0,0,0,0,0,0,0,0,0,0,0,0,0,0,0,0,0,0,0,0,0,0,0,0,0,0,0,0,0,0,0,0,0,0,0,0,0,0,0,0,0,0,0,0,0,0,0,0,0,0,0,0,0
ILOC70600302,0,0,0,0,0,0,0,0,0,0,0,0,0,0,0,0,0,0,0,0,0,0,0,0,0,0,0,0,0,0,13,0,0,0,0,0,0,0,0,13,0,0,0,0,0,0,0,0,0,0,0,0,0,0,0,0,0,0,0,0,0,0,0,0,0,0,0,0,0,0,0,0,0,0,0,0,0,0,0,0,13,0,0,0,0,0,0,0,0,13,0,0,0,0,0,0,0,0,0,0,0,0,0,0,0,0,0,0,0,0,13,0,0,0,0,0,0,0,0,13,0,0,0,0,0,0,0,0,0,0,0,0,0,0,0,0,0,0,0,0,0,0,0,0,0,0,0,0,0,0,0,0,0,0,0,0,0,0,0,0,0,0,0,0,0,0,0,0,0,0,0,0,0,0,0,0,0,0,0,0,0,0,0,0,0,0,0,0,0,0,0,0,0,0,0,0,0,0,0,0
ILOC70600303,0,0,0,0,0,0,0,0,0,0,0,0,0,0,0,0,0,0,0,0,0,0,0,0,0,0,0,0,0,0,0,0,0,0,0,0,0,0,0,0,0,0,0,0,0,0,0,0,0,0,0,0,0,0,0,0,0,0,0,0,0,0,0,0,0,0,0,0,0,0,0,0,0,0,0,0,0,0,0,0,5,0,0,0,0,0,0,0,0,5,4,0,0,0,0,0,0,0,0,4,0,0,0,0,0,0,0,0,0,0,6,0,0,0,0,0,0,0,0,6,0,0,0,0,0,0,0,0,0,0,0,0,0,0,0,0,0,0,0,0,0,0,0,0,0,0,0,0,0,0,0,0,0,0,0,0,0,0,0,0,0,0,0,0,0,0,0,0,0,0,0,0,0,0,0,0,0,0,0,0,0,0,0,0,0,0,0,0,0,0,0,0,0,0,0,0,0,0,0,0
ILOC70600304,9,0,0,0,0,0,0,0,0,9,0,0,0,0,0,0,0,0,0,0,0,0,0,0,0,0,0,0,0,0,4,0,0,0,0,0,0,0,0,4,0,0,0,0,0,0,0,0,0,0,13,0,0,0,0,0,0,0,0,13,0,0,0,0,0,0,0,0,0,0,0,0,0,0,0,0,0,0,0,0,13,0,0,0,0,0,0,0,0,13,10,0,0,0,0,0,0,0,0,10,9,0,0,0,0,0,0,0,0,9,36,0,0,0,0,0,0,0,0,36,0,0,0,0,0,0,0,0,0,0,0,0,0,0,0,0,0,0,0,0,0,0,0,0,0,0,0,0,0,0,0,0,0,0,0,0,0,0,0,0,0,0,0,0,0,0,0,0,0,0,0,0,0,0,0,0,0,0,0,0,0,0,0,0,0,0,0,0,0,0,0,0,0,0,0,0,0,0,0,0
ILOC70600305,0,0,0,0,0,0,0,0,0,0,0,0,0,0,0,0,0,0,0,0,0,0,0,0,0,0,0,0,0,0,0,0,0,0,0,0,0,0,0,0,0,0,0,0,0,0,0,0,0,0,6,0,0,0,0,0,0,0,0,8,0,0,0,0,0,0,0,0,0,0,0,0,0,0,0,0,0,0,0,0,6,0,0,0,0,0,0,0,0,8,8,0,0,0,0,0,0,0,0,8,0,0,0,0,0,0,0,0,0,0,17,0,0,0,0,0,0,0,0,19,0,0,0,0,0,0,0,0,0,0,0,0,0,0,0,0,0,0,0,0,0,0,0,0,0,0,0,0,0,0,0,0,0,0,0,0,0,0,0,0,0,0,0,0,0,0,0,0,0,0,0,0,0,0,0,0,0,0,0,0,0,0,0,0,0,0,0,0,0,0,0,0,0,0,0,0,0,0,0,0
ILOC70600401,0,0,0,0,0,0,0,0,0,0,0,0,0,0,0,0,0,0,0,0,0,0,0,0,0,0,0,0,0,0,226,0,0,0,0,0,0,0,0,229,0,0,0,0,0,0,0,0,0,0,11,0,0,0,0,0,0,0,0,11,4,0,0,0,0,0,0,0,0,4,0,0,0,0,0,0,0,0,0,0,246,0,0,0,0,0,0,0,0,246,3,0,0,0,0,0,0,0,0,3,3,0,0,0,0,0,0,0,0,3,255,0,0,0,0,0,0,0,0,252,0,0,0,0,0,0,0,0,0,0,0,0,0,0,0,0,0,0,0,0,0,0,0,0,0,0,0,0,0,0,5,0,0,0,0,0,0,0,0,5,0,0,0,0,0,0,0,0,0,0,0,0,0,0,0,0,0,0,0,0,11,0,0,0,0,0,0,0,0,16,0,0,0,0,0,0,0,0,0,0
ILOC70600402,0,0,0,0,0,0,0,0,0,0,0,0,0,0,0,0,0,0,0,0,0,0,0,0,0,0,0,0,0,0,6,0,0,0,0,0,0,0,0,6,0,0,0,0,0,0,0,0,0,0,0,0,0,0,0,0,0,0,0,4,3,0,0,0,0,0,0,0,0,3,0,0,0,0,0,0,0,0,0,0,9,0,0,0,0,0,0,0,0,9,21,0,0,0,0,0,0,0,0,21,4,0,0,0,0,0,0,0,0,4,32,0,0,0,0,0,0,0,0,31,0,0,0,0,0,0,0,0,0,0,0,0,0,0,0,0,0,0,0,0,0,0,0,0,0,0,0,0,0,0,0,0,0,0,0,0,0,0,0,0,0,0,0,0,0,0,0,0,0,0,0,0,0,0,0,0,0,0,0,0,0,0,0,0,0,0,0,0,0,0,0,0,0,0,0,0,0,0,0,0
ILOC70600501,0,0,0,0,0,0,0,0,0,0,0,0,0,0,0,0,0,0,0,0,0,0,0,0,0,0,0,0,0,0,8,0,0,0,0,0,0,0,0,8,0,0,0,0,0,0,0,0,0,0,30,0,0,0,0,0,0,0,0,28,0,0,0,0,0,0,0,0,0,0,0,0,0,0,0,0,0,0,0,0,39,0,0,0,0,0,0,0,0,36,0,0,0,0,0,0,0,0,0,0,0,0,0,0,0,0,0,0,0,0,37,0,0,0,0,0,0,0,0,37,3,0,0,0,0,0,0,0,0,3,0,0,0,0,0,0,0,0,0,0,0,0,0,0,0,0,0,0,0,0,0,0,0,0,0,0,0,0,0,0,0,0,0,0,0,0,0,0,0,0,0,0,0,0,0,0,0,0,0,0,0,0,0,0,0,0,0,0,0,7,0,0,0,0,0,0,0,0,0,0
ILOC70600502,0,0,0,0,0,0,0,0,0,0,7,0,0,0,0,0,0,0,0,7,5,5,0,0,0,0,0,0,0,8,7,0,0,0,0,0,0,0,0,4,0,0,0,0,0,0,0,0,0,0,3,0,0,0,0,0,0,0,0,3,37,3,0,0,0,0,0,0,0,40,0,0,0,0,0,0,0,0,0,0,55,3,0,0,0,0,0,0,0,61,18,0,5,0,0,0,0,0,0,25,5,0,0,0,0,0,0,0,0,5,88,5,4,0,0,0,0,0,3,101,25,4,0,0,0,0,0,0,0,33,16,0,0,0,0,0,0,0,0,17,54,6,7,0,0,0,0,6,0,62,21,8,3,0,0,0,0,0,0,33,12,0,0,0,0,0,0,0,0,12,4,0,0,0,0,0,0,0,0,4,308,21,13,0,0,0,0,0,0,343,0,0,0,0,0,0,0,0,0,0
ILOC70600601,0,0,0,0,0,0,0,0,0,0,0,0,0,0,0,0,0,0,0,0,0,0,0,0,0,0,0,0,0,0,56,65,0,0,0,0,0,0,0,114,0,0,0,0,0,0,0,0,0,0,0,0,0,0,0,0,0,0,0,8,0,0,0,0,0,0,0,0,0,0,0,0,0,0,0,0,0,0,0,0,60,64,0,0,0,0,0,0,0,123,4,0,0,0,0,0,0,0,0,3,0,0,0,0,0,0,0,0,0,0,58,69,0,0,0,0,0,0,0,127,0,0,0,0,0,0,0,0,0,0,0,0,0,0,0,0,0,0,0,0,0,0,0,0,0,0,0,0,0,0,0,0,0,0,0,0,0,0,0,0,0,0,0,0,0,0,0,0,0,0,0,0,0,0,0,0,0,0,0,0,4,0,0,0,0,0,0,0,0,5,0,0,0,0,0,0,0,0,0,0
ILOC70600701,9,0,0,0,0,0,0,0,0,9,0,0,0,0,0,0,0,0,0,0,0,0,0,0,0,0,0,0,0,0,67,0,0,0,0,0,0,0,0,67,0,0,0,0,0,0,0,0,0,0,24,0,0,0,0,0,0,0,0,24,0,0,0,0,0,0,0,0,0,0,3,0,0,0,0,0,0,0,0,3,101,0,0,0,0,0,0,0,0,95,0,0,0,0,0,0,0,0,0,0,5,0,0,0,0,0,0,0,0,5,115,0,0,0,0,0,0,0,0,116,0,0,0,0,0,0,0,0,0,0,0,0,0,0,0,0,0,0,0,0,0,0,0,0,0,0,0,0,0,0,0,0,0,0,0,0,0,0,0,0,0,0,0,0,0,0,0,0,0,0,0,0,0,0,0,0,0,0,0,0,9,0,0,0,0,0,0,0,0,11,0,0,0,0,0,0,0,0,0,0
ILOC70600704,0,0,0,0,0,0,0,0,0,0,0,0,0,0,0,0,0,0,0,0,0,0,0,0,0,0,0,0,0,0,81,0,0,0,0,0,0,0,0,78,0,0,0,0,0,0,0,0,0,0,16,0,0,0,0,0,0,0,0,16,0,0,0,0,0,0,0,0,0,0,0,0,0,0,0,0,0,0,0,0,92,0,0,0,0,0,0,0,0,94,3,0,0,0,0,0,0,0,0,3,0,0,0,0,0,0,0,0,0,0,99,0,0,0,0,0,0,0,0,100,0,0,0,0,0,0,0,0,0,0,0,0,0,0,0,0,0,0,0,0,0,0,0,0,0,0,0,0,0,0,0,0,0,0,0,0,0,0,0,0,0,0,0,0,0,0,0,0,0,0,0,0,0,0,0,0,0,0,0,0,5,0,0,0,0,0,0,0,5,8,0,0,0,0,0,0,0,0,0,0
ILOC70600705,3,0,0,0,0,0,0,0,0,3,0,0,0,0,0,0,0,0,0,0,0,0,0,0,0,0,0,0,0,0,11,0,0,0,0,0,0,0,0,11,0,0,0,0,0,0,0,0,0,0,7,0,0,0,0,0,0,0,0,6,0,0,0,0,0,0,0,0,0,0,0,0,0,0,0,0,0,0,0,0,21,0,0,0,0,0,0,0,0,17,0,0,0,0,0,0,0,0,0,0,0,0,0,0,0,0,0,0,0,0,25,0,0,0,0,0,0,0,0,28,0,0,0,0,0,0,0,0,0,0,0,0,0,0,0,0,0,0,0,0,0,0,0,0,0,0,0,0,0,0,0,0,0,0,0,0,0,0,0,0,0,0,0,0,0,0,0,0,0,0,0,0,0,0,0,0,0,0,0,0,0,0,0,0,0,0,0,0,0,0,0,0,0,0,0,0,0,0,0,0
ILOC70600801,0,0,0,0,0,0,0,0,0,0,0,0,0,0,0,0,0,0,0,0,0,0,0,0,0,0,0,0,0,0,56,0,0,0,0,0,0,0,0,63,0,0,0,0,0,0,0,0,0,0,17,0,0,0,0,0,0,0,0,20,5,0,0,0,0,0,0,0,0,5,0,0,0,0,0,0,0,0,0,0,84,0,0,0,0,0,0,0,0,89,0,0,0,0,0,0,0,0,0,0,0,0,0,0,0,0,0,0,0,0,92,0,0,0,0,0,0,0,0,98,0,0,0,0,0,0,0,0,0,0,0,0,0,0,0,0,0,0,0,0,0,0,0,0,0,0,0,0,0,0,0,0,0,0,0,0,0,0,0,0,0,0,0,0,0,0,0,0,0,0,0,0,0,0,0,0,0,0,0,0,21,0,0,0,0,0,0,0,0,20,0,0,0,0,0,0,0,0,0,0
ILOC70700101,0,0,0,0,0,0,0,0,0,0,0,0,0,0,0,0,0,0,0,0,0,0,0,0,0,0,0,0,0,0,57,0,0,0,0,0,0,0,0,57,0,0,0,0,0,0,0,0,0,0,0,0,0,0,0,0,0,0,0,0,4,0,0,0,0,0,0,0,0,4,0,0,0,0,0,0,0,0,0,0,55,0,0,0,0,0,0,0,0,55,0,0,0,0,0,0,0,0,0,0,0,0,0,0,0,0,0,0,0,0,61,0,0,0,0,0,0,0,0,61,5,0,0,0,0,0,0,0,0,5,0,0,0,0,0,0,0,0,0,0,0,0,0,0,0,0,0,0,0,0,0,0,0,0,0,0,0,0,0,0,0,0,0,0,0,0,0,0,0,0,0,0,0,0,0,0,0,0,0,0,5,0,0,0,0,0,0,0,0,5,0,0,0,0,0,0,0,0,0,0
ILOC70700201,0,0,0,0,0,0,0,0,0,0,0,0,0,0,0,0,0,0,0,0,0,0,0,0,0,0,0,0,0,0,53,0,0,0,0,0,0,0,0,58,0,0,0,0,0,0,0,0,0,0,10,0,0,0,0,0,0,0,0,10,0,0,0,0,0,0,0,0,0,0,0,0,0,0,0,0,0,0,0,0,65,0,0,0,0,0,0,0,0,66,4,0,0,0,0,0,0,0,0,4,0,0,0,0,0,0,0,0,0,0,66,0,0,0,0,0,0,0,0,66,0,0,0,0,0,0,0,0,0,0,0,0,0,0,0,0,0,0,0,0,0,0,0,0,0,0,0,0,0,0,0,0,0,0,0,0,0,0,0,0,0,0,0,0,0,0,0,0,0,0,0,0,0,0,0,0,0,0,0,0,4,0,0,0,0,0,0,0,0,4,0,0,0,0,0,0,0,0,0,0
ILOC70700301,4,0,0,0,0,0,0,0,0,4,0,0,0,0,0,0,0,0,0,0,0,0,0,0,0,0,0,0,0,0,0,0,0,0,0,0,0,0,0,0,0,0,0,0,0,0,0,0,0,0,0,0,0,0,0,0,0,0,0,0,0,0,0,0,0,0,0,0,0,0,0,0,0,0,0,0,0,0,0,0,0,0,0,0,0,0,0,0,0,0,10,0,0,0,0,0,0,0,0,5,0,0,0,0,0,0,0,0,0,0,14,0,0,0,0,0,0,0,0,18,3,0,0,5,0,0,0,5,6,14,0,0,0,0,0,0,0,0,0,0,0,0,0,0,0,0,0,0,0,0,0,0,0,0,0,0,0,0,0,0,0,0,0,0,0,0,0,0,0,0,0,0,0,0,0,0,0,0,0,0,9,0,0,0,0,0,0,0,5,11,0,0,0,0,0,0,0,0,0,0
ILOC70700302,3,0,0,0,0,0,0,0,0,0,0,0,0,0,0,0,0,0,0,0,0,0,0,0,0,0,0,0,0,0,3,0,0,0,0,0,0,0,0,3,0,0,0,0,0,0,0,0,0,0,3,0,0,0,0,0,0,0,0,3,0,0,0,0,0,0,0,0,0,0,0,0,0,0,0,0,0,0,0,0,8,0,0,0,0,0,0,0,0,8,16,0,0,0,0,0,0,0,0,16,0,0,0,0,0,0,0,0,0,0,22,0,0,0,0,0,0,0,0,26,3,0,0,0,0,0,0,0,0,3,0,0,0,0,0,0,0,0,0,0,0,0,0,0,0,0,0,0,0,0,0,0,0,0,0,0,0,0,0,0,0,0,0,0,0,0,0,0,0,0,0,0,0,0,0,0,0,0,0,0,3,0,0,0,0,0,0,0,0,5,0,0,0,0,0,0,0,0,0,0
ILOC70700303,0,0,0,0,0,0,0,0,0,0,0,0,0,0,0,0,0,0,0,0,0,0,0,0,0,0,0,0,0,0,14,0,0,0,0,0,0,0,0,14,0,0,0,0,0,0,0,0,0,0,0,0,0,0,0,0,0,0,0,0,0,0,0,0,0,0,0,0,0,0,0,0,0,0,0,0,0,0,0,0,14,0,0,0,0,0,0,0,0,14,0,0,0,0,0,0,0,0,0,0,0,0,0,0,0,0,0,0,0,0,14,0,0,0,0,0,0,0,0,14,0,0,0,0,0,0,0,0,0,0,0,0,0,0,0,0,0,0,0,0,0,0,0,0,0,0,0,0,0,0,0,0,0,0,0,0,0,0,0,0,0,0,0,0,0,0,0,0,0,0,0,0,0,0,0,0,0,0,0,0,0,0,0,0,0,0,0,0,0,0,0,0,0,0,0,0,0,0,0,0
ILOC70700304,0,0,0,0,0,0,0,0,0,0,0,0,0,0,0,0,0,0,0,0,0,0,0,0,0,0,0,0,0,0,0,0,0,0,0,0,0,0,0,0,0,0,0,0,0,0,0,0,0,0,0,0,0,0,0,0,0,0,0,0,0,0,0,0,0,0,0,0,0,0,0,0,0,0,0,0,0,0,0,0,7,0,0,0,0,0,0,0,0,7,24,0,0,0,0,0,0,0,0,24,0,0,0,0,0,0,0,0,0,0,28,0,0,0,0,0,0,0,0,28,3,0,0,6,0,0,0,6,0,8,0,0,0,0,0,0,0,0,0,0,0,0,0,0,0,0,0,0,0,0,0,0,0,0,0,0,0,0,0,0,0,0,0,0,0,0,0,0,0,0,0,0,0,0,0,0,0,0,0,0,4,0,0,0,0,0,0,0,0,4,0,0,0,0,0,0,0,0,0,0
ILOC70700305,0,0,0,0,0,0,0,0,0,0,0,0,0,0,0,0,0,0,0,0,0,0,0,0,0,0,0,0,0,0,15,0,0,0,0,0,0,0,0,15,0,0,0,0,0,0,0,0,0,0,0,0,0,0,0,0,0,0,0,0,0,0,0,0,0,0,0,0,0,0,3,0,0,0,0,0,0,0,0,3,16,0,0,0,0,0,0,0,0,16,0,0,0,0,0,0,0,0,0,0,0,0,0,0,0,0,0,0,0,0,16,0,0,0,0,0,0,0,0,16,0,0,0,0,0,0,0,0,0,0,0,0,0,0,0,0,0,0,0,0,0,0,0,0,0,0,0,0,0,0,0,0,0,0,0,0,0,0,0,0,0,0,0,0,0,0,0,0,0,0,0,0,0,0,0,0,0,0,0,0,0,0,0,0,0,0,0,0,0,0,0,0,0,0,0,0,0,0,0,0
ILOC70700401,0,0,0,0,0,0,0,0,0,0,0,0,0,0,0,0,0,0,0,0,0,0,0,0,0,0,0,0,0,0,14,0,0,0,0,0,0,0,0,14,0,0,0,0,0,0,0,0,0,0,4,0,0,0,0,0,0,0,0,4,0,0,0,0,0,0,0,0,0,0,0,0,0,0,0,0,0,0,0,0,18,0,0,0,0,0,0,0,0,18,27,3,0,0,0,0,0,0,0,31,0,0,0,0,0,0,0,0,0,0,49,3,0,0,0,0,0,0,0,50,0,0,0,0,0,0,0,0,0,0,0,0,0,0,0,0,0,0,0,0,0,0,0,0,0,0,0,0,0,0,0,0,0,0,0,0,0,0,0,0,0,0,0,0,0,0,0,0,0,0,0,0,0,0,0,0,0,0,0,0,3,0,0,0,0,0,0,0,0,3,0,0,0,0,0,0,0,0,0,0
ILOC70700501,0,0,0,0,0,0,0,0,0,0,0,0,0,0,0,0,0,0,0,0,0,0,0,0,0,0,0,0,0,0,16,0,0,0,0,0,0,0,0,16,0,0,0,0,0,0,0,0,0,0,0,0,0,0,0,0,0,0,0,0,0,0,0,0,0,0,0,0,0,0,0,0,0,0,0,0,0,0,0,0,16,0,0,0,0,0,0,0,0,12,0,0,0,0,0,0,0,0,0,0,0,0,0,0,0,0,0,0,0,0,16,0,0,0,0,0,0,0,0,12,0,0,0,0,0,0,0,0,0,0,0,0,0,0,0,0,0,0,0,0,0,0,0,0,0,0,0,0,0,0,0,0,0,0,0,0,0,0,0,0,0,0,0,0,0,0,0,0,0,0,0,0,0,0,0,0,0,0,0,0,0,0,0,0,0,0,0,0,0,0,0,0,0,0,0,0,0,0,0,0
ILOC70700502,0,0,0,0,0,0,0,0,0,0,0,0,0,0,0,0,0,0,0,0,0,0,0,0,0,0,0,0,0,0,18,0,0,0,0,0,0,0,0,18,0,0,0,0,0,0,0,0,0,0,0,0,0,0,0,0,0,0,0,0,0,0,0,0,0,0,0,0,0,0,0,0,0,0,0,0,0,0,0,0,18,0,0,0,0,0,0,0,0,18,0,0,0,0,0,0,0,0,0,0,0,0,0,0,0,5,0,5,0,5,21,0,0,0,0,5,0,5,0,20,0,0,0,0,0,0,0,0,0,0,0,0,0,0,0,0,0,0,0,0,0,0,0,0,0,0,0,0,0,0,0,0,0,0,0,0,0,0,0,0,0,0,0,0,0,0,0,0,0,0,0,0,0,0,0,0,0,0,0,0,0,0,0,0,0,0,0,0,0,0,0,0,0,0,0,0,0,0,0,0
ILOC70700503,0,0,0,0,0,0,0,0,0,0,0,0,0,0,0,0,0,0,0,3,0,0,0,0,0,0,0,0,0,0,37,0,0,0,0,0,0,0,0,37,0,0,0,0,0,0,0,0,0,0,7,0,0,0,0,0,0,0,0,7,0,0,0,0,0,0,0,0,0,0,0,0,0,0,0,0,0,0,0,0,41,0,0,0,0,0,0,0,0,41,0,0,0,0,0,0,0,0,0,0,0,0,0,0,0,0,0,0,0,0,48,0,0,0,0,0,0,0,0,52,0,0,0,0,0,0,0,0,0,0,0,0,0,0,0,0,0,0,0,0,0,0,0,0,0,0,0,0,0,0,0,0,0,0,0,0,0,0,0,0,0,0,0,0,0,0,0,0,0,0,0,0,0,0,0,0,0,0,0,0,0,0,0,0,0,0,0,0,0,0,0,0,0,0,0,0,0,0,0,0
ILOC70700504,17,0,0,0,0,0,0,0,0,17,45,0,0,0,0,0,0,0,0,47,13,11,0,0,0,0,0,0,0,24,113,14,6,0,0,0,0,0,0,135,23,0,0,0,0,0,0,0,0,25,16,5,7,0,0,0,0,0,0,26,22,3,0,0,0,0,0,0,0,28,0,0,0,0,0,0,0,0,0,0,187,35,23,0,0,0,0,0,0,240,17,4,0,0,0,0,0,0,0,19,9,0,0,0,0,0,0,0,0,9,275,37,19,0,0,0,0,0,0,338,88,0,0,0,5,0,0,0,0,91,65,0,0,0,0,0,0,0,0,65,16,23,5,0,0,0,0,0,0,39,21,13,0,0,0,0,0,0,0,29,34,10,8,0,0,0,0,4,0,58,0,0,5,0,0,0,0,0,0,3,79,13,5,0,4,0,0,3,0,102,0,0,0,0,0,0,0,0,0,0
ILOC70700601,0,0,0,0,0,0,0,0,0,0,0,0,0,0,0,0,0,0,0,0,0,0,0,0,0,0,0,0,0,0,17,0,0,0,0,0,0,0,0,17,0,0,0,0,0,0,0,0,0,0,4,0,0,0,0,0,0,0,0,4,0,0,0,0,0,0,0,0,0,0,0,0,0,0,0,0,0,0,0,0,20,0,0,0,0,0,0,0,0,20,0,0,0,0,0,0,0,0,0,0,0,0,0,0,0,0,0,0,0,0,20,0,0,0,0,0,0,0,0,20,0,0,0,0,0,0,0,0,0,0,0,0,0,0,0,0,0,0,0,0,0,0,0,0,0,0,0,0,0,0,0,0,0,0,0,0,0,0,0,0,0,0,0,0,0,0,0,0,0,0,0,0,0,0,0,0,0,0,0,0,0,0,0,0,0,0,0,0,0,0,0,0,0,0,0,0,0,0,0,0
ILOC70700602,0,0,0,0,0,0,0,0,0,0,0,0,0,0,0,0,0,0,0,0,0,0,0,0,0,0,0,0,0,0,30,0,0,0,0,0,0,0,0,30,0,0,0,0,0,0,0,0,0,0,0,0,0,0,0,0,0,0,0,0,0,0,0,0,0,0,0,0,0,0,0,0,0,0,0,0,0,0,0,0,30,0,0,0,0,0,0,0,0,30,0,0,0,0,0,0,0,0,0,0,0,0,0,0,0,0,0,0,0,0,30,0,0,0,0,0,0,0,0,30,0,0,0,0,0,0,0,0,0,0,0,0,0,0,0,0,0,0,0,0,0,0,0,0,0,0,0,0,0,0,0,0,0,0,0,0,0,0,0,0,0,0,0,0,0,0,0,0,0,0,0,0,0,0,0,0,0,0,0,0,0,0,0,0,0,0,0,0,0,0,0,0,0,0,0,0,0,0,0,0
ILOC70800101,18,4,0,0,0,0,0,0,0,17,72,10,0,0,0,0,0,0,0,85,24,7,6,0,0,0,0,0,0,39,32,23,0,0,0,0,0,0,0,53,22,4,0,0,0,0,0,0,0,23,0,3,0,0,0,0,0,0,0,10,0,0,0,0,0,0,0,0,0,0,0,0,0,0,0,0,0,0,0,0,75,42,6,0,0,0,0,0,0,129,0,0,0,0,0,0,0,0,0,4,10,16,0,0,0,0,0,0,0,31,183,70,6,0,0,0,0,0,6,264,168,25,0,14,0,0,0,12,10,220,369,46,4,0,0,0,0,0,3,429,88,72,35,0,0,0,0,0,3,205,9,15,0,0,0,0,0,0,0,25,79,21,4,0,0,0,6,7,11,116,0,0,0,0,0,0,0,0,0,0,11,9,0,4,0,0,0,8,6,34,0,0,0,0,0,0,0,0,0,0
ILOC70800102,24,4,0,0,0,0,0,0,0,25,96,12,0,0,0,0,0,0,0,100,25,17,4,0,0,0,0,0,0,45,30,56,0,0,0,0,0,0,0,83,25,4,0,0,0,0,0,0,0,34,0,13,0,0,0,0,0,0,0,16,3,0,0,0,0,0,0,0,0,4,0,0,0,0,0,0,0,0,0,0,89,87,4,0,0,0,0,0,0,180,3,0,0,0,0,0,0,0,0,5,4,6,0,0,0,0,0,0,0,14,216,106,4,0,0,0,0,0,0,325,164,19,0,0,0,0,0,0,0,185,437,74,9,0,0,0,0,0,0,524,112,130,19,0,0,0,0,0,0,260,8,18,0,0,0,0,0,0,0,29,72,35,3,0,0,0,0,0,0,111,0,5,0,0,0,0,0,0,0,6,19,10,0,0,0,0,0,0,0,25,0,4,0,0,0,0,0,0,0,0
ILOC70800103,6,0,0,0,0,0,0,0,4,11,14,0,0,0,0,0,0,0,0,16,5,0,4,0,0,0,0,0,0,9,0,0,0,0,0,0,0,0,0,0,8,0,0,0,0,0,0,0,0,13,0,0,0,0,0,0,0,0,0,3,0,0,0,0,0,0,0,0,0,0,0,0,0,0,0,0,0,0,0,0,12,8,4,0,0,0,0,0,0,25,0,0,0,0,0,0,0,0,0,0,0,0,0,0,0,0,0,0,0,0,38,5,4,4,0,0,0,5,3,57,91,0,3,46,11,0,0,53,9,166,174,3,3,5,0,0,0,8,0,192,20,22,23,0,0,0,0,0,4,68,0,0,0,0,0,0,0,0,0,6,34,3,0,6,4,0,0,10,3,53,5,4,0,0,0,0,0,0,0,7,8,3,0,7,13,0,0,19,5,44,0,0,0,0,0,0,0,0,0,0
ILOC70800104,4,0,0,0,0,0,0,0,0,4,7,0,0,0,0,0,0,0,0,8,0,0,0,0,0,0,0,0,0,0,0,0,0,0,0,0,0,0,0,0,0,0,0,0,0,0,0,0,0,0,0,0,0,0,0,0,0,0,0,0,0,0,0,0,0,0,0,0,0,0,0,0,0,0,0,0,0,0,0,0,3,0,0,0,0,0,0,0,0,3,0,0,0,0,0,0,0,0,0,0,0,0,0,0,0,0,0,0,0,0,15,0,0,0,0,0,0,0,0,16,35,0,0,0,0,0,0,0,0,39,55,0,0,0,0,0,0,0,3,59,5,0,0,0,0,0,0,0,0,5,0,0,0,0,0,0,0,0,0,0,18,0,0,0,0,0,0,0,6,25,0,0,0,0,0,0,0,0,0,0,0,0,0,0,0,0,0,0,0,0,0,0,0,0,0,0,0,0,0,0
ILOC70800105,24,0,0,0,0,0,0,0,0,25,85,17,0,0,0,0,0,0,0,100,54,21,0,0,0,0,0,0,0,74,74,47,0,0,0,0,0,0,0,124,23,5,0,0,0,0,0,0,0,26,9,0,0,0,0,0,0,0,0,9,5,0,0,0,0,0,0,0,0,9,0,0,0,0,0,0,0,0,0,0,159,79,0,0,0,0,0,0,0,241,6,0,0,0,0,0,0,0,0,6,15,5,0,0,0,0,0,0,0,17,288,100,0,0,0,0,0,0,0,386,175,30,0,13,0,0,0,13,0,219,474,115,0,0,0,0,0,0,0,589,146,126,0,0,0,0,0,0,0,270,22,30,0,0,0,0,0,0,0,60,60,34,0,0,0,0,0,0,0,93,3,0,0,0,0,0,0,0,0,3,24,7,0,4,0,0,0,4,0,34,0,0,0,0,0,0,0,0,0,0
ILOC70800106,7,4,0,0,0,0,0,0,0,10,23,14,0,0,0,0,0,0,0,38,11,25,10,0,0,0,0,0,0,42,15,11,5,0,0,0,0,0,0,31,0,5,0,0,0,0,0,0,0,13,0,0,0,0,0,0,0,0,6,8,5,3,0,0,0,0,0,0,0,5,0,0,0,0,0,0,0,0,0,0,28,55,14,0,0,0,0,0,8,98,0,0,0,0,0,0,0,0,0,7,0,0,0,0,0,0,0,0,0,4,62,67,14,0,0,0,0,0,8,149,133,44,6,0,0,0,0,4,0,188,228,133,14,0,0,0,0,0,0,375,87,227,65,0,0,0,0,0,5,386,6,11,3,0,0,0,0,0,0,17,54,59,6,0,0,0,0,0,0,125,0,0,3,0,0,0,0,0,7,7,31,39,17,0,0,0,0,0,11,95,0,0,0,0,0,0,0,0,0,0
ILOC70800107,26,5,0,0,0,0,0,0,0,27,68,14,0,0,0,0,0,0,0,79,32,32,6,0,0,0,0,0,0,70,72,32,14,0,0,0,0,0,0,113,18,8,0,0,0,0,0,0,0,29,11,0,0,0,0,0,0,0,0,13,4,0,0,0,0,0,0,0,0,4,0,0,0,0,0,0,0,0,0,0,131,82,20,0,0,0,0,3,0,231,0,0,0,0,0,8,0,8,0,8,8,0,0,0,0,0,0,0,0,9,228,99,23,0,0,3,0,7,0,355,219,42,10,0,0,0,0,0,0,258,468,136,9,0,0,0,0,0,4,612,88,170,38,0,0,0,0,0,0,300,14,35,6,0,0,0,0,0,0,54,94,66,11,0,0,0,0,0,0,178,0,3,0,0,0,0,0,0,0,4,4,33,4,0,0,0,0,0,0,43,0,0,0,0,0,0,0,0,0,0
ILOC70800108,0,0,0,0,0,0,0,0,0,0,0,0,0,0,0,0,0,0,0,0,0,0,0,0,0,0,0,0,0,0,0,0,0,0,0,0,0,0,0,0,0,0,0,0,0,0,0,0,0,0,0,0,0,0,0,0,0,0,0,0,0,0,0,0,0,0,0,0,0,0,0,0,0,0,0,0,0,0,0,0,0,0,0,0,0,0,0,0,0,0,0,0,0,0,0,0,0,0,0,0,0,0,0,0,0,0,0,0,0,0,0,0,0,0,0,0,0,0,0,0,0,0,0,0,0,0,0,0,0,0,0,0,0,0,0,0,0,0,0,0,0,0,0,0,0,0,0,0,0,0,0,0,0,0,0,0,0,0,0,0,0,0,0,0,0,0,0,0,0,0,0,0,0,0,0,0,0,0,0,0,0,0,0,0,0,0,0,0,0,0,0,0,0,0,0,0,0,0,0,0
ILOC70800201,0,0,0,0,0,0,0,0,0,0,0,0,0,0,0,0,0,0,0,0,0,0,0,0,0,0,0,0,0,0,17,11,0,0,0,0,0,0,0,25,0,0,0,0,0,0,0,0,0,0,4,0,0,0,0,0,0,0,0,4,0,0,0,0,0,0,0,0,0,0,0,0,0,0,0,0,0,0,0,0,19,11,0,0,0,0,0,0,0,26,0,0,0,0,0,0,0,0,0,0,0,0,0,0,0,0,0,0,0,0,19,11,0,0,0,0,0,0,0,26,0,0,0,0,0,0,0,0,0,0,0,0,0,0,0,0,0,0,0,0,0,0,0,0,0,0,0,0,0,0,0,0,0,0,0,0,0,0,0,0,0,0,0,0,0,0,0,0,0,0,0,0,0,0,0,0,0,0,0,0,0,0,0,0,0,0,0,0,0,0,0,0,0,0,0,0,0,0,0,0
ILOC70800202,0,0,0,0,0,0,0,0,0,0,0,0,0,0,0,0,0,0,0,0,0,0,0,0,0,0,0,0,0,0,23,5,0,0,0,0,0,0,0,33,0,0,0,0,0,0,0,0,0,0,11,3,0,0,0,0,0,0,0,17,0,0,0,0,0,0,0,0,0,0,0,0,0,0,0,0,0,0,0,0,35,10,0,0,0,0,0,0,0,47,0,0,0,0,0,4,0,4,0,4,0,0,0,0,0,0,0,0,0,0,33,10,0,0,0,4,0,4,0,48,0,0,0,0,0,0,0,0,0,0,0,0,0,0,0,0,0,0,0,0,0,0,0,0,0,0,0,0,0,0,0,0,0,0,0,0,0,0,0,0,0,0,0,0,0,0,0,0,0,0,0,0,0,0,0,0,0,0,0,0,0,0,0,0,0,0,0,0,0,0,0,0,0,0,0,0,0,0,0,0
ILOC70800203,0,0,0,0,0,0,0,0,0,0,0,0,0,0,0,0,0,0,0,0,0,0,0,0,0,0,0,0,0,0,35,3,0,0,0,0,0,0,0,37,0,0,0,0,0,0,0,0,0,0,6,0,0,0,0,0,0,0,0,6,0,0,0,0,0,0,0,0,0,0,0,0,0,0,0,0,0,0,0,4,46,4,0,0,0,0,0,0,0,48,5,0,0,0,0,0,0,0,0,0,3,0,0,0,0,0,0,0,0,3,52,4,0,0,0,0,0,0,0,55,0,0,0,0,0,0,0,0,0,0,0,0,0,0,0,0,0,0,0,0,0,0,0,0,0,0,0,0,0,0,0,0,0,0,0,0,0,0,0,0,0,0,0,0,0,0,0,0,0,0,0,0,0,0,0,0,0,0,0,0,0,0,0,0,0,0,0,0,0,0,0,0,0,0,0,0,0,0,0,0
ILOC70800204,0,0,0,0,0,0,0,0,0,0,0,0,0,0,0,0,0,0,0,0,0,0,0,0,0,0,0,0,0,0,20,4,0,0,0,0,0,0,0,24,0,0,0,0,0,0,0,0,0,0,0,0,0,0,0,0,0,0,0,0,0,0,0,0,0,0,0,0,0,0,0,0,0,0,0,0,0,0,0,0,21,4,0,0,0,0,0,0,0,28,0,0,0,0,0,0,0,0,0,0,0,0,0,0,0,0,0,0,0,0,29,4,0,0,0,0,0,0,0,30,0,0,0,0,0,0,0,0,0,0,0,0,0,0,0,0,0,0,0,0,0,0,0,0,0,0,0,0,0,0,0,0,0,0,0,0,0,0,0,0,0,0,0,0,0,0,0,0,0,0,0,0,0,0,0,0,0,0,0,0,0,0,0,0,0,0,0,0,0,0,0,0,0,0,0,0,0,0,0,0
ILOC70800205,0,0,0,0,0,0,0,0,0,0,0,0,0,0,0,0,0,0,0,0,0,0,0,0,0,0,0,0,0,0,14,6,0,0,0,0,0,0,0,24,0,0,0,0,0,0,0,0,0,0,0,0,0,0,0,0,0,0,0,5,0,0,0,0,0,0,0,0,0,0,0,0,0,0,0,0,0,0,0,0,23,3,0,0,0,0,0,0,0,23,0,0,0,0,0,0,0,0,0,0,0,0,0,0,0,0,0,0,0,0,23,3,0,0,0,0,0,0,0,23,0,0,0,0,0,0,0,0,0,0,0,0,0,0,0,0,0,0,0,0,0,0,0,0,0,0,0,0,0,0,0,0,0,0,0,0,0,0,0,0,0,0,0,0,0,0,0,0,0,0,0,0,0,0,0,0,0,0,0,0,0,0,0,0,0,0,0,0,0,0,0,0,0,0,0,0,0,0,0,0
ILOC70800206,0,0,0,0,0,0,0,0,0,0,0,0,0,0,0,0,0,0,0,0,0,0,0,0,0,0,0,0,0,0,22,3,0,0,0,0,0,0,0,27,0,0,0,0,0,0,0,0,0,0,6,0,0,0,0,0,0,0,0,10,0,0,0,0,0,0,0,0,0,0,0,0,0,0,0,0,0,0,0,0,30,3,0,0,0,0,0,0,0,33,0,0,0,0,0,0,0,0,0,0,0,0,0,0,0,0,0,0,0,0,30,4,0,0,0,0,0,0,0,30,0,0,0,0,0,0,0,0,0,0,0,0,0,0,0,0,0,0,0,0,0,0,0,0,0,0,0,0,0,0,0,0,0,0,0,0,0,0,0,0,0,0,0,0,0,0,0,0,0,0,0,0,0,0,0,0,0,0,0,0,0,0,0,0,0,0,0,0,0,0,0,0,0,0,0,0,0,0,0,0
ILOC70800207,0,0,0,0,0,0,0,0,0,0,0,0,0,0,0,0,0,0,0,0,0,0,0,0,0,0,0,0,0,0,21,7,0,0,0,0,0,0,0,21,0,0,0,0,0,0,0,0,0,0,6,5,0,0,0,0,0,0,0,6,0,0,0,0,0,0,0,0,0,0,0,0,0,0,0,0,0,0,0,0,23,3,0,0,0,0,0,0,0,31,0,0,0,0,0,0,0,0,0,0,0,0,0,0,0,0,0,0,0,0,25,3,0,0,0,0,0,0,0,30,0,0,0,0,0,0,0,0,0,0,0,0,0,0,0,0,0,0,0,0,0,0,0,0,0,0,0,0,0,0,0,0,0,0,0,0,0,0,0,0,0,0,0,0,0,0,0,0,0,0,0,0,0,0,0,0,0,0,0,0,0,0,0,0,0,0,0,0,0,0,0,0,0,0,0,0,0,0,0,0
ILOC70900101,4,0,0,0,0,0,0,0,0,4,0,0,0,0,0,0,0,0,0,0,0,0,0,0,0,0,0,0,0,0,8,0,0,0,0,0,0,0,0,15,0,0,0,0,0,0,0,0,0,0,15,0,0,0,0,0,0,0,0,18,0,0,0,0,0,0,0,0,0,0,0,0,0,0,0,0,0,0,0,0,27,0,3,0,0,0,0,0,0,30,10,0,0,0,0,0,0,0,0,15,4,0,0,0,0,0,0,0,0,4,49,0,3,0,0,0,0,0,0,54,0,0,0,0,0,0,0,0,0,0,0,0,0,0,0,0,0,0,0,0,0,0,0,0,0,0,0,0,0,0,0,0,0,0,0,0,0,0,0,0,0,0,0,0,0,0,0,0,0,0,0,0,0,0,0,0,0,0,0,0,0,0,0,0,0,0,0,0,0,0,0,0,0,0,0,0,0,0,0,0
ILOC70900102,0,0,0,0,0,0,0,0,0,0,0,0,0,0,0,0,0,0,0,0,0,0,0,0,0,0,0,0,0,0,88,6,0,0,0,0,0,0,0,93,0,0,0,0,0,0,0,0,0,0,5,0,0,0,0,0,0,0,0,5,0,0,0,0,0,0,0,0,0,0,0,0,0,0,0,0,0,0,0,0,91,6,0,0,0,0,0,0,0,95,4,0,0,0,0,0,0,0,0,4,0,0,0,0,0,0,0,0,0,0,97,6,0,0,0,0,0,0,0,99,0,0,0,0,0,0,0,0,0,0,0,0,0,0,0,0,0,0,0,0,0,0,0,0,0,0,0,0,0,0,0,0,0,0,0,0,0,0,0,0,0,0,0,0,0,0,0,0,0,0,0,0,0,0,0,0,0,0,0,0,3,4,0,0,0,0,0,0,0,9,0,0,0,0,0,0,0,0,0,0
ILOC70900103,25,0,0,0,0,0,0,0,0,25,0,0,0,0,0,0,0,0,0,0,0,0,0,0,0,0,0,0,0,0,10,0,0,0,0,0,0,0,0,10,0,0,0,0,0,0,0,0,0,0,15,0,0,0,0,0,0,0,0,22,0,0,0,0,0,0,0,0,0,5,10,0,0,0,0,0,0,0,0,10,36,0,0,0,0,0,0,0,0,44,33,0,0,0,6,0,0,6,0,36,3,0,0,0,0,0,0,0,0,5,101,0,0,0,5,0,0,5,3,109,0,0,0,4,0,0,0,9,0,8,0,0,0,0,0,0,0,0,0,0,0,0,0,0,0,0,0,0,0,0,0,0,0,0,0,0,0,0,0,0,0,0,0,0,0,0,0,0,0,0,0,0,0,0,0,0,0,0,0,0,3,0,0,0,0,0,0,0,0,3,0,0,0,0,0,0,0,0,0,0
ILOC70900104,0,0,0,0,0,0,0,0,0,0,0,0,0,0,0,0,0,0,0,0,0,0,0,0,0,0,0,0,0,0,29,7,0,0,0,0,0,0,0,32,0,0,0,0,0,0,0,0,0,0,4,0,0,0,0,0,0,0,0,6,0,0,0,0,0,0,0,0,0,0,0,0,0,0,0,0,0,0,0,0,36,7,0,0,0,0,0,0,0,38,0,0,0,0,0,0,0,0,0,0,0,0,0,0,0,0,0,0,0,0,33,7,0,0,0,0,0,0,0,36,0,0,0,0,0,0,0,0,0,0,0,0,0,0,0,0,0,0,0,0,0,0,0,0,0,0,0,0,0,0,0,0,0,0,0,0,0,0,0,0,0,0,0,0,0,0,0,0,0,0,0,0,0,0,0,0,0,0,0,0,0,0,0,0,0,0,0,0,0,0,0,0,0,0,0,0,0,0,0,0
ILOC70900201,0,0,0,0,0,0,0,0,0,0,0,0,0,0,0,0,0,0,0,0,0,0,0,0,0,0,0,0,0,0,35,0,0,0,0,0,0,0,0,35,0,0,0,0,0,0,0,0,0,0,8,0,0,0,0,0,0,0,0,8,0,0,0,0,0,0,0,0,0,0,5,0,0,0,0,0,0,0,0,5,41,0,0,0,0,0,0,0,0,41,3,0,0,0,0,4,0,4,0,9,0,0,0,0,0,0,0,0,0,3,50,0,0,0,0,5,0,5,0,50,3,0,0,0,0,0,0,0,0,5,0,0,0,0,0,0,0,0,0,0,0,0,0,0,0,0,0,0,0,0,0,0,0,0,0,0,0,0,0,0,0,0,0,0,0,0,0,0,0,0,0,0,0,0,0,0,0,0,0,0,0,0,0,0,0,0,0,0,0,0,0,0,0,0,0,0,0,0,0,0
ILOC70900301,0,0,0,0,0,0,0,0,0,0,0,0,0,0,0,0,0,0,0,0,0,0,0,0,0,0,0,0,0,0,3,0,0,0,0,0,0,0,0,3,0,0,0,0,0,0,0,0,0,0,6,0,0,0,0,0,0,0,0,6,0,0,0,0,0,0,0,0,0,0,0,0,0,0,0,0,0,0,0,0,6,0,0,0,0,0,0,0,0,6,9,0,0,0,0,0,0,0,0,11,0,0,0,0,0,0,0,0,0,0,20,0,0,0,0,0,0,0,0,22,5,0,0,4,0,0,0,4,0,10,4,0,0,0,0,0,0,0,0,4,0,0,0,0,0,0,0,0,0,0,0,0,0,0,0,0,0,0,0,0,0,0,0,0,0,0,0,0,0,0,0,0,0,0,0,0,0,0,0,0,0,0,0,0,0,0,0,0,0,0,0,0,0,0,0,0,0,0,0,0
ILOC70900302,0,0,0,0,0,0,0,0,0,0,0,0,0,0,0,0,0,0,0,0,0,0,0,0,0,0,0,0,0,0,0,0,0,0,0,0,0,0,0,3,0,0,0,0,0,0,0,0,0,0,0,0,0,0,0,0,0,0,0,0,0,0,0,0,0,0,0,0,0,0,0,0,0,0,0,0,0,0,0,0,0,0,0,0,0,0,0,0,0,7,0,0,0,0,0,0,0,0,0,0,0,0,0,0,0,0,0,0,0,4,6,0,0,0,0,0,0,0,0,9,0,0,0,0,0,0,0,0,0,0,0,0,0,0,0,0,0,0,0,0,0,0,0,0,0,0,0,0,0,0,0,0,0,0,0,0,0,0,0,0,0,0,0,0,0,0,0,0,0,0,0,0,0,0,0,0,0,0,0,0,0,0,0,0,0,0,0,0,0,0,0,0,0,0,0,0,0,0,0,0
ILOC70900303,0,0,0,0,0,0,0,0,0,0,0,0,0,0,0,0,0,0,0,0,0,0,0,0,0,0,0,0,0,0,31,0,0,0,0,0,0,0,0,31,0,0,0,0,0,0,0,0,0,0,6,0,0,0,0,0,0,0,0,6,0,0,0,0,0,0,0,0,0,0,0,0,0,0,0,0,0,0,0,0,31,0,0,0,0,0,0,0,0,35,0,0,0,0,0,0,0,0,0,0,0,0,0,0,0,0,0,0,0,0,31,0,0,0,0,0,0,0,0,35,0,0,0,0,0,0,0,0,0,0,0,0,0,0,0,0,0,0,0,0,0,0,0,0,0,0,0,0,0,0,0,0,0,0,0,0,0,0,0,4,0,0,0,0,0,0,0,0,0,0,0,0,0,0,0,0,0,0,0,0,0,0,0,0,0,0,0,0,0,3,0,0,0,0,0,0,0,0,0,0
ILOC70900304,0,0,0,0,0,0,0,0,0,0,0,0,0,0,0,0,0,0,0,0,0,0,0,0,0,0,0,0,0,0,11,0,0,0,0,0,0,0,0,11,0,0,0,0,0,0,0,0,0,0,0,0,0,0,0,0,0,0,0,0,0,0,0,0,0,0,0,0,0,0,0,0,0,0,0,0,0,0,0,0,11,0,0,0,0,0,0,0,0,11,4,0,0,0,0,0,0,0,0,4,5,0,0,0,0,0,0,0,0,5,15,0,0,0,0,0,0,0,0,15,0,0,0,0,0,0,0,0,0,0,0,0,0,0,0,0,0,0,0,0,0,0,0,0,0,0,0,0,0,0,0,0,0,0,0,0,0,0,0,0,0,0,0,0,0,0,0,0,0,0,0,0,0,0,0,0,0,0,0,0,0,0,0,0,0,0,0,0,0,0,0,0,0,0,0,0,0,0,0,0
ILOC70900305,0,0,0,0,0,0,0,0,0,0,0,0,0,0,0,0,0,0,0,0,0,0,0,0,0,0,0,0,0,0,25,0,0,0,0,0,0,0,0,25,0,0,0,0,0,0,0,0,0,0,0,0,0,0,0,0,0,0,0,0,0,0,0,0,0,0,0,0,0,0,0,0,0,0,0,0,0,0,0,0,27,0,0,0,0,0,0,0,0,27,0,0,0,0,0,0,0,0,0,0,0,0,0,0,0,0,0,0,0,0,27,0,0,0,0,0,0,0,0,27,0,0,0,0,0,0,0,0,0,0,0,0,0,0,0,0,0,0,0,0,0,0,0,0,0,0,0,0,0,0,0,0,0,0,0,0,0,0,0,0,0,0,0,0,0,0,0,0,0,0,0,0,0,0,0,0,0,0,0,0,0,0,0,0,0,0,0,0,0,0,0,0,0,0,0,0,0,0,0,0
ILOC70900306,0,0,0,0,0,0,0,0,0,0,0,0,0,0,0,0,0,0,0,0,0,0,0,0,0,0,0,0,0,0,12,0,0,0,0,0,0,0,0,12,0,0,0,0,0,0,0,0,0,0,0,0,0,0,0,0,0,0,0,0,0,0,0,0,0,0,0,0,0,0,0,0,0,0,0,0,0,0,0,0,14,0,0,0,0,0,0,0,0,14,0,0,0,0,0,0,0,0,0,0,0,0,0,0,0,0,0,0,0,0,15,0,0,0,0,0,0,0,0,15,0,0,0,0,0,0,0,0,0,0,0,0,0,0,0,0,0,0,0,0,0,0,0,0,0,0,0,0,0,0,0,0,0,0,0,0,0,0,0,0,0,0,0,0,0,0,0,0,0,0,0,0,0,0,0,0,0,0,0,0,0,0,0,0,0,0,0,0,0,0,0,0,0,0,0,0,0,0,0,0
ILOC70900401,0,0,0,0,0,0,0,0,0,0,0,0,0,0,0,0,0,0,0,0,0,0,0,0,0,0,0,0,0,0,38,0,0,0,0,0,0,0,0,38,0,0,0,0,0,0,0,0,0,0,4,0,0,0,0,0,0,0,0,4,0,0,0,0,0,0,0,0,0,0,0,0,0,0,0,0,0,0,0,0,43,0,0,0,0,0,0,0,0,43,0,0,0,0,0,0,0,0,0,0,0,0,0,0,0,0,0,0,0,0,43,0,0,0,0,0,0,0,0,43,0,0,0,0,0,0,0,0,0,0,0,0,0,0,0,0,0,0,0,0,0,0,0,0,0,0,0,0,0,0,0,0,0,0,0,0,0,0,0,0,0,0,0,0,0,0,0,0,0,0,0,0,0,0,0,0,0,0,0,0,0,0,0,0,0,0,0,0,0,0,0,0,0,0,0,0,0,0,0,0
ILOC70900402,0,0,0,0,0,0,0,0,0,0,0,0,0,0,0,0,0,0,0,0,0,0,0,0,0,0,0,0,0,0,0,0,0,0,0,0,0,0,0,0,0,0,0,0,0,0,0,0,0,0,0,0,0,0,0,0,0,0,0,0,0,0,0,0,0,0,0,0,0,0,0,0,0,0,0,0,0,0,0,0,0,0,0,0,0,0,0,0,0,0,0,0,0,0,0,0,0,0,0,0,0,0,0,0,0,0,0,0,0,0,0,0,0,0,0,0,0,0,0,0,0,0,0,0,0,0,0,0,0,0,0,0,0,0,0,0,0,0,0,0,0,0,0,0,0,0,0,0,0,0,0,0,0,0,0,0,0,0,0,0,0,0,0,0,0,0,0,0,0,0,0,0,0,0,0,0,0,0,0,0,0,0,0,0,0,0,0,0,0,0,0,0,0,0,0,0,0,0,0,0
ILOC70900403,0,0,0,0,0,0,0,0,0,0,0,0,0,0,0,0,0,0,0,0,0,0,0,0,0,0,0,0,0,0,0,0,0,0,0,0,0,0,0,0,0,0,0,0,0,0,0,0,0,0,0,0,0,0,0,0,0,0,0,0,0,0,0,0,0,0,0,0,0,0,0,0,0,0,0,0,0,0,0,0,0,0,0,0,0,0,0,0,0,0,0,0,0,0,0,0,0,0,0,0,0,0,0,0,0,0,0,0,0,0,0,0,0,0,0,0,0,0,0,0,4,0,0,0,0,0,0,0,0,7,0,0,0,0,0,0,0,0,0,0,0,0,0,0,0,0,0,0,0,0,0,0,0,0,0,0,0,0,0,0,0,0,0,0,0,0,0,0,0,0,0,0,0,0,0,0,0,0,0,0,0,0,0,0,0,0,0,0,0,0,0,0,0,0,0,0,0,0,0,0
ILOC70900501,0,0,0,0,0,0,0,0,0,0,0,0,0,0,0,0,0,0,0,0,0,0,0,0,0,0,0,0,0,0,23,0,0,0,0,0,0,0,0,23,0,0,0,0,0,0,0,0,0,0,0,0,0,0,0,0,0,0,0,0,0,0,0,0,0,0,0,0,0,0,0,0,0,0,0,0,0,0,0,0,23,0,0,0,0,0,0,0,0,23,0,0,0,0,0,0,0,0,0,0,0,0,0,0,0,0,0,0,0,0,24,0,0,0,0,0,0,0,0,27,0,0,0,0,0,0,0,0,0,0,0,0,0,0,0,0,0,0,0,0,0,0,0,0,0,0,0,0,0,0,0,0,0,0,0,0,0,0,0,4,0,0,0,0,0,0,0,0,0,0,0,0,0,0,0,0,0,0,0,0,0,0,0,0,0,0,0,0,0,0,0,0,0,0,0,0,0,0,0,0
ILOC70900502,0,0,0,0,0,0,0,0,0,0,0,0,0,0,0,0,0,0,0,0,0,0,0,0,0,0,0,0,0,0,0,0,0,0,0,0,0,0,0,0,0,0,0,0,0,0,0,0,0,0,15,0,0,0,0,0,0,0,0,15,0,0,0,0,0,0,0,0,0,0,0,0,0,0,0,0,0,0,0,0,17,0,0,0,0,0,0,0,0,17,8,0,0,0,0,0,0,0,0,8,0,0,0,0,0,0,0,0,0,0,25,0,0,0,0,0,0,0,0,25,5,0,0,0,0,0,0,0,0,7,0,0,0,0,0,0,0,0,0,0,0,0,0,0,0,0,0,0,0,0,0,0,0,0,0,0,0,0,0,0,0,0,0,0,0,0,0,0,0,0,0,0,0,0,0,0,0,0,0,0,7,0,0,0,0,0,0,0,0,6,0,0,0,0,0,0,0,0,0,0
ILOC70900503,0,0,0,0,0,0,0,0,0,0,0,0,0,0,0,0,0,0,0,0,0,0,0,0,0,0,0,0,0,0,17,0,0,0,0,0,0,0,0,17,0,0,0,0,0,0,0,0,0,0,3,0,0,0,0,0,0,0,0,3,0,0,0,0,0,0,0,0,0,0,0,0,0,0,0,0,0,0,0,0,21,0,0,0,0,0,0,0,0,21,0,0,0,0,0,0,0,0,0,0,0,0,0,0,0,0,0,0,0,0,24,0,0,0,0,0,0,0,0,24,0,0,0,0,0,0,0,0,0,0,0,0,0,0,0,0,0,0,0,0,0,0,0,0,0,0,0,0,0,0,0,0,0,0,0,0,0,0,0,0,0,0,0,0,0,0,0,0,0,0,0,0,0,0,0,0,0,0,0,0,3,0,0,0,0,0,0,0,0,3,0,0,0,0,0,0,0,0,0,0
ILOC70900601,0,0,0,0,0,0,0,0,0,0,0,0,0,0,0,0,0,0,0,0,0,0,0,0,0,0,0,0,0,0,12,0,0,0,0,0,0,0,0,12,0,0,0,0,0,0,0,0,0,0,0,0,0,0,0,0,0,0,0,0,0,0,0,0,0,0,0,0,0,0,0,0,0,0,0,0,0,0,0,0,15,0,0,0,0,0,0,0,0,15,7,0,0,0,0,0,0,0,0,7,0,0,0,0,0,0,0,0,0,0,20,0,0,0,0,0,0,0,0,20,0,0,0,0,0,0,0,0,0,0,0,0,0,0,0,0,0,0,0,0,0,0,0,0,0,0,0,0,0,0,0,0,0,0,0,0,0,0,0,0,0,0,0,0,0,0,0,0,0,0,0,0,0,0,0,0,0,0,0,0,0,0,0,0,0,0,0,0,0,0,0,0,0,0,0,0,0,0,0,0
ILOC70900602,0,0,0,0,0,0,0,0,0,0,0,0,0,0,0,0,0,0,0,0,0,0,0,0,0,0,0,0,0,0,20,0,0,0,0,0,0,0,0,25,0,0,0,0,0,0,0,0,0,0,3,0,0,0,0,0,0,0,0,3,0,0,0,0,0,0,0,0,0,0,0,0,0,0,0,0,0,0,0,0,28,0,0,0,0,0,0,0,0,28,0,0,0,0,0,0,0,0,0,0,4,0,0,0,0,0,0,0,0,7,26,0,0,0,0,0,0,0,0,33,0,0,0,0,0,0,0,0,0,0,0,0,0,0,0,0,0,0,0,0,0,0,0,0,0,0,0,0,0,0,0,0,0,0,0,0,0,0,0,0,0,0,0,0,0,0,0,0,0,0,0,0,0,0,0,0,0,0,0,0,0,3,0,0,0,0,0,0,0,5,0,0,0,0,0,0,0,0,0,0
ILOC70900701,0,0,0,0,0,0,0,0,0,0,0,0,0,0,0,0,0,0,0,0,0,0,0,0,0,0,0,0,0,0,85,0,0,0,0,0,0,0,0,85,0,0,0,0,0,0,0,0,0,0,4,0,0,0,0,0,0,0,0,4,0,0,0,0,0,0,0,0,0,0,0,0,0,0,0,0,0,0,0,0,88,0,0,0,0,0,0,0,0,88,5,0,0,0,0,0,0,0,0,5,0,0,0,0,0,0,0,0,0,0,88,0,0,0,0,0,0,0,0,88,0,0,0,0,0,0,0,0,0,0,0,0,0,0,0,0,0,0,0,0,0,0,0,0,0,0,0,0,0,0,0,0,0,0,0,0,0,0,0,0,0,0,0,0,0,0,0,0,0,0,0,0,0,0,0,0,0,0,0,0,7,0,0,0,0,0,0,0,0,7,0,0,0,0,0,0,0,0,0,0
ILOC70900801,0,0,0,0,0,0,0,0,0,0,0,0,0,0,0,0,0,0,0,0,0,0,0,0,0,0,0,0,0,0,24,0,0,0,0,0,0,0,0,24,0,0,0,0,0,0,0,0,0,0,15,0,0,0,0,0,0,0,0,13,0,0,0,0,0,0,0,0,0,0,0,0,0,0,0,0,0,0,0,0,35,0,0,0,0,0,0,0,0,37,0,0,0,0,0,0,0,0,0,0,0,0,0,0,0,0,0,0,0,0,35,0,0,0,0,0,0,0,0,37,0,0,0,0,0,0,0,0,0,0,0,0,0,0,0,0,0,0,0,0,0,0,0,0,0,0,0,0,0,0,0,0,0,0,0,0,0,0,0,0,0,0,0,0,0,0,0,0,0,0,0,0,0,0,0,0,0,0,0,0,0,0,0,0,0,0,0,0,0,0,0,0,0,0,0,0,0,0,0,0
ILOC70900802,8,0,0,0,0,0,0,0,0,8,0,0,0,0,0,0,0,0,0,0,0,0,0,0,0,0,0,0,0,0,4,0,0,0,0,0,0,0,0,4,0,0,0,0,0,0,0,0,0,0,3,0,0,0,0,0,0,0,0,3,0,0,0,0,0,0,0,0,0,0,0,0,0,0,0,0,0,0,0,0,3,0,0,0,0,0,0,0,0,3,5,0,0,0,0,0,0,0,0,7,0,0,0,0,0,0,0,0,0,0,10,0,0,0,0,0,0,0,0,18,0,0,0,7,0,0,0,7,0,8,0,0,0,0,0,0,0,0,0,0,0,0,0,0,0,0,0,0,0,0,0,0,0,0,0,0,0,0,0,0,0,0,0,0,0,0,0,0,0,0,0,0,0,0,0,0,0,0,0,0,0,0,0,0,0,0,0,0,0,0,0,0,0,0,0,0,0,0,0,0
ILOC70900901,0,0,0,0,0,0,0,0,0,0,0,0,0,0,0,0,0,0,0,0,0,0,0,0,0,0,0,0,0,0,19,3,0,0,0,0,0,0,0,22,0,0,0,0,0,0,0,0,0,0,0,0,0,0,0,0,0,0,0,0,0,0,0,0,0,0,0,0,0,0,0,0,0,0,0,0,0,0,0,0,17,3,0,0,0,0,0,0,0,20,0,0,0,0,0,0,0,0,0,0,0,0,0,0,0,0,0,0,0,0,17,5,0,0,0,0,0,0,0,28,0,0,0,0,0,0,0,0,0,0,0,0,0,0,0,0,0,0,0,0,0,0,0,0,0,0,0,0,0,0,0,0,0,0,0,0,0,0,0,0,0,0,0,0,0,0,0,0,0,0,0,0,0,0,0,0,0,0,0,0,0,0,0,0,0,0,0,0,0,0,0,0,0,0,0,0,0,0,0,0
ILOC70900902,0,0,0,0,0,0,0,0,0,0,0,0,0,0,0,0,0,0,0,0,0,0,0,0,0,0,0,0,0,0,16,6,0,0,0,0,0,0,0,21,0,0,0,0,0,0,0,0,0,0,14,0,3,0,0,0,0,0,0,22,11,50,13,0,0,0,0,0,13,85,0,0,0,0,0,0,0,0,0,0,42,62,19,0,0,0,0,0,13,138,3,0,0,0,0,0,0,0,0,4,3,6,3,0,0,0,0,0,0,4,54,71,24,0,0,0,0,0,12,152,3,0,0,6,0,0,0,11,0,13,0,0,0,0,0,0,0,0,0,0,0,0,0,0,0,0,0,0,0,0,0,6,0,0,0,0,0,0,0,8,0,0,0,0,0,0,0,0,0,0,0,6,7,0,0,0,0,0,5,18,28,125,62,3,0,0,0,3,13,231,0,0,0,0,0,0,0,0,0,0
ILOC70901001,0,0,0,0,0,0,0,0,0,0,0,0,0,0,0,0,0,0,0,0,0,0,0,0,0,0,0,0,0,0,46,0,0,0,0,0,0,0,0,46,0,0,0,0,0,0,0,0,0,0,0,0,0,0,0,0,0,0,0,0,0,0,0,0,0,0,0,0,0,0,0,0,0,0,0,0,0,0,0,0,46,0,0,0,0,0,0,0,0,46,0,0,0,0,0,0,0,0,0,0,0,0,0,0,0,0,0,0,0,0,46,0,0,0,0,0,0,0,0,46,0,0,0,0,0,0,0,0,0,0,0,0,0,0,0,0,0,0,0,0,0,0,0,0,0,0,0,0,0,0,0,0,0,0,0,0,0,0,0,0,0,0,0,0,0,0,0,0,0,0,0,0,0,0,0,0,0,0,0,0,5,0,0,0,0,0,0,0,0,5,0,0,0,0,0,0,0,0,0,0
ILOC70901002,0,0,0,0,0,0,0,0,0,0,0,0,0,0,0,0,0,0,0,0,0,0,0,0,0,0,0,0,0,0,0,0,0,0,0,0,0,0,0,0,0,0,0,0,0,0,0,0,0,0,0,0,0,0,0,0,0,0,0,0,0,0,0,0,0,0,0,0,0,0,0,0,0,0,0,0,0,0,0,0,0,0,0,0,0,0,0,0,0,0,3,0,0,0,0,0,0,0,0,3,0,0,0,0,0,0,0,0,0,0,3,0,0,0,0,0,0,0,0,3,0,0,0,0,0,0,0,0,0,0,0,0,0,0,0,0,0,0,0,0,0,0,0,0,0,0,0,0,0,0,0,0,0,0,0,0,0,0,0,0,0,0,0,0,0,0,0,0,0,0,0,0,0,0,0,0,0,0,0,0,0,0,0,0,0,0,0,0,0,0,0,0,0,0,0,0,0,0,0,0
ILOC70901101,0,0,0,0,0,0,0,0,0,0,0,0,0,0,0,0,0,0,0,0,0,0,0,0,0,0,0,0,0,0,39,0,0,0,0,0,0,0,0,39,0,0,0,0,0,0,0,0,0,0,4,0,0,0,0,0,0,0,0,5,0,0,0,0,0,0,0,0,0,0,0,0,0,0,0,0,0,0,0,0,44,5,0,0,0,0,0,0,0,48,0,0,0,0,0,0,0,0,0,0,0,0,0,0,0,0,0,0,0,0,44,5,0,0,0,0,0,0,0,48,0,0,0,0,0,0,0,0,0,0,0,0,0,0,0,0,0,0,0,0,0,0,0,0,0,0,0,0,0,0,0,0,0,0,0,0,0,0,0,0,0,0,0,0,0,0,0,0,0,0,0,0,0,0,0,0,0,0,0,0,4,0,0,0,0,0,0,0,0,4,0,0,0,0,0,0,0,0,0,0
ILOC70901102,0,0,0,0,0,0,0,0,0,0,0,0,0,0,0,0,0,0,0,0,0,0,0,0,0,0,0,0,0,0,4,0,0,0,0,0,0,0,0,4,0,0,0,0,0,0,0,0,0,0,0,0,0,0,0,0,0,0,0,0,0,0,0,0,0,0,0,0,0,0,0,0,0,0,0,0,0,0,0,0,3,0,0,0,0,0,0,0,0,3,6,0,0,0,0,0,0,0,0,6,3,0,0,0,0,0,0,0,0,3,12,0,0,0,0,0,0,0,0,12,0,0,0,0,0,0,0,0,0,0,0,0,0,0,0,0,0,0,0,0,0,0,0,0,0,0,0,0,0,0,0,0,0,0,0,0,0,0,0,0,0,0,0,0,0,0,0,0,0,0,0,0,0,0,0,0,0,0,0,0,0,0,0,0,0,0,0,0,0,0,0,0,0,0,0,0,0,0,0,0
ILOC70901201,0,0,0,0,0,0,0,0,0,0,0,0,0,0,0,0,0,0,0,0,0,0,0,0,0,0,0,0,0,0,12,0,0,0,0,0,0,0,0,12,0,0,0,0,0,0,0,0,0,0,0,0,0,0,0,0,0,0,0,0,0,0,0,0,0,0,0,0,0,0,0,0,0,0,0,0,0,0,0,0,8,0,0,0,0,0,0,0,0,8,0,0,0,0,0,0,0,0,0,0,0,0,0,0,0,0,0,0,0,0,8,0,0,0,0,0,0,0,0,8,0,0,0,0,0,0,0,0,0,0,0,0,0,0,0,0,0,0,0,0,0,0,0,0,0,0,0,0,0,0,0,0,0,0,0,0,0,0,0,0,0,0,0,0,0,0,0,0,0,0,0,0,0,0,0,0,0,0,0,0,0,0,0,0,0,0,0,0,0,0,0,0,0,0,0,0,0,0,0,0
ILOC70901202,0,0,0,0,0,0,0,0,0,0,0,0,0,0,0,0,0,0,0,0,0,0,0,0,0,0,0,0,0,0,8,0,0,0,0,0,0,0,0,8,0,0,0,0,0,0,0,0,0,0,4,0,0,0,0,0,0,0,0,4,0,0,0,0,0,0,0,0,0,0,0,0,0,0,0,0,0,0,0,0,7,0,0,0,0,0,0,0,0,7,0,0,0,0,0,0,0,0,0,0,0,0,0,0,0,0,0,0,0,0,7,0,0,0,0,0,0,0,0,7,0,0,0,0,0,0,0,0,0,0,0,0,0,0,0,0,0,0,0,0,0,0,0,0,0,0,0,0,0,0,0,0,0,0,0,0,0,0,0,0,0,0,0,0,0,0,0,0,0,0,0,0,0,0,0,0,0,0,0,0,0,0,0,0,0,0,0,0,0,0,0,0,0,0,0,0,0,0,0,0
ILOC70901203,0,0,0,0,0,0,0,0,0,0,0,0,0,0,0,0,0,0,0,0,0,0,0,0,0,0,0,0,0,0,3,0,0,0,0,0,0,0,0,3,0,0,0,0,0,0,0,0,0,0,0,0,0,0,0,0,0,0,0,0,0,0,0,0,0,0,0,0,0,0,0,0,0,0,0,0,0,0,0,0,3,0,0,0,0,0,0,0,0,3,4,0,0,0,0,0,0,0,0,4,0,0,0,0,0,0,0,0,0,0,8,0,0,0,0,0,0,0,0,8,0,0,0,0,0,0,0,0,0,0,0,0,0,0,0,0,0,0,0,0,0,0,0,0,0,0,0,0,0,0,0,0,0,0,0,0,0,0,0,0,0,0,0,0,0,0,0,0,0,0,0,0,0,0,0,0,0,0,0,0,0,0,0,0,0,0,0,0,0,0,0,0,0,0,0,0,0,0,0,0
ILOC70901204,0,0,0,0,0,0,0,0,0,0,0,0,0,0,0,0,0,0,0,0,0,0,0,0,0,0,0,0,0,0,34,0,0,0,0,0,0,0,0,29,0,0,0,0,0,0,0,0,0,0,10,0,0,0,0,0,0,0,0,10,0,0,0,0,0,0,0,0,0,0,0,0,0,0,0,0,0,0,0,0,44,0,0,0,0,0,0,0,0,45,13,0,0,0,0,0,0,0,0,15,0,0,0,0,0,0,0,0,0,0,63,0,0,0,0,4,0,5,0,66,0,0,0,0,0,0,0,0,0,0,0,0,0,0,0,0,0,0,0,0,0,0,0,0,0,0,0,0,0,0,3,0,0,0,0,0,0,0,0,3,0,0,0,0,0,0,0,0,0,0,3,0,0,0,0,0,0,0,0,3,0,0,0,0,0,0,0,0,0,0,0,0,0,0,0,0,0,0,0,0
ILOC70901301,0,0,0,0,0,0,0,0,0,0,0,0,0,0,0,0,0,0,0,0,0,0,0,0,0,0,0,0,0,0,46,0,0,0,0,0,0,0,0,50,0,0,0,0,0,0,0,0,0,0,5,0,0,0,0,0,0,0,0,5,0,0,0,0,0,0,0,0,0,0,0,0,0,0,0,0,0,0,0,0,52,0,0,0,0,0,0,0,0,58,0,0,0,0,0,0,0,0,0,0,0,4,0,0,0,0,0,0,0,0,55,4,0,0,0,0,0,0,0,57,0,0,0,0,0,0,0,0,0,0,0,0,0,0,0,0,0,0,0,0,0,0,0,0,0,0,0,0,0,0,0,0,0,0,0,0,0,0,0,0,0,0,0,0,0,0,0,0,0,0,0,0,0,0,0,0,0,0,0,0,6,0,4,0,0,0,0,0,0,7,0,0,0,0,0,0,0,0,0,0
ILOC70901302,0,0,0,0,0,0,0,0,0,0,0,0,0,0,0,0,0,0,0,0,0,0,0,0,0,0,0,0,0,0,0,0,0,0,0,0,0,0,0,0,0,0,0,0,0,0,0,0,0,0,0,0,0,0,0,0,0,0,0,0,0,0,0,0,0,0,0,0,0,0,0,0,0,0,0,0,0,0,0,0,0,0,0,0,0,0,0,0,0,0,0,0,0,0,0,0,0,0,0,0,0,0,0,0,0,0,0,0,0,0,0,0,0,0,0,0,0,0,0,0,0,0,0,0,0,0,0,0,0,0,0,0,0,0,0,0,0,0,0,0,0,0,0,0,0,0,0,0,0,0,0,0,0,0,0,0,0,0,0,0,0,0,0,0,0,0,0,0,0,0,0,0,0,0,0,0,0,0,0,0,0,0,0,0,0,0,0,0,0,0,0,0,0,0,0,0,0,0,0,0
ILOC70901401,0,0,0,0,0,0,0,0,0,0,0,0,0,0,0,0,0,0,0,0,0,0,0,0,0,0,0,0,0,0,25,0,0,0,0,0,0,0,0,25,0,0,0,0,0,0,0,0,0,0,3,0,0,0,0,0,0,0,0,3,0,0,0,0,0,0,0,0,0,0,0,0,0,0,0,0,0,0,0,0,28,0,0,0,0,0,0,0,0,30,0,0,0,0,0,0,0,0,0,0,0,0,0,0,0,0,0,0,0,0,32,0,0,0,0,0,0,0,0,35,0,0,0,0,0,0,0,0,0,0,0,0,0,0,0,0,0,0,0,0,0,0,0,0,0,0,0,0,0,0,0,0,0,0,0,0,0,0,0,0,0,0,0,0,0,0,0,0,0,0,0,0,0,0,0,0,0,0,0,0,0,0,0,0,0,0,0,0,0,0,0,0,0,0,0,0,0,0,0,0
ILOC70901402,0,0,0,0,0,0,0,0,0,8,0,0,0,0,0,0,0,0,0,0,0,0,0,0,0,0,0,0,0,0,12,0,0,0,0,0,0,0,0,15,0,0,0,0,0,0,0,0,0,0,10,0,0,0,0,0,0,0,0,8,0,0,0,0,0,0,0,0,0,0,0,0,0,0,0,0,0,0,0,0,24,0,0,0,0,0,0,3,0,29,14,0,0,0,0,0,0,0,0,14,15,0,0,0,0,0,0,0,0,15,56,0,0,0,0,0,0,3,5,62,0,0,0,0,0,0,0,0,3,3,0,0,0,0,0,0,0,0,0,0,0,0,0,0,0,0,0,0,0,0,0,0,0,0,0,0,0,0,0,0,0,0,0,0,0,0,0,0,3,3,0,0,0,0,0,0,0,0,0,0,0,0,0,0,0,0,0,0,0,0,0,0,0,0,0,0,0,0,0,0
ILOC70901403,0,0,0,0,0,0,0,0,0,4,0,0,0,0,0,0,0,0,0,0,0,0,0,0,0,0,0,0,0,0,4,0,0,0,0,0,0,0,0,4,0,0,0,0,0,0,0,0,0,0,16,0,0,0,0,0,0,0,0,16,0,0,0,0,0,0,0,0,0,0,0,0,0,0,0,0,0,0,0,0,19,0,0,0,0,0,0,0,0,19,21,0,0,0,0,0,0,0,0,22,0,0,0,0,0,0,0,0,0,0,37,0,0,0,0,0,0,0,0,42,4,0,0,0,0,0,0,0,0,5,0,0,0,0,0,0,0,0,0,0,0,0,0,0,0,0,0,0,0,0,0,0,0,0,0,0,0,0,0,0,0,0,0,0,0,0,0,0,0,0,0,0,0,0,0,0,0,0,0,0,3,0,0,0,0,0,0,0,0,3,0,0,0,0,0,0,0,0,0,0
ILOC70901404,0,0,0,0,0,0,0,0,0,0,0,0,0,0,0,0,0,0,0,0,0,0,0,0,0,0,0,0,0,0,0,0,0,0,0,0,0,0,0,0,0,0,0,0,0,0,0,0,0,0,4,0,0,0,0,0,0,0,0,4,0,0,0,0,0,0,0,0,0,0,0,0,0,0,0,0,0,0,0,0,4,0,0,0,0,0,0,0,0,4,14,0,0,0,0,0,0,0,0,14,0,0,0,0,0,0,0,0,0,0,22,0,0,0,0,0,0,0,0,22,0,0,0,0,0,0,0,0,0,0,0,0,0,0,0,0,0,0,0,0,0,0,0,0,0,0,0,0,0,0,0,0,0,0,0,0,0,0,0,0,0,0,0,0,0,0,0,0,0,0,0,0,0,0,0,0,0,0,0,0,0,0,0,0,0,0,0,0,0,0,0,0,0,0,0,0,0,0,0,0
ILOC70901501,0,0,0,0,0,0,0,0,0,0,0,0,0,0,0,0,0,0,0,0,0,0,0,0,0,0,0,0,0,0,16,0,0,0,0,0,0,0,0,16,0,0,0,0,0,0,0,0,0,0,13,0,0,0,0,0,0,0,0,13,0,0,0,0,0,0,0,0,0,0,0,0,0,0,0,0,0,0,0,0,31,0,0,0,0,0,0,0,0,31,0,0,0,0,0,0,0,0,0,0,0,0,0,0,0,0,0,0,0,0,31,0,0,0,0,0,0,0,0,30,0,0,0,0,0,0,0,0,0,0,0,0,0,0,0,0,0,0,0,0,0,0,0,0,0,0,0,0,0,0,0,0,0,0,0,0,0,0,0,0,0,0,0,0,0,0,0,0,0,0,0,0,0,0,0,0,0,0,0,0,0,0,0,0,0,0,0,0,0,0,0,0,0,0,0,0,0,0,0,0
ILOC70901601,0,0,0,0,0,0,0,0,0,0,0,0,0,0,0,0,0,0,0,0,0,0,0,0,0,0,0,0,0,0,26,0,0,0,0,0,0,0,0,26,0,0,0,0,0,0,0,0,0,0,0,0,0,0,0,0,0,0,0,0,0,0,0,0,0,0,0,0,0,0,0,0,0,0,0,0,0,0,0,0,28,0,0,0,0,0,0,0,0,28,0,0,0,0,0,0,0,0,0,0,0,0,0,0,0,0,0,0,0,0,28,0,0,0,0,0,0,0,0,28,0,0,0,0,0,0,0,0,0,0,0,0,0,0,0,0,0,0,0,0,0,0,0,0,0,0,0,0,0,0,0,0,0,0,0,0,0,0,0,0,0,0,0,0,0,0,0,0,0,0,0,0,0,0,0,0,0,0,0,0,0,0,0,0,0,0,0,0,0,0,0,0,0,0,0,0,0,0,0,0
ILOC70901701,3,0,0,0,0,0,0,0,0,3,0,0,0,0,0,0,0,0,0,0,0,0,0,0,0,0,0,0,0,0,77,0,0,0,0,0,0,0,0,77,0,0,0,0,0,0,0,0,0,0,20,0,0,0,0,0,0,0,0,25,0,0,0,0,0,0,0,0,0,0,0,0,0,0,0,0,0,0,0,0,101,0,0,0,0,0,0,0,0,108,5,0,0,0,0,0,0,0,0,5,5,0,0,0,0,0,0,0,0,5,118,0,0,0,0,0,0,0,0,119,0,0,0,0,0,0,0,0,0,0,0,0,0,0,0,0,0,0,0,0,0,0,0,0,0,0,0,0,0,0,0,0,0,0,0,0,0,0,0,6,0,0,0,0,0,0,0,0,0,0,4,0,0,0,0,0,0,0,0,4,7,0,0,0,0,0,0,0,0,15,0,0,0,0,0,0,0,0,0,0
ILOC79499494,0,0,0,0,0,0,0,0,0,0,0,0,0,0,0,0,0,0,0,0,0,0,0,0,0,0,0,0,0,0,0,0,0,0,0,0,0,0,0,0,0,0,0,0,0,0,0,0,0,0,0,0,0,0,0,0,0,0,0,0,0,0,0,0,0,0,0,0,0,0,0,0,0,0,0,0,0,0,0,0,0,0,0,0,0,0,0,0,0,0,0,0,0,0,0,0,0,0,0,0,0,0,0,0,0,0,0,0,0,0,0,0,0,0,0,0,0,0,0,0,0,0,0,0,0,0,0,0,0,0,0,0,0,0,0,0,0,0,0,0,0,0,0,0,0,0,0,0,0,0,0,0,0,0,0,0,0,0,0,0,0,0,0,0,0,0,0,0,0,0,0,0,0,0,0,0,0,0,0,0,0,0,0,0,0,0,0,0,0,0,0,0,0,0,0,0,0,0,0,0
ILOC79799797,0,0,0,0,0,0,0,0,0,0,0,0,0,0,0,0,0,0,0,0,0,0,0,0,0,0,0,0,0,0,0,0,0,0,0,0,0,0,0,0,0,0,0,0,0,0,0,0,0,0,0,0,0,0,0,0,0,0,0,0,0,0,0,0,0,0,0,0,0,0,0,0,0,0,0,0,0,0,0,0,0,0,0,0,0,0,0,0,0,0,0,0,0,0,0,0,0,0,0,0,0,0,0,0,0,0,0,0,0,0,0,0,0,0,0,0,0,0,0,0,0,0,0,0,0,0,0,0,0,0,0,0,0,0,0,0,0,0,0,0,0,0,0,0,0,0,0,0,0,0,0,0,0,0,0,0,0,0,0,0,0,0,0,0,0,0,0,0,0,0,0,0,0,0,0,0,0,0,0,0,0,0,0,0,0,0,0,0,0,0,0,0,0,0,0,0,0,0,0,0
