ILOC_CODE_2021,Neg_Nil_inc_Hh_with_Ind_psns,Neg_Nil_inc_Other_households,Neg_Nil_income_Tot_hhlds,1_149_Hhd_with_Indig_psns,1_149_Other_households,1_149_Tot_hhlds,150_299_Hhd_with_Indig_psns,150_299_Other_households,150_299_Tot_hhlds,300_399_Hhd_with_Indig_psns,300_399_Other_households,300_399_Tot_hhlds,400_499_Hhd_with_Indig_psns,400_499_Other_households,400_499_Tot_hhlds,500_649_Hhd_with_Indig_psns,500_649_Other_households,500_649_Tot_hhlds,650_799_Hhd_with_Indig_psns,650_799_Other_households,650_799_Tot_hhlds,800_999_Hh_with_Indig_psn,800_999_Other_households,800_999_Tot_hhlds,1000_1249_Hh_with_Indig_psn,1000_1249_Other_households,1000_1249_Tot_hhlds,1250_1499_Hh_with_Indig_psn,1250_1499_Other_households,1250_1499_Tot_hhlds,1500_1749_Hh_with_Indig_psn,1500_1749_Other_households,1500_1749_Tot_hhlds,1750_1999_Hh_with_Indig_psn,1750_1999_Other_households,1750_1999_Tot_hhlds,2000_2499_Hh_with_Indig_psn,2000_2499_Other_households,2000_2499_Tot_hhlds,2500_2999_Hh_with_Indig_psn,2500_2999_Other_households,2500_2999_Tot_hhlds,3000_3499_Hh_with_Indig_psn,3000_3499_Other_households,3000_3499_Tot_hhlds,3500_more_Hh_with_Indig_psn,3500_more_stated_Other_hhds,3500_more_stated_Tot_hhlds,Part_inc_st_Hh_with_Indig_psn,Partial_inc_stated_Other_hhds,Partial_inc_stated_Tot_hhlds,All_inc_ns_Hh_with_Ind_psns,All_income_ns_Other_household,All_inc_NS_Tot_hhlds,Tot_Household_with_Indig_psns,Tot_Other_households,Tot_Tot_hhlds
ILOC70300101,3,8,7,0,0,0,0,5,6,0,17,17,3,29,29,9,17,26,7,24,31,7,27,34,0,33,28,0,42,48,6,39,42,3,30,25,11,82,93,8,47,51,9,41,47,12,117,131,3,55,54,0,8,13,75,604,679
ILOC70300102,0,12,16,0,0,0,0,3,6,0,12,12,0,11,12,0,15,19,0,24,28,7,31,38,0,56,56,0,59,62,7,41,49,0,53,58,10,109,124,3,77,84,8,70,82,12,233,246,0,82,85,4,13,12,63,913,975
ILOC70300201,0,4,4,0,0,0,0,4,4,0,12,15,4,10,18,3,10,18,7,24,27,9,35,40,3,29,38,3,34,40,7,33,42,4,46,49,12,77,87,12,55,65,13,54,66,14,161,177,9,49,59,6,7,14,119,643,760
ILOC70300202,0,10,8,0,0,4,0,3,3,6,3,8,0,10,5,0,9,14,7,28,34,4,21,26,5,34,40,6,35,42,8,30,38,9,30,35,10,102,114,14,62,77,10,57,70,28,135,165,14,47,62,0,8,8,134,634,768
ILOC70300301,0,0,0,0,0,0,9,0,9,4,0,4,0,0,0,0,0,0,8,0,8,3,0,3,4,0,4,0,0,0,0,0,0,4,0,4,4,0,4,0,0,0,0,0,0,0,0,0,3,0,3,0,0,0,51,0,51
ILOC70300302,0,15,16,0,9,9,4,19,22,17,48,66,31,83,110,12,42,50,11,43,50,12,71,80,8,92,98,16,93,108,8,60,69,10,83,93,22,174,195,8,98,104,6,89,97,16,211,232,10,108,117,3,16,21,181,1358,1532
ILOC70300303,0,0,0,0,0,0,0,0,0,3,6,11,0,0,0,0,0,3,0,0,0,0,0,0,0,0,0,0,0,0,0,0,0,0,0,0,0,0,0,0,0,0,0,0,0,0,0,0,0,0,0,0,0,0,16,0,15
ILOC70300304,0,3,5,0,0,0,0,0,6,0,4,4,6,14,12,7,0,5,11,11,17,3,4,8,5,9,12,4,5,11,0,5,10,0,9,6,3,9,15,0,12,12,3,10,10,0,37,38,0,11,9,0,6,11,40,148,193
ILOC70300401,0,9,14,0,0,0,0,3,8,6,7,8,4,29,30,0,4,7,8,22,30,3,16,21,5,13,18,7,16,20,3,8,12,4,19,22,7,14,25,7,8,10,0,11,14,3,9,11,5,16,26,0,14,12,59,219,280
ILOC70300402,4,0,6,0,0,0,5,0,5,0,7,9,7,11,20,0,5,5,8,7,11,3,5,13,4,0,10,3,4,9,5,3,7,0,4,5,9,11,16,0,0,4,0,0,0,0,0,0,0,8,11,0,6,6,50,80,135
ILOC70300403,0,0,0,0,0,0,4,0,4,3,0,3,6,0,6,3,0,3,6,0,6,4,0,4,0,0,0,3,0,3,4,0,4,0,0,0,0,0,0,0,0,0,0,0,0,0,0,0,5,0,5,4,0,4,46,0,46
ILOC70300404,0,11,10,0,8,8,0,12,14,3,14,17,5,55,59,4,15,23,7,32,44,4,25,29,4,37,43,3,34,35,4,11,12,0,20,19,0,28,33,3,13,15,3,13,16,10,28,36,5,35,38,0,15,15,63,396,463
ILOC70300501,0,17,19,0,8,10,0,15,15,3,21,24,9,48,59,6,45,53,0,71,71,11,93,102,7,169,178,23,213,233,3,214,217,7,225,231,12,501,514,12,191,207,12,217,225,29,553,586,7,208,218,0,22,27,159,2829,2984
ILOC70300502,0,26,26,0,8,6,4,17,20,15,40,52,9,78,85,10,41,51,9,65,76,9,71,79,4,94,101,12,135,150,17,116,129,5,117,120,17,300,312,10,140,152,11,158,172,31,522,553,11,150,156,0,24,32,168,2111,2277
ILOC70300503,0,17,18,0,9,9,3,3,6,0,33,33,3,36,34,5,24,26,0,32,30,0,48,49,4,69,73,5,88,92,4,94,98,0,103,106,8,286,298,8,126,129,3,141,147,20,372,393,9,164,165,0,19,24,76,1651,1724
ILOC70300504,0,23,23,0,6,6,0,7,8,0,14,12,3,19,28,0,35,41,4,44,49,0,78,85,5,95,99,12,145,151,8,133,142,14,148,161,19,341,361,23,217,234,16,213,230,29,649,680,17,237,249,7,22,20,143,2436,2579
ILOC70300601,8,18,26,0,10,7,5,19,25,13,23,43,14,63,77,18,44,63,14,52,68,22,68,89,14,76,89,27,82,110,19,76,90,19,82,94,27,154,185,21,94,112,15,82,103,45,159,207,39,101,139,7,25,29,332,1225,1554
ILOC70300701,0,0,5,0,0,0,0,6,7,4,0,9,0,7,9,0,0,0,0,0,9,0,7,13,4,12,21,0,9,13,11,3,8,0,4,4,5,24,20,0,17,18,0,19,19,5,40,51,0,28,29,0,5,5,36,197,231
ILOC70300702,0,21,23,0,3,6,0,6,8,5,14,15,0,26,23,0,22,23,0,37,38,5,49,50,10,58,66,10,77,82,6,60,63,6,47,55,20,88,104,10,69,81,3,70,74,33,227,260,16,94,111,3,14,19,121,979,1098
ILOC70300703,0,14,9,0,8,8,0,5,8,0,20,24,4,33,34,5,17,22,7,41,46,9,37,51,8,50,51,8,41,52,3,31,32,5,37,42,12,74,86,9,58,69,11,47,60,15,119,130,24,87,108,0,15,16,109,729,840
ILOC70300704,0,22,22,0,3,3,0,10,12,0,16,16,0,25,29,0,32,32,0,25,34,3,45,48,10,56,64,0,64,66,9,45,50,3,58,60,14,122,136,13,90,101,16,94,111,44,312,351,22,122,152,7,26,33,145,1169,1311
ILOC70300705,0,20,21,0,15,15,3,17,26,3,24,22,5,66,72,7,47,53,7,74,83,16,89,101,14,102,117,18,108,122,15,111,130,9,107,121,18,247,267,27,169,194,28,197,225,84,622,708,45,285,323,8,51,59,304,2352,2658
ILOC70300706,0,0,0,0,0,0,0,0,0,0,5,5,0,0,4,0,5,5,0,0,0,0,4,4,0,0,0,3,7,9,0,0,3,0,5,5,4,5,12,0,10,10,0,5,7,0,34,33,6,11,14,0,3,0,19,99,114
ILOC70300801,7,13,17,3,7,7,11,13,21,19,19,37,15,49,67,16,30,45,18,24,43,22,28,52,19,56,76,12,44,54,14,52,59,8,37,40,20,92,116,14,52,66,16,51,67,29,122,155,24,61,85,5,14,18,257,770,1024
ILOC70300901,0,20,23,6,4,9,5,18,21,15,29,43,23,36,58,4,36,42,10,40,43,13,38,51,9,65,74,10,76,84,3,57,65,11,66,70,14,139,150,15,86,98,6,79,82,31,199,227,3,90,92,3,19,21,167,1094,1263
ILOC70301001,0,8,6,0,6,3,0,6,6,5,4,7,4,12,17,0,13,18,4,8,15,7,24,28,6,23,31,0,28,34,6,27,30,5,23,27,3,62,67,4,37,43,5,51,53,18,136,147,12,48,57,3,10,13,74,512,589
ILOC70301002,0,7,7,0,0,0,4,10,8,8,16,26,3,29,41,6,23,32,0,40,46,7,44,53,5,70,71,4,49,54,10,55,71,5,61,67,17,129,135,3,56,64,0,61,59,13,112,125,10,76,82,6,13,19,106,861,969
ILOC70301101,0,15,12,0,0,0,0,6,3,0,7,6,0,22,26,3,11,12,4,23,30,10,22,37,9,34,46,4,44,48,3,29,33,4,35,40,7,70,76,10,50,64,0,43,44,9,109,123,3,42,49,0,5,8,85,568,645
ILOC70301102,3,12,14,0,7,7,0,9,9,4,7,12,0,17,16,3,17,19,3,25,28,4,18,20,5,29,36,6,33,43,4,30,33,7,34,34,8,78,85,7,51,57,4,43,49,11,92,103,13,51,64,5,13,19,79,563,642
ILOC70301103,0,3,8,0,3,0,4,3,6,5,12,11,4,15,18,5,9,18,0,19,20,3,24,28,4,21,21,3,30,31,0,21,20,4,25,23,0,52,55,4,45,50,6,41,42,18,139,154,13,45,54,3,6,6,68,500,567
ILOC70301201,5,11,15,0,3,8,0,3,3,0,16,18,0,21,28,6,55,55,9,54,59,0,73,70,12,81,93,6,101,111,12,88,96,5,107,111,14,186,194,0,96,100,0,73,77,26,315,344,0,126,130,0,12,12,102,1418,1522
ILOC70301202,3,9,17,0,4,4,0,9,9,5,13,19,4,39,41,4,25,31,6,38,47,7,58,64,9,59,65,8,67,81,8,76,77,3,65,69,7,186,194,6,84,89,11,82,88,15,290,304,15,89,108,0,13,17,106,1203,1309
ILOC70301301,16,39,59,5,13,10,3,19,27,12,44,55,16,89,109,9,84,94,19,118,136,30,154,186,50,243,293,53,271,327,47,342,383,42,342,384,122,798,920,97,573,673,82,484,570,175,1034,1204,75,550,619,5,48,53,851,5255,6111
ILOC70301302,5,3,10,0,3,3,7,5,9,13,13,23,10,16,22,8,25,30,4,26,33,10,26,33,12,53,70,14,62,77,8,50,55,11,50,61,17,115,127,7,61,71,4,72,80,21,113,135,17,75,91,3,9,8,165,771,940
ILOC70301303,8,19,20,0,3,8,0,3,3,8,18,24,0,26,24,3,25,27,5,33,42,4,34,41,12,86,99,7,108,123,11,99,107,10,110,119,25,266,288,27,209,235,18,164,178,46,468,512,23,196,216,0,15,16,197,1874,2075
ILOC70301304,10,6,15,0,0,3,7,12,20,32,32,62,46,56,104,16,23,37,18,33,49,14,51,67,21,69,92,14,52,71,11,49,60,16,48,71,22,132,152,17,52,65,14,51,66,16,81,100,25,61,86,4,15,18,303,834,1136
ILOC70301305,0,7,7,8,3,5,8,13,19,15,21,37,24,37,59,15,22,43,23,32,53,17,33,46,19,50,75,12,58,74,10,42,51,11,36,48,25,78,106,10,55,63,15,41,59,26,65,90,24,77,92,6,18,23,266,685,950
ILOC70301306,0,0,0,0,0,0,0,0,0,0,0,0,0,0,0,0,0,0,0,0,0,0,0,0,3,0,3,0,0,0,0,0,0,0,0,0,0,0,0,0,0,0,0,0,0,0,0,0,0,0,0,0,0,0,15,0,15
ILOC70301307,0,18,18,0,0,3,6,6,13,14,33,50,18,34,45,7,29,34,12,31,42,15,42,50,18,53,75,14,55,71,4,50,57,11,35,46,22,111,132,16,68,82,7,71,80,35,141,179,32,71,101,10,9,17,255,850,1100
ILOC70301401,7,20,32,0,0,6,3,14,22,5,31,41,3,69,72,10,30,41,3,72,75,11,65,76,11,104,115,12,121,131,11,138,151,17,138,156,42,382,426,26,348,376,24,297,318,59,792,851,32,332,365,6,31,32,298,2998,3290
ILOC70301402,5,8,15,0,4,6,5,3,4,0,10,12,5,28,28,6,28,34,10,32,42,4,42,49,3,37,42,0,50,56,6,43,48,0,27,32,12,92,100,3,53,58,7,59,67,18,121,136,13,50,66,4,12,15,96,701,797
ILOC70400101,0,0,0,0,0,0,0,0,3,3,0,3,4,3,8,0,0,0,4,3,12,9,11,15,0,6,8,5,7,10,5,6,11,4,5,8,3,6,9,0,9,10,3,0,0,0,3,3,3,8,11,4,5,6,46,78,129
ILOC70400102,0,0,0,0,0,0,0,0,0,0,0,0,0,0,0,0,0,0,0,0,0,0,0,0,0,0,0,0,0,0,0,0,0,0,0,0,0,0,0,0,0,0,0,0,0,4,0,4,6,0,6,0,0,0,12,0,12
ILOC70400103,0,0,0,0,0,0,6,0,6,4,0,4,5,0,5,4,0,4,0,0,0,3,0,3,4,0,4,4,0,4,3,0,3,3,3,5,8,5,14,5,0,11,0,3,3,4,0,4,5,0,5,0,0,0,62,11,72
ILOC70400104,0,0,0,3,0,3,3,0,3,0,0,0,3,0,3,0,0,0,8,0,8,6,0,6,4,0,4,7,0,7,4,0,4,0,0,0,0,0,0,0,0,0,0,0,0,0,0,0,12,0,14,0,0,0,53,4,52
ILOC70400105,0,0,0,3,0,3,3,0,3,0,0,0,5,0,5,0,0,0,0,0,0,4,0,4,0,0,0,3,0,3,0,0,0,0,0,0,0,3,3,0,0,0,0,0,0,0,0,0,3,0,3,0,0,0,27,8,37
ILOC70400106,0,0,0,0,0,0,0,0,0,0,0,4,0,8,16,0,0,0,0,11,8,4,0,6,4,3,3,3,3,9,0,4,0,0,0,0,0,4,11,0,0,0,3,4,4,0,8,8,4,7,12,0,0,0,27,66,91
ILOC70400201,0,3,3,0,0,0,3,0,3,0,0,0,0,4,4,3,0,3,8,9,11,5,3,8,5,15,20,7,8,16,5,13,21,6,18,23,12,34,48,5,10,16,3,15,13,11,35,47,6,9,16,6,8,12,69,192,262
ILOC70400202,4,3,5,0,6,6,0,5,9,0,6,6,0,14,14,0,10,10,0,11,14,0,12,23,10,22,25,5,24,28,8,12,16,8,8,17,7,25,32,0,0,0,5,9,10,9,13,22,4,25,29,7,16,24,71,230,304
ILOC70400203,0,0,0,0,0,0,0,0,0,0,0,0,0,0,0,0,0,0,0,0,0,0,0,0,0,0,0,0,0,0,0,0,0,0,0,0,0,0,0,0,0,0,0,0,0,0,0,0,0,0,0,0,0,0,5,0,5
ILOC70400301,0,0,0,0,0,0,11,0,11,9,0,9,10,0,10,12,0,12,21,0,21,31,0,36,37,4,39,36,4,38,22,11,31,20,7,31,33,7,46,13,11,20,0,8,7,7,16,24,40,7,47,7,4,10,315,78,394
ILOC70400302,0,0,0,0,0,0,0,0,0,0,0,0,0,0,0,0,0,0,13,0,13,4,0,4,6,0,6,3,0,3,0,0,0,3,0,3,0,0,0,6,0,4,0,0,0,0,0,0,3,0,3,3,0,3,46,3,46
ILOC70400401,0,0,0,0,0,0,4,0,4,0,0,0,0,0,0,3,0,3,4,0,4,3,0,5,5,0,5,5,0,6,3,0,3,5,6,5,4,0,4,0,0,0,0,0,0,4,0,4,7,0,7,4,0,4,36,6,41
ILOC70400402,0,0,0,3,0,3,3,0,3,4,0,4,7,0,10,8,0,8,15,0,15,11,3,16,28,3,35,16,5,21,19,4,20,9,0,10,11,8,25,3,4,8,0,5,7,6,9,9,21,0,23,5,0,7,179,38,217
ILOC70400403,0,0,0,0,0,0,0,0,0,0,0,0,0,0,0,0,0,0,0,0,0,0,0,0,0,0,0,0,0,0,0,0,0,0,0,0,0,0,0,0,0,0,0,0,0,0,0,0,0,0,0,0,0,0,12,0,12
ILOC70400404,0,0,0,0,0,0,0,0,0,0,0,0,0,0,0,0,0,0,0,0,0,0,0,0,0,0,0,0,0,0,0,0,0,4,0,4,0,0,0,0,0,0,0,0,0,0,0,0,0,0,0,0,0,0,12,0,13
ILOC70400405,0,0,0,0,0,0,0,0,0,0,0,0,5,0,5,0,0,0,3,0,3,3,0,3,0,0,0,8,0,9,0,0,0,3,0,3,0,3,0,6,0,7,0,0,0,0,3,3,6,0,3,10,0,10,44,9,55
ILOC70400406,0,0,0,0,0,0,4,0,4,0,0,0,8,0,8,3,0,3,0,0,0,3,0,7,9,0,9,13,0,14,3,0,5,3,4,8,6,3,14,0,0,0,0,0,3,0,5,5,4,0,3,3,0,3,63,18,85
ILOC70400501,0,0,0,0,0,0,4,0,4,0,0,0,3,0,3,0,0,0,4,0,4,3,0,3,3,0,3,0,0,0,3,0,3,0,0,0,3,0,3,0,0,0,0,0,0,0,0,0,0,0,0,0,0,0,36,0,36
ILOC70400502,0,0,0,22,0,22,38,4,42,15,0,15,25,0,26,22,0,22,14,0,12,13,0,13,19,0,19,4,7,14,8,4,9,10,5,17,8,13,20,8,7,15,6,15,16,9,10,16,50,8,53,7,0,14,259,78,339
ILOC70400601,0,0,0,4,0,4,5,0,5,0,0,0,17,0,17,5,0,5,12,0,12,14,0,13,8,0,9,4,0,3,3,0,3,0,0,6,4,6,6,0,0,0,0,0,0,0,0,0,11,0,14,5,0,5,101,12,111
ILOC70400602,0,0,0,6,0,6,11,0,11,0,0,0,17,0,17,6,0,6,3,0,3,7,0,7,7,0,7,7,0,7,3,0,3,4,0,4,6,3,9,0,0,0,0,3,4,0,0,0,7,0,7,0,0,0,88,7,93
ILOC70400603,0,0,0,0,0,0,0,0,0,0,0,0,0,0,0,0,0,0,6,0,6,4,0,3,0,0,0,0,0,0,0,4,4,0,0,0,4,3,7,3,3,4,0,0,0,0,0,0,0,0,0,0,0,0,24,15,36
ILOC70400604,0,0,0,46,0,46,38,6,37,17,0,17,35,0,39,16,0,16,28,0,28,27,0,29,22,0,23,26,3,31,6,0,14,5,3,9,7,6,16,3,9,6,4,7,8,3,9,12,24,6,27,3,0,4,316,52,362
ILOC70500101,0,0,0,0,0,0,5,0,4,0,4,5,4,0,7,3,3,6,7,0,13,0,5,3,9,0,9,0,7,7,3,4,6,4,3,8,3,4,9,3,5,12,0,3,6,5,5,5,9,3,11,0,0,0,70,45,116
ILOC70500102,0,0,0,0,0,0,3,0,6,0,0,0,0,0,0,3,0,3,7,0,6,0,0,0,8,3,12,6,0,4,3,0,3,0,0,0,0,0,0,0,0,0,0,0,0,3,0,0,0,0,0,0,0,0,36,8,48
ILOC70500103,0,0,0,0,0,0,0,0,0,0,0,0,0,0,0,0,0,0,0,0,0,0,0,0,0,0,0,6,0,6,0,0,0,5,0,5,0,0,0,0,0,0,0,0,0,0,0,0,0,0,0,0,0,0,25,0,25
ILOC70500201,0,0,0,0,0,0,3,0,3,0,0,0,0,0,0,5,0,5,3,0,3,5,0,5,0,0,0,0,0,0,4,0,4,0,0,0,0,0,0,0,0,0,0,0,0,0,0,0,5,0,5,0,0,0,32,0,32
ILOC70500202,0,0,0,0,0,0,0,0,0,7,0,7,7,0,8,5,0,5,3,0,3,6,0,6,9,0,9,8,6,8,4,0,7,0,4,4,4,5,8,0,0,0,0,0,0,0,3,4,5,0,7,0,0,0,60,24,87
ILOC70500301,0,0,0,4,0,4,7,0,7,4,0,4,13,0,13,3,0,3,3,0,3,5,0,5,10,0,7,9,0,9,3,0,3,4,0,4,5,5,6,0,0,3,0,0,0,0,0,0,0,0,0,0,0,0,70,10,80
ILOC70500303,0,3,3,3,0,4,0,0,0,3,3,6,0,4,4,0,3,7,3,0,4,0,8,8,3,9,11,0,3,10,0,5,5,0,6,8,4,13,12,0,6,7,0,7,6,5,10,13,0,3,3,0,3,3,26,91,112
ILOC70500304,0,0,0,0,0,0,0,0,0,0,0,0,0,0,0,0,0,0,0,0,0,5,0,5,4,0,4,0,0,0,4,0,4,4,0,4,5,0,5,0,0,0,0,0,0,0,0,0,0,0,0,0,0,0,29,0,29
ILOC70500305,0,0,0,0,0,0,0,0,0,0,0,0,0,0,0,0,0,0,5,0,5,3,0,3,5,0,5,3,0,4,0,0,0,0,0,0,0,0,0,0,0,0,0,0,0,0,0,3,0,0,0,0,0,0,16,0,21
ILOC70500306,0,0,0,0,0,0,0,0,0,0,0,0,0,4,4,0,0,0,0,0,0,0,4,8,5,3,3,0,9,13,5,4,12,0,4,4,0,9,12,4,10,12,0,5,6,0,10,11,0,4,7,0,0,0,18,71,93
ILOC70500307,0,0,0,0,0,0,6,0,6,0,0,0,9,0,9,5,0,5,0,0,0,10,0,10,14,0,14,9,0,9,8,0,8,5,7,7,5,3,13,3,0,3,4,0,3,4,0,8,0,0,0,0,0,0,72,10,88
ILOC70500308,0,0,0,0,0,0,0,0,0,0,0,0,5,0,5,0,0,0,5,0,5,9,0,9,0,0,0,3,0,3,0,0,0,0,0,0,0,0,0,0,0,4,0,0,0,0,0,0,0,0,0,0,0,0,24,4,26
ILOC70500309,0,0,0,0,0,0,0,0,0,0,0,0,0,0,0,0,0,0,0,0,0,0,0,0,6,0,6,0,0,0,4,0,4,0,0,0,0,0,0,3,0,3,0,0,0,0,0,0,0,0,0,0,0,0,12,0,11
ILOC70500401,0,9,9,4,0,0,0,0,0,0,0,0,0,6,6,0,4,4,4,12,12,7,3,9,5,0,4,3,6,8,0,5,5,0,0,4,0,5,5,0,0,0,0,0,0,0,3,6,8,4,11,0,0,0,26,57,82
ILOC70500402,0,0,0,0,0,0,0,0,0,0,0,0,4,0,4,4,0,4,8,0,8,0,0,0,4,0,4,3,0,7,3,0,4,9,0,9,9,0,10,6,0,9,4,0,3,3,0,0,7,0,7,0,0,0,61,10,69
ILOC70500403,0,0,0,0,0,0,0,0,0,0,0,0,3,0,3,0,0,0,3,0,3,0,0,0,0,0,0,3,0,3,0,0,0,0,0,0,0,0,0,0,0,0,0,0,0,0,0,0,3,0,3,0,0,0,15,0,21
ILOC70500404,0,0,0,0,0,0,0,0,0,0,0,0,3,0,3,0,0,0,4,0,5,9,0,8,0,0,0,9,0,9,3,0,5,0,0,0,4,0,9,0,0,0,0,0,3,0,0,0,0,0,0,0,0,0,34,3,42
ILOC70500405,0,0,0,0,0,0,0,0,0,0,0,0,0,0,0,0,0,4,3,0,3,0,5,4,0,0,0,0,0,0,0,0,0,0,0,0,0,4,4,0,0,0,0,0,0,0,0,0,0,0,0,0,0,0,9,11,15
ILOC70500501,0,0,0,0,0,0,0,0,0,0,0,0,5,0,5,4,0,4,6,0,6,3,0,3,0,0,0,7,0,7,0,0,0,5,0,5,0,0,0,0,0,0,0,0,0,0,0,0,0,0,0,0,0,0,37,0,37
ILOC70500502,14,19,32,0,9,9,14,7,25,30,27,52,52,54,108,29,40,66,33,61,92,50,64,118,49,106,152,46,123,166,21,114,140,34,102,136,56,297,355,55,188,245,37,215,251,79,386,469,71,212,281,17,48,65,690,2068,2759
ILOC70500503,0,0,0,0,0,0,0,0,0,0,0,0,4,0,4,0,0,0,8,0,8,0,0,0,3,0,5,5,0,6,0,0,0,0,0,0,4,3,6,0,4,0,0,0,0,0,0,5,0,0,0,0,0,0,37,11,44
ILOC70500504,0,0,0,0,0,0,0,0,0,0,0,0,3,0,3,0,0,0,0,0,0,0,0,0,3,0,3,0,0,0,0,0,0,0,0,0,4,0,4,0,0,0,0,0,0,0,0,0,0,0,0,0,0,0,18,0,18
ILOC70500601,0,0,0,5,0,5,14,0,14,7,0,4,10,0,10,8,0,8,5,0,5,9,0,9,11,0,9,4,3,8,3,5,8,5,0,5,5,3,10,4,0,3,0,0,0,0,7,7,5,0,5,0,0,0,89,29,115
ILOC70500701,0,0,0,0,0,0,14,0,14,0,0,0,12,0,12,8,0,8,14,0,14,7,0,7,20,3,22,13,0,14,13,0,17,8,6,15,9,11,14,5,5,10,0,6,9,0,3,3,8,0,8,0,0,0,138,29,167
ILOC70500801,0,0,0,0,0,0,0,0,0,0,0,0,0,0,0,0,0,0,5,0,5,5,0,5,0,0,0,0,0,0,0,0,0,0,0,0,0,0,0,0,0,0,0,0,0,0,5,5,0,0,0,0,0,0,12,4,15
ILOC70500802,0,0,0,0,0,0,4,0,4,8,0,8,3,0,3,3,0,3,4,0,4,0,0,0,0,0,0,0,0,0,0,0,0,0,0,0,0,0,0,0,0,0,0,0,0,0,0,0,0,0,0,0,0,0,19,0,19
ILOC70500803,0,0,0,0,0,0,0,0,0,0,0,0,0,0,0,0,0,0,0,0,0,0,0,0,0,0,0,0,0,0,0,0,0,0,0,0,0,0,3,0,0,0,0,0,0,0,0,0,0,0,0,0,0,0,3,0,0
ILOC70500804,0,0,0,0,0,0,0,0,0,0,0,0,0,0,0,0,0,0,0,0,0,6,0,6,4,0,9,5,0,3,0,0,3,0,0,0,4,4,12,0,0,6,5,0,0,3,0,3,5,4,10,0,0,3,30,23,50
ILOC70500805,0,0,0,0,0,0,0,0,0,0,5,3,4,4,5,0,5,5,3,0,3,8,0,6,3,4,5,3,0,3,0,0,0,0,0,0,0,0,0,0,3,3,0,0,0,0,4,4,0,7,6,0,0,0,24,33,62
ILOC70500901,0,0,0,0,0,0,4,0,4,0,0,0,0,0,0,0,0,0,0,0,0,3,0,3,0,0,0,0,0,0,4,0,4,0,0,0,3,0,3,0,0,0,0,0,0,0,0,0,0,0,0,0,0,0,14,0,22
ILOC70500902,0,0,0,0,0,0,0,0,0,0,0,0,0,0,0,0,0,0,0,0,0,0,0,0,0,0,3,0,0,0,0,0,0,0,0,0,0,0,0,0,0,0,0,0,0,0,0,0,0,0,4,0,0,0,8,14,20
ILOC70500903,0,0,0,0,0,0,0,0,0,0,0,0,0,0,0,0,0,0,7,0,7,4,0,4,6,0,6,3,3,7,5,0,3,5,0,5,0,4,0,3,0,5,0,0,5,0,3,3,9,0,10,0,3,4,43,9,56
ILOC70600101,0,0,0,0,0,0,0,0,0,0,0,0,0,0,0,0,0,0,0,0,0,0,0,0,0,9,9,0,8,8,0,10,10,0,6,10,0,30,28,0,9,13,3,30,33,8,71,83,0,22,25,3,3,3,20,198,216
ILOC70600102,0,0,0,6,0,4,9,0,9,4,0,4,11,0,11,13,0,13,26,0,26,22,0,26,16,0,19,18,0,16,14,0,14,13,3,17,4,0,9,7,0,7,3,0,5,4,0,3,15,0,15,4,0,4,184,11,192
ILOC70600103,0,0,0,0,0,0,0,0,0,0,0,0,0,0,0,0,0,0,6,0,6,7,0,7,4,0,4,0,0,0,3,4,6,5,3,9,3,4,7,0,0,0,0,0,0,0,6,6,0,0,0,0,0,0,23,12,39
ILOC70600104,0,0,0,8,0,8,0,0,0,0,0,0,3,0,3,4,0,4,6,0,6,0,0,0,0,0,0,0,0,4,0,0,4,0,0,0,0,0,0,0,0,0,0,0,0,0,0,0,3,0,3,0,0,4,27,4,35
ILOC70600105,0,0,0,15,0,15,22,0,22,7,0,7,15,0,15,0,0,0,3,0,3,6,0,6,4,0,5,3,0,5,4,6,7,3,0,5,0,0,4,0,0,0,0,0,0,0,0,0,7,0,7,3,0,3,96,10,108
ILOC70600201,0,0,0,3,0,3,0,0,0,0,0,0,0,0,0,4,0,4,5,0,4,8,0,8,10,0,10,11,0,10,11,0,10,8,0,10,19,7,22,4,0,4,3,6,10,7,6,6,9,0,11,4,0,4,95,17,121
ILOC70600202,0,0,0,0,0,0,0,0,0,0,0,0,0,0,0,0,0,0,0,0,0,0,0,0,3,0,3,0,0,0,0,0,0,0,0,0,0,0,0,0,0,0,0,0,0,0,0,0,0,0,0,0,0,0,13,0,13
ILOC70600301,0,0,0,0,0,0,0,0,0,0,0,0,5,0,5,0,0,0,5,0,5,0,0,0,0,0,0,0,0,0,0,0,0,0,0,0,0,0,0,0,0,0,0,0,0,0,0,0,0,0,0,0,0,0,9,0,9
ILOC70600302,0,0,0,0,0,0,0,0,0,0,0,0,0,0,0,0,0,0,0,0,0,0,0,0,0,0,0,6,0,6,0,0,0,0,0,0,5,0,5,0,0,0,0,0,0,0,0,0,0,0,0,0,0,0,13,0,13
ILOC70600303,0,0,0,0,0,0,0,0,0,0,0,0,0,0,0,0,0,0,0,0,0,0,0,0,0,0,0,3,0,3,0,0,0,0,0,0,0,0,0,0,0,0,0,0,0,0,0,0,0,0,0,0,0,0,6,0,9
ILOC70600304,0,0,0,6,0,6,0,0,0,0,0,0,5,0,5,3,0,3,0,0,0,0,0,0,6,0,6,8,0,8,0,0,0,3,0,3,0,0,0,0,0,0,0,0,0,0,0,0,4,0,4,3,0,3,36,0,36
ILOC70600305,0,0,0,0,0,0,0,0,0,0,0,0,0,0,0,0,0,0,5,0,5,4,0,4,0,0,0,4,0,4,0,0,0,0,0,0,0,0,0,0,0,0,0,0,4,0,0,0,0,0,0,0,0,0,19,0,18
ILOC70600401,0,0,0,0,0,0,5,0,5,3,0,3,4,0,4,8,0,8,9,0,10,15,0,15,18,4,30,11,3,16,19,5,19,28,7,29,24,10,39,21,9,27,14,10,17,22,11,28,53,0,48,10,0,9,252,53,309
ILOC70600402,0,0,0,0,0,0,0,0,0,0,0,0,3,0,5,0,0,0,3,0,3,0,0,0,4,0,4,3,0,3,0,0,3,0,0,0,6,0,4,5,0,6,0,0,0,0,0,0,8,0,8,0,0,0,31,8,41
ILOC70600501,0,0,0,0,0,0,0,0,0,0,0,0,3,0,3,0,0,0,3,0,3,3,0,3,0,0,0,3,0,4,0,0,0,6,0,6,0,5,3,7,0,8,0,0,0,0,0,0,3,0,4,0,0,0,37,12,50
ILOC70600502,0,3,3,0,5,5,0,0,0,0,5,3,0,6,6,0,7,7,0,5,6,3,14,18,3,33,35,3,27,33,9,35,40,7,52,54,16,96,112,10,81,93,10,81,95,20,219,242,9,74,85,0,11,16,101,750,855
ILOC70600601,0,0,0,0,0,0,11,0,11,3,0,3,11,0,11,6,0,9,11,0,11,17,0,20,13,0,13,17,0,17,13,3,14,9,4,15,13,6,14,3,0,3,0,0,0,0,5,4,0,0,0,0,0,0,127,20,146
ILOC70600701,0,0,0,0,0,0,0,0,0,0,0,0,7,0,7,5,0,5,7,0,7,16,0,16,13,3,15,9,6,14,8,0,10,12,5,18,3,4,13,4,0,3,4,6,7,4,0,4,23,0,24,0,0,0,116,27,146
ILOC70600704,0,0,0,4,0,4,5,0,5,12,0,9,6,0,6,9,0,9,11,0,11,4,0,7,12,0,13,5,5,10,5,6,11,6,3,3,10,5,19,5,0,6,0,0,5,0,0,0,6,0,12,0,0,0,100,28,126
ILOC70600705,0,0,0,0,0,0,0,0,0,0,0,0,5,0,5,0,0,0,4,0,4,0,0,4,4,0,4,3,0,3,3,0,3,4,0,4,0,0,0,0,0,0,0,0,0,0,0,0,5,0,5,0,0,0,28,0,28
ILOC70600801,0,0,0,0,0,0,7,0,7,0,0,0,9,0,9,0,0,4,8,0,8,6,0,8,13,0,13,3,10,11,8,3,18,5,5,12,10,12,24,4,0,7,5,9,15,6,3,9,7,6,13,0,0,0,98,46,142
ILOC70700101,0,0,0,0,0,0,3,0,3,0,0,0,0,0,0,0,0,0,4,0,4,8,0,8,9,0,9,10,0,11,3,5,4,0,0,0,8,5,12,0,3,3,0,7,7,4,0,4,11,0,12,0,0,0,61,15,77
ILOC70700201,0,0,0,0,0,0,9,0,9,0,0,0,11,0,11,7,0,7,5,0,5,9,0,9,3,0,3,10,0,11,4,0,4,0,0,0,0,3,3,0,0,0,6,0,4,0,0,0,3,0,9,0,0,0,66,5,75
ILOC70700301,0,0,0,0,0,0,0,4,4,0,0,0,0,0,0,0,0,3,4,0,6,3,0,4,5,6,4,0,3,3,0,4,4,0,4,3,0,5,5,0,7,3,0,4,4,0,0,0,0,4,6,0,3,5,18,49,67
ILOC70700302,0,0,0,0,0,0,3,0,3,0,0,0,0,0,0,0,0,0,0,0,0,0,0,0,0,0,4,0,0,0,4,0,4,0,0,0,0,0,3,4,0,4,0,0,0,4,0,5,0,0,3,0,4,4,26,14,37
ILOC70700303,0,0,0,0,0,0,0,0,0,0,0,0,0,0,0,0,0,0,0,0,0,0,0,0,3,0,3,0,0,0,0,0,0,0,0,0,0,0,0,0,0,0,0,0,0,0,0,0,5,0,5,3,0,3,14,3,14
ILOC70700304,0,7,7,0,0,0,0,0,0,4,0,3,0,4,0,0,5,3,0,4,8,6,0,12,5,3,12,4,0,4,0,0,0,0,0,5,0,3,3,0,5,3,0,0,0,0,0,0,0,0,0,4,5,7,28,35,64
ILOC70700305,0,0,0,0,0,0,0,0,0,0,0,0,0,0,0,0,0,0,0,0,0,4,0,4,6,0,6,0,0,0,0,0,0,0,0,0,0,0,0,0,0,0,0,0,0,0,0,0,0,0,0,0,0,0,16,0,16
ILOC70700401,0,0,0,0,0,0,0,0,0,0,0,0,10,0,7,3,0,3,6,0,6,5,0,8,8,5,8,3,0,3,0,0,3,3,0,3,3,0,7,0,5,3,0,0,0,0,0,0,13,0,13,0,0,0,50,12,68
ILOC70700501,0,0,0,0,0,0,0,0,0,0,0,0,0,0,0,0,0,0,0,0,0,0,0,0,4,0,4,0,0,0,0,0,0,4,0,4,0,0,0,0,0,0,0,0,0,0,0,0,0,0,0,0,0,0,12,0,12
ILOC70700502,0,0,0,0,0,0,0,0,0,0,0,0,0,0,0,4,0,4,4,0,4,3,0,3,3,0,3,0,0,0,0,0,0,0,0,0,0,0,0,3,0,3,0,0,0,0,0,0,0,0,0,0,0,0,20,0,20
ILOC70700503,0,0,0,4,0,4,4,0,4,0,0,0,0,0,0,0,0,0,7,0,7,6,0,6,4,0,4,0,0,0,6,0,6,3,0,3,5,0,5,0,0,0,0,0,0,0,0,0,7,0,7,0,0,0,52,0,52
ILOC70700504,3,0,0,8,3,6,25,5,24,13,7,24,19,17,34,9,13,24,16,25,40,19,17,33,31,36,64,27,41,58,25,37,58,20,42,63,27,86,111,16,35,52,11,38,51,32,72,106,29,40,66,21,22,44,338,527,864
ILOC70700601,0,0,0,0,0,0,0,0,0,0,0,0,0,0,0,0,0,0,0,0,0,0,0,0,0,0,0,0,0,0,0,0,0,0,0,0,0,0,4,3,0,5,0,0,0,0,0,0,5,0,5,3,0,3,20,5,26
ILOC70700602,0,0,0,0,0,0,0,0,0,0,0,0,4,0,4,0,0,0,3,0,3,4,0,4,0,0,0,6,0,7,4,0,4,0,0,5,0,0,0,0,0,0,0,0,0,0,0,0,4,0,4,0,0,0,30,3,35
ILOC70800101,9,14,21,3,4,5,3,4,6,13,10,19,14,28,43,14,30,39,9,30,43,13,48,61,21,51,74,17,70,89,17,65,82,3,64,70,26,137,166,27,84,108,16,119,130,40,207,248,25,90,115,8,21,23,264,1080,1340
ILOC70800102,11,10,22,3,3,0,7,7,16,24,10,34,11,33,44,14,17,31,13,26,40,24,36,60,20,58,78,21,85,102,15,71,84,13,71,83,37,165,202,21,131,152,18,112,130,36,218,254,36,97,132,10,13,24,325,1163,1492
ILOC70800103,0,9,12,0,5,5,3,0,4,0,0,5,3,18,21,0,31,25,3,22,26,5,31,38,3,25,33,0,32,33,6,31,33,0,24,27,9,69,80,0,36,38,0,43,48,9,116,133,4,38,47,0,11,11,57,567,623
ILOC70800104,0,0,0,0,0,0,0,0,0,0,5,5,0,4,4,0,4,4,0,3,3,0,3,3,0,5,5,0,10,6,0,10,10,0,4,4,3,19,21,6,9,12,0,11,15,4,25,29,0,18,23,0,0,4,16,139,152
ILOC70800105,9,10,17,7,4,12,6,6,18,19,16,30,19,36,58,17,24,37,26,35,59,18,33,48,32,55,87,23,84,108,23,68,92,18,67,85,32,208,239,27,106,138,13,129,143,63,323,380,39,107,142,4,19,23,386,1325,1715
ILOC70800106,9,13,18,0,6,4,3,5,10,3,9,11,9,19,26,6,26,31,5,30,35,11,35,49,8,80,88,8,83,90,9,91,99,5,76,82,14,175,191,17,114,129,8,99,106,28,314,342,8,103,113,0,9,14,149,1290,1437
ILOC70800107,9,14,19,0,3,3,13,12,19,7,16,22,19,45,63,22,30,55,14,35,49,31,55,78,39,103,137,30,111,139,24,89,118,13,82,97,29,197,228,18,132,149,22,149,166,38,306,345,26,137,163,4,22,27,355,1522,1880
ILOC70800108,0,0,0,0,0,0,0,0,0,0,0,0,0,0,0,0,0,0,0,0,0,0,0,0,0,0,0,0,0,0,0,0,0,0,0,0,0,0,0,0,0,0,0,0,0,0,0,0,0,0,0,0,0,0,0,0,0
ILOC70800201,0,0,0,0,0,0,10,0,10,3,0,3,3,0,3,0,0,0,0,0,0,0,0,0,4,0,4,0,0,0,0,0,0,0,0,0,0,0,0,0,0,0,0,0,0,0,0,0,0,0,0,0,0,0,26,0,26
ILOC70800202,0,0,0,0,0,0,6,0,6,0,0,0,3,0,3,0,0,0,8,0,8,0,0,7,6,0,6,3,0,3,5,0,5,0,0,0,0,0,0,0,0,0,0,0,0,0,0,0,0,0,0,3,0,3,48,0,53
ILOC70800203,0,0,0,0,0,0,7,0,7,0,0,0,4,0,4,0,0,0,6,0,8,10,0,10,0,0,0,4,0,4,3,0,3,3,0,3,0,0,0,0,0,0,0,0,0,0,0,0,3,0,3,3,0,3,55,0,61
ILOC70800204,0,0,0,0,0,0,0,0,0,5,0,5,3,0,3,0,0,0,10,0,10,3,0,3,0,0,0,0,0,0,0,0,0,0,0,0,0,0,0,0,0,0,0,0,0,0,0,0,0,0,0,0,0,0,30,0,30
ILOC70800205,0,0,0,3,0,3,5,0,5,0,0,0,3,0,3,7,0,7,0,0,0,6,0,6,6,0,6,0,0,0,0,0,0,0,0,0,0,0,0,0,0,0,0,0,0,0,0,0,0,0,0,0,0,0,23,0,23
ILOC70800206,0,0,0,0,0,0,5,0,5,0,0,0,5,0,5,7,0,7,0,0,0,9,0,9,0,0,0,0,0,0,4,0,4,0,0,0,0,0,0,0,0,0,0,0,0,0,0,0,0,0,0,0,0,0,30,0,30
ILOC70800207,0,0,0,0,0,0,0,0,0,0,0,0,5,0,5,0,0,0,4,0,4,5,0,5,3,0,3,0,0,0,0,0,0,0,0,0,4,0,4,0,0,0,0,0,0,0,0,0,3,0,3,0,0,0,30,0,30
ILOC70900101,0,0,0,0,0,0,5,0,5,0,0,0,11,0,11,6,0,6,7,0,7,8,0,8,7,0,7,11,0,11,0,0,0,0,0,0,0,0,0,0,0,0,0,0,0,0,0,0,4,0,4,0,0,0,54,0,54
ILOC70900102,0,0,0,0,0,0,8,0,8,0,0,0,6,0,6,10,0,10,12,0,13,11,0,15,11,0,15,12,4,18,5,0,5,7,3,9,8,7,10,0,0,5,0,0,4,0,0,0,6,0,6,0,0,0,99,25,121
ILOC70900103,0,0,0,0,0,4,5,0,12,12,6,20,6,0,6,14,0,14,4,0,4,9,0,14,9,0,5,3,0,7,6,0,4,0,0,0,3,7,6,4,0,4,3,0,3,0,3,0,6,0,3,10,0,14,109,22,128
ILOC70900104,0,0,0,0,0,0,4,0,4,0,0,0,4,0,5,0,0,0,3,0,3,3,0,3,3,0,5,6,0,3,0,0,0,0,0,0,0,3,4,0,0,0,0,0,0,0,0,0,3,0,3,0,0,0,36,9,48
ILOC70900201,0,0,0,0,0,0,0,0,0,4,0,4,0,0,0,0,0,0,0,0,0,0,0,0,3,0,3,11,0,11,0,0,0,0,0,0,5,3,7,8,4,4,0,0,3,4,3,4,8,0,8,3,0,4,50,13,66
ILOC70900301,0,0,0,5,0,5,4,0,4,0,0,0,5,0,5,0,3,3,5,0,3,0,0,4,5,0,3,0,0,0,3,0,3,0,0,0,0,3,3,0,0,0,0,0,0,0,5,5,0,0,0,0,0,0,22,16,40
ILOC70900302,0,0,0,0,0,0,0,0,0,0,0,0,0,0,0,0,0,0,0,0,0,0,0,0,0,0,0,0,0,3,0,0,8,0,4,4,0,4,7,0,0,0,0,0,0,0,0,0,0,0,0,0,0,0,9,12,19
ILOC70900303,0,0,0,0,0,0,0,0,0,0,0,0,8,0,8,0,0,0,7,0,9,0,0,0,4,0,4,6,0,7,0,0,0,0,0,4,0,5,5,0,0,0,0,3,3,0,0,0,0,0,0,0,0,0,35,9,43
ILOC70900304,0,0,0,0,0,0,0,0,0,0,0,0,0,0,0,0,0,0,0,0,0,0,0,0,0,0,0,0,0,0,0,0,0,0,0,0,0,0,0,0,0,0,0,0,0,0,0,0,6,0,6,8,0,8,15,0,15
ILOC70900305,0,0,0,0,0,0,0,0,0,0,0,0,3,0,3,4,0,4,0,0,0,4,0,4,0,0,0,0,0,0,0,0,0,3,0,3,0,0,0,0,0,0,0,0,0,0,0,0,3,0,3,0,0,0,27,0,27
ILOC70900306,0,0,0,0,0,0,0,0,0,0,0,0,0,0,0,0,0,0,5,0,5,6,0,6,0,0,0,0,0,0,0,0,0,0,0,0,0,0,0,0,0,0,0,0,0,0,0,0,0,0,0,0,0,0,15,0,15
ILOC70900401,0,0,0,0,0,0,0,0,0,5,0,5,7,0,7,0,0,0,4,0,4,12,0,12,10,0,10,5,0,4,0,0,0,0,0,0,0,4,4,0,0,0,0,0,0,0,0,0,3,0,3,0,0,0,43,3,46
ILOC70900402,0,0,0,0,0,0,0,0,0,0,0,0,0,0,0,0,0,0,0,0,0,0,0,0,0,0,0,0,0,0,0,0,0,0,0,0,0,0,0,0,0,0,0,0,0,0,0,0,0,0,0,0,0,0,0,0,0
ILOC70900403,0,0,0,0,0,0,0,0,0,0,0,0,0,0,0,0,0,0,0,0,0,0,0,0,0,0,0,0,0,0,0,0,0,0,0,0,0,3,3,0,0,0,0,0,0,0,3,3,0,3,3,0,0,0,0,13,13
ILOC70900501,0,0,0,0,0,0,0,0,0,0,0,0,0,0,0,0,0,0,4,0,4,4,0,4,3,0,3,7,0,4,8,0,3,0,4,4,0,4,7,0,0,0,0,0,0,0,0,0,0,0,4,0,0,0,27,11,40
ILOC70900502,0,0,0,0,0,0,0,0,0,0,0,0,6,0,7,3,0,3,5,3,8,3,0,8,5,3,5,0,0,0,0,7,9,3,8,9,0,5,5,0,5,5,0,0,0,0,0,0,4,0,8,0,0,0,25,36,65
ILOC70900503,0,0,0,0,0,0,0,0,0,0,0,0,0,0,0,0,0,0,3,0,3,3,0,3,0,0,0,0,0,3,0,0,4,0,0,0,3,0,4,0,0,0,0,0,0,0,0,0,3,0,3,0,0,0,24,9,33
ILOC70900601,0,0,0,0,0,0,0,0,0,0,0,0,0,0,0,0,0,0,3,0,3,0,0,0,0,0,0,5,0,5,4,0,4,0,0,0,0,0,4,4,0,4,0,0,0,0,0,0,0,0,4,0,0,0,20,3,26
ILOC70900602,0,0,0,0,0,0,0,0,0,0,0,0,0,0,0,0,0,0,4,0,3,5,0,5,0,0,0,7,0,11,0,0,0,3,0,5,0,3,0,0,0,0,0,0,0,0,0,0,3,0,3,4,0,4,33,8,39
ILOC70900701,0,0,0,0,0,0,0,0,0,0,0,0,7,0,6,0,0,6,15,0,15,17,0,17,6,5,15,7,0,14,10,3,13,8,8,5,6,8,14,4,0,8,0,0,0,0,5,5,9,0,9,0,0,0,88,31,119
ILOC70900801,0,0,0,0,0,0,0,0,0,0,0,0,4,0,4,0,0,0,8,0,8,0,0,0,5,0,5,0,0,0,0,5,6,0,0,4,4,3,9,0,3,0,0,0,0,0,0,0,0,0,0,3,0,3,37,13,50
ILOC70900802,0,0,0,0,0,0,0,0,0,0,0,0,0,0,0,0,0,0,0,0,0,0,0,0,0,3,11,0,4,4,0,0,7,0,0,0,6,3,7,0,3,7,0,0,0,0,0,0,0,0,0,0,5,5,18,24,39
ILOC70900901,0,0,0,0,0,0,0,0,0,0,0,0,3,0,3,0,0,0,0,0,0,0,0,0,0,0,0,0,0,0,0,0,0,0,0,0,0,4,4,0,0,0,0,0,0,0,0,0,7,0,7,9,0,9,28,4,27
ILOC70900902,0,0,0,0,0,0,0,0,0,0,0,0,0,5,3,4,9,13,20,26,48,23,41,58,18,56,79,9,27,40,10,34,43,11,24,37,9,38,46,8,14,23,9,20,26,7,19,19,15,5,20,13,0,15,152,321,472
ILOC70901001,0,0,0,0,0,0,3,0,3,0,0,0,9,0,8,0,0,0,10,0,10,10,0,10,3,0,4,4,0,4,0,0,0,0,3,3,0,0,0,0,4,4,0,0,0,0,0,0,3,0,3,0,0,0,46,10,61
ILOC70901002,0,0,0,0,0,0,0,0,0,0,0,0,0,0,0,0,0,0,0,0,0,0,0,0,0,4,4,0,0,0,0,0,0,0,0,0,0,0,3,0,4,4,0,0,0,0,0,0,0,0,0,0,0,0,3,8,10
ILOC70901101,0,0,0,0,0,0,3,0,3,3,0,0,3,0,3,3,0,3,4,0,4,4,0,4,5,0,6,5,8,10,0,4,4,5,5,7,3,3,6,3,0,5,0,5,5,0,4,4,11,0,11,3,0,3,48,26,71
ILOC70901102,0,0,0,0,0,0,0,0,0,0,0,0,5,0,5,0,0,0,0,0,0,0,0,0,0,0,4,0,0,0,0,0,0,0,0,0,0,0,0,0,0,0,0,0,0,0,0,0,0,0,0,3,0,3,12,0,16
ILOC70901201,0,0,0,0,0,0,0,0,0,0,0,0,0,0,0,0,0,0,0,0,0,0,0,0,0,0,0,3,0,3,0,0,0,0,0,0,0,0,0,0,0,0,0,0,0,0,0,0,0,0,0,0,0,0,8,0,8
ILOC70901202,0,0,0,0,0,0,0,0,0,0,0,0,0,0,0,0,0,0,3,0,3,0,0,0,0,0,0,0,0,0,0,0,0,0,0,0,0,0,0,0,0,0,0,0,0,0,0,0,0,0,0,0,0,0,7,0,7
ILOC70901203,0,0,0,0,0,0,0,0,0,0,0,0,0,0,0,0,0,0,0,0,0,0,0,0,0,0,0,0,0,0,0,0,0,0,0,0,0,0,0,0,0,0,0,0,0,0,0,0,0,0,0,3,0,3,8,0,9
ILOC70901204,0,0,0,0,0,0,0,0,0,0,0,0,3,0,3,0,0,0,5,0,5,6,0,6,3,0,4,10,4,14,4,6,7,9,3,6,0,0,4,3,0,0,0,0,0,3,0,3,12,0,13,6,0,5,66,16,82
ILOC70901301,0,0,0,0,0,0,0,0,0,0,0,0,7,0,7,4,0,4,7,0,7,4,3,7,7,3,7,5,0,10,3,3,11,4,0,10,4,3,9,3,0,4,0,4,4,0,0,0,6,0,6,11,0,11,57,19,79
ILOC70901302,0,0,0,0,0,0,0,0,0,0,0,0,0,0,0,0,0,0,0,0,0,0,0,0,0,0,0,0,0,0,0,0,0,0,0,0,0,0,0,0,0,0,0,0,0,0,0,0,0,0,0,0,0,0,0,0,0
ILOC70901401,0,0,0,0,0,0,0,0,0,0,0,0,0,0,0,3,0,3,0,0,0,4,0,4,9,0,9,4,3,3,3,3,5,0,0,4,6,0,8,0,0,0,0,0,0,0,0,0,0,0,0,5,0,5,35,8,41
ILOC70901402,0,0,0,0,0,0,3,0,3,0,0,0,7,0,7,4,0,4,10,0,10,6,0,6,4,0,3,0,0,3,0,0,0,4,0,3,0,0,0,0,0,0,0,0,0,3,0,3,3,0,3,20,5,24,62,10,70
ILOC70901403,0,0,0,0,0,0,0,0,0,0,0,0,0,0,0,0,0,0,7,0,7,8,0,4,5,0,5,3,0,3,0,0,4,0,0,0,3,3,7,4,0,6,0,0,4,0,0,0,0,0,0,5,6,5,42,17,59
ILOC70901404,0,0,0,0,0,0,0,0,0,4,0,4,3,0,3,3,0,3,3,0,3,4,0,4,0,0,0,3,0,3,0,0,0,0,0,3,0,0,0,0,0,0,0,0,0,0,0,0,0,0,0,0,0,0,22,0,27
ILOC70901501,0,0,0,0,0,0,0,0,0,0,0,0,0,0,0,0,0,0,3,0,5,4,0,4,3,0,3,4,0,5,0,0,0,0,6,6,4,0,0,0,4,4,0,0,0,0,0,0,6,0,6,0,0,0,30,10,37
ILOC70901601,0,0,0,0,0,0,0,0,0,0,0,0,4,0,4,6,0,6,5,0,5,4,0,4,0,0,0,0,0,5,3,0,9,0,0,0,0,0,0,0,0,0,0,0,0,0,0,0,3,0,3,0,0,0,28,7,35
ILOC70901701,0,0,0,0,0,0,10,0,8,4,0,4,16,0,16,0,0,0,10,0,10,14,0,18,11,5,10,14,8,23,12,4,18,3,0,12,9,8,21,3,6,7,0,0,0,0,3,5,8,0,8,0,0,3,119,42,160
ILOC79499494,0,0,0,0,0,0,0,0,0,0,0,0,0,0,0,0,0,0,0,0,0,0,0,0,0,0,0,0,0,0,0,0,0,0,0,0,0,0,0,0,0,0,0,0,0,0,0,0,0,0,0,0,0,0,0,0,0
ILOC79799797,0,0,0,0,0,0,0,0,0,0,0,0,0,0,0,0,0,0,0,0,0,0,0,0,0,0,0,0,0,0,0,0,0,0,0,0,0,0,0,0,0,0,0,0,0,0,0,0,0,0,0,0,0,0,0,0,3
