ILOC_CODE_2021,R_Tot_Dw_s_S_Hou_Oth_h,R_Tot_Dw_s_SDRTHT_Oth_h,R_Tot_Dw_s_Fl_Ap_Oth_h,R_Tot_Dw_s_Oth_d_Car_Oth_h,R_Tot_Dw_s_Oth_d_Cab_h_Oth_h,R_Tot_Dw_s_Oth_d_IHTSO_Oth_h,R_Tot_Dw_s_Oth_d_HFASO_Oth_h,R_Tot_Dw_s_Oth_d_Tot_Oth_h,R_Tot_Dw_s_Ns_Oth_h,R_Tot_Tot_Oth_h,Oth_TT_Dw_s_S_Hou_Oth_h,Oth_TT_Dw_s_SDRTHT_Oth_h,Oth_TT_Dw_s_Fl_Ap_Oth_h,Oth_TT_Dw_s_Ot_d_Car_Oth_h,Oth_TT_Dw_s_Ot_d_Cab_h_Oth_h,Oth_TT_Dw_s_Ot_d_IHTSO_Oth_h,Oth_TT_Dw_s_Ot_d_HFASO_Oth_h,Oth_TT_Dw_s_Ot_d_Tot_Oth_h,Oth_TT_Dw_s_Ns_Oth_h,Oth_TT_Tot_Oth_h,TT_ns_Dw_s_S_Hou_Oth_h,TT_ns_Dw_s_SDRTHT_Oth_h,TT_ns_Dw_s_Fl_Ap_Oth_h,TT_ns_Dw_s_Oth_d_Car_Oth_h,TT_ns_Dw_s_Oth_d_Cab_h_Oth_h,TT_ns_Dw_s_Oth_d_IHTSO_Oth_h,TT_ns_Dw_s_Oth_d_HFASO_Oth_h,TT_ns_Dw_s_Oth_d_Tot_Oth_h,TT_ns_Dw_s_Ns_Oth_h,TT_ns_Tot_Oth_h,Tot_Dw_s_S_Hou_Oth_h,Tot_Dw_s_SDRTHT_Oth_h,Tot_Dw_s_Fl_Ap_Oth_h,Tot_Dw_s_Oth_d_Car_Oth_h,Tot_Dw_s_Oth_d_Cab_h_Oth_h,Tot_Dw_s_Oth_d_IHTSO_Oth_h,Tot_Dw_s_Oth_d_HFASO_Oth_h,Tot_Dw_s_Oth_d_Tot_Oth_h,Tot_Dw_s_Ns_Oth_h,Tot_Tot_Oth_h,Ow_o_Dw_s_S_Hou_Tot_h,Ow_o_Dw_s_SDRTHT_Tot_h,Ow_o_Dw_s_Fl_Ap_Tot_h,Ow_o_Dw_s_Oth_d_Car_Tot_h,Ow_o_Dw_s_Oth_d_Cab_h_Tot_h,Ow_o_Dw_s_Oth_d_IHTSO_Tot_h,Ow_o_Dw_s_Oth_d_HFASO_Tot_h,Ow_o_Dw_s_Oth_d_Tot_Tot_h,Ow_o_Dw_s_Ns_Tot_h,Ow_o_Tot_Tot_h,Ow_wm_Dw_s_S_Hou_Tot_h,Ow_wm_Dw_s_SDRTHT_Tot_h,Ow_wm_Dw_s_Fl_Ap_Tot_h,Ow_wm_Dw_s_Oth_d_Car_Tot_h,Ow_wm_Dw_s_Oth_d_Cab_h_Tot_h,Ow_wm_Dw_s_Oth_d_IHTSO_Tot_h,Ow_wm_Dw_s_Oth_d_HFASO_Tot_h,Ow_wm_Dw_s_Oth_d_Tot_Tot_h,Ow_wm_Dw_s_Ns_Tot_h,Ow_wm_Tot_Tot_h,R_RAg_Dw_s_S_Hou_Tot_h,R_RAg_Dw_s_SDRTHT_Tot_h,R_RAg_Dw_s_Fl_Ap_Tot_h,R_RAg_Dw_s_Oth_d_Car_Tot_h,R_RAg_Dw_s_Oth_d_Cab_h_Tot_h,R_RAg_Dw_s_Oth_d_IHTSO_Tot_h,R_RAg_Dw_s_Oth_d_HFASO_Tot_h,R_RAg_Dw_s_Oth_d_Tot_Tot_h,R_RAg_Dw_s_Ns_Tot_h,R_RAg_Tot_Tot_h,R_STHA_Dw_s_S_Hou_Tot_h,R_STHA_Dw_s_SDRTHT_Tot_h,R_STHA_Dw_s_Fl_Ap_Tot_h,R_STHA_Dw_s_Ot_d_Car_Tot_h,R_STHA_Dw_s_Ot_d_Cab_h_Tot_h,R_STHA_Dw_s_Ot_d_IHTSO_Tot_h,R_STHA_Dw_s_Ot_d_HFASO_Tot_h,R_STHA_Dw_s_Ot_d_Tot_Tot_h,R_STHA_Dw_s_Ns_Tot_h,R_STHA_Tot_Tot_h,R_Pnsh_Dw_s_S_Hou_Tot_h,R_Pnsh_Dw_s_SDRTHT_Tot_h,R_Pnsh_Dw_s_Fl_Ap_Tot_h,R_Pnsh_Dw_s_Ot_d_Car_Tot_h,R_Pnsh_Dw_s_Ot_d_Cab_h_Tot_h,R_Pnsh_Dw_s_Ot_d_IHTSO_Tot_h,R_Pnsh_Dw_s_Ot_d_HFASO_Tot_h,R_Pnsh_Dw_s_Oth_d_Tot_Tot_h,R_Pnsh_Dw_s_Ns_Tot_h,R_Pnsh_Tot_Tot_h,R_CHP_Dw_s_S_Hou_Tot_h,R_CHP_Dw_s_SDRTHT_Tot_h,R_CHP_Dw_s_Fl_Ap_Tot_h,R_CHP_Dw_s_Oth_d_Car_Tot_h,R_CHP_Dw_s_Oth_d_Cab_h_Tot_h,R_CHP_Dw_s_Oth_d_IHTSO_Tot_h,R_CHP_Dw_s_Oth_d_HFASO_Tot_h,R_CHP_Dw_s_Oth_d_Tot_Tot_h,R_CHP_Dw_s_Ns_Tot_h,R_CHP_Tot_Tot_h,R_othLT_Dw_s_S_Hou_Tot_h,R_othLT_Dw_s_SDRTHT_Tot_h,R_othLT_Dw_s_Fl_Ap_Tot_h,R_othLT_Dw_s_O_d_Car_Tot_h,R_othLT_Dw_s_O_d_Cab_h_Tot_h,R_othLT_Dw_s_O_d_IHTSO_Tot_h,R_othLT_Dw_s_O_d_HFASO_Tot_h,R_othLT_Dw_s_O_d_Tot_Tot_h,R_othLT_Dw_s_Ns_Tot_h,R_othLT_Tot_Tot_h,R_LTns_Dw_s_S_Hou_Tot_h,R_LTns_Dw_s_SDRTHT_Tot_h,R_LTns_Dw_s_Fl_Ap_Tot_h,R_LTns_Dw_s_Ot_d_Car_Tot_h,R_LTns_Dw_s_Ot_d_Cab_h_Tot_h,R_LTns_Dw_s_Ot_d_IHTSO_Tot_h,R_LTns_Dw_s_Ot_d_HFASO_Tot_h,R_LTns_Dw_s_Ot_d_Tot_Tot_h,R_LTns_Dw_s_Ns_Tot_h,R_LTns_Tot_Tot_h,R_Tot_Dw_s_S_Hou_Tot_h,R_Tot_Dw_s_SDRTHT_Tot_h,R_Tot_Dw_s_Fl_Ap_Tot_h,R_Tot_Dw_s_Oth_d_Car_Tot_h,R_Tot_Dw_s_Oth_d_Cab_h_Tot_h,R_Tot_Dw_s_Oth_d_IHTSO_Tot_h,R_Tot_Dw_s_Oth_d_HFASO_Tot_h,R_Tot_Dw_s_Oth_d_Tot_Tot_h,R_Tot_Dw_s_Ns_Tot_h,R_Tot_Tot_Tot_h,Oth_TT_Dw_s_S_Hou_Tot_h,Oth_TT_Dw_s_SDRTHT_Tot_h,Oth_TT_Dw_s_Fl_Ap_Tot_h,Oth_TT_Dw_s_Ot_d_Car_Tot_h,Oth_TT_Dw_s_Ot_d_Cab_h_Tot_h,Oth_TT_Dw_s_Ot_d_IHTSO_Tot_h,Oth_TT_Dw_s_Ot_d_HFASO_Tot_h,Oth_TT_Dw_s_Ot_d_Tot_Tot_h,Oth_TT_Dw_s_Ns_Tot_h,Oth_TT_Tot_Tot_h,TT_ns_Dw_s_S_Hou_Tot_h,TT_ns_Dw_s_SDRTHT_Tot_h,TT_ns_Dw_s_Fl_Ap_Tot_h,TT_ns_Dw_s_Oth_d_Car_Tot_h,TT_ns_Dw_s_Oth_d_Cab_h_Tot_h,TT_ns_Dw_s_Oth_d_IHTSO_Tot_h,TT_ns_Dw_s_Oth_d_HFASO_Tot_h,TT_ns_Dw_s_Oth_d_Tot_Tot_h,TT_ns_Dw_s_Ns_Tot_h,TT_ns_Tot_Tot_h,Tot_Dw_s_S_Hou_Tot_h,Tot_Dw_s_SDRTHT_Tot_h,Tot_Dw_s_Fl_Ap_Tot_h,Tot_Dw_s_Oth_d_Car_Tot_h,Tot_Dw_s_Oth_d_Cab_h_Tot_h,Tot_Dw_s_Oth_d_IHTSO_Tot_h,Tot_Dw_s_Oth_d_HFASO_Tot_h,Tot_Dw_s_Oth_d_Tot_Tot_h,Tot_Dw_s_Ns_Tot_h,Tot_Tot_Tot_h
ILOC70300101,142,15,49,0,0,0,4,4,0,213,9,0,0,0,0,0,0,0,0,9,8,0,0,0,0,0,0,0,0,11,521,16,54,0,0,0,4,4,0,604,155,0,0,0,0,0,0,0,0,155,245,4,8,0,0,0,0,0,0,251,70,11,23,0,0,0,4,4,0,107,38,0,0,0,0,0,0,0,0,38,54,6,20,0,0,0,0,0,0,79,4,0,3,0,0,0,0,0,0,9,3,0,12,0,0,0,0,0,0,16,0,0,0,0,0,0,0,0,0,0,168,15,53,0,0,0,4,4,0,245,11,0,0,0,0,0,0,0,0,11,10,0,0,0,0,0,0,0,0,11,594,16,61,0,0,0,4,4,0,679
ILOC70300102,152,116,60,0,0,0,0,0,8,339,3,6,0,0,0,0,0,0,0,10,10,5,0,0,0,0,0,0,3,16,636,185,82,0,0,0,0,0,8,913,255,40,8,0,0,0,0,0,0,299,232,29,11,0,0,0,0,0,0,275,91,80,33,0,0,0,0,0,0,208,17,0,0,0,0,0,0,0,0,22,63,32,23,0,0,0,0,0,3,121,3,0,0,0,0,0,0,0,3,4,7,3,6,0,0,0,0,0,0,17,0,0,0,0,0,0,0,0,0,0,186,121,61,0,0,0,0,0,8,378,3,6,0,0,0,0,0,0,0,10,14,5,0,0,0,0,0,0,3,20,688,202,78,0,0,0,0,0,8,975
ILOC70300201,153,7,0,0,0,0,0,0,0,162,0,0,0,0,0,0,0,0,0,0,11,0,0,0,0,0,0,0,0,11,630,15,3,0,0,0,0,0,0,643,187,4,0,0,0,0,0,0,0,188,346,6,0,0,0,0,0,0,0,355,72,7,0,0,0,0,0,0,0,78,57,0,0,0,0,0,0,0,0,57,53,3,0,0,0,0,0,0,0,62,0,0,0,0,0,0,0,0,0,0,8,0,0,0,0,0,0,0,0,4,6,0,0,0,0,0,0,0,0,6,196,7,0,0,0,0,0,0,0,205,0,0,0,0,0,0,0,0,0,0,13,0,0,0,0,0,0,0,0,13,744,16,4,0,0,0,0,0,0,760
ILOC70300202,132,8,0,0,0,0,0,0,0,138,4,0,0,0,0,0,0,0,0,4,9,0,0,0,0,0,0,0,0,9,624,10,4,0,0,0,0,0,0,634,170,0,0,0,0,0,0,0,0,175,360,3,0,0,0,0,0,0,0,361,93,0,0,0,0,0,0,0,0,96,56,0,0,0,0,0,0,0,0,56,50,6,0,0,0,0,0,0,0,52,0,0,0,0,0,0,0,0,0,0,3,0,0,0,0,0,0,0,0,3,3,0,0,0,0,0,0,0,0,3,208,8,0,0,0,0,0,0,0,211,8,0,0,0,0,0,0,0,0,9,13,0,0,0,0,0,0,0,0,13,755,10,4,0,0,0,0,0,0,768
ILOC70300301,0,0,0,0,0,0,0,0,0,0,0,0,0,0,0,0,0,0,0,0,0,0,0,0,0,0,0,0,0,0,0,0,0,0,0,0,0,0,0,0,0,0,0,0,0,0,0,0,0,0,0,0,0,0,0,0,0,0,0,0,0,0,0,0,0,0,0,0,0,0,0,0,0,0,0,0,0,0,0,0,0,0,0,0,0,0,0,0,0,0,33,0,14,0,0,0,0,0,0,50,0,0,0,0,0,0,0,0,0,0,0,0,0,0,0,0,0,0,0,0,36,0,14,0,0,0,0,0,0,51,0,0,0,0,0,0,0,0,0,0,0,0,0,0,0,0,0,0,0,0,36,0,14,0,0,0,0,0,0,51
ILOC70300302,126,326,231,0,0,0,0,0,0,688,9,3,4,0,0,0,0,0,0,15,5,11,11,0,0,0,0,0,0,23,516,507,331,0,0,0,0,0,0,1358,169,70,13,0,0,0,0,0,0,254,228,103,77,0,0,0,0,0,0,410,75,167,185,0,0,0,0,0,0,427,11,174,17,0,0,0,0,0,0,200,52,62,34,0,0,0,0,0,0,153,0,7,0,0,0,0,0,0,0,9,5,11,7,0,0,0,0,0,0,25,3,0,0,0,0,0,0,0,0,7,157,418,244,0,0,0,0,0,4,824,13,7,4,0,0,0,0,0,0,21,10,11,8,0,0,0,0,0,0,26,571,608,342,0,0,0,0,0,3,1532
ILOC70300303,0,0,0,0,0,0,0,0,0,0,0,0,0,0,0,0,0,0,0,0,0,0,0,0,0,0,0,0,0,0,0,0,0,0,0,0,0,0,0,0,0,0,0,0,0,0,0,0,0,0,0,0,0,0,0,0,0,0,0,0,0,0,0,0,0,0,0,0,0,0,0,0,0,0,0,0,0,0,0,0,0,0,0,0,0,0,0,0,0,0,5,0,8,0,0,0,0,0,0,14,0,0,0,0,0,0,0,0,0,0,0,0,3,0,0,0,0,0,0,3,5,0,10,0,0,0,0,0,0,15,0,0,0,0,0,0,0,0,0,0,0,0,0,0,0,0,0,0,0,0,5,0,10,0,0,0,0,0,0,15
ILOC70300304,15,23,15,0,0,0,3,3,0,64,0,0,0,0,0,0,0,0,0,0,0,0,0,0,0,0,0,0,0,5,85,28,30,0,0,0,3,3,0,148,35,0,3,0,0,0,0,0,0,40,38,0,14,0,0,0,0,0,0,48,9,0,9,0,0,0,0,0,0,17,3,23,4,0,0,0,0,0,0,27,5,0,9,0,0,0,5,5,0,17,15,0,10,0,0,0,0,0,0,25,5,0,0,0,0,0,0,0,0,3,0,5,0,0,0,0,0,0,0,5,38,27,24,0,0,0,3,3,0,94,0,0,0,0,0,0,0,0,0,0,3,0,0,0,0,0,0,0,0,5,109,33,41,0,0,0,3,3,0,193
ILOC70300401,18,0,0,0,0,0,0,3,0,25,14,0,0,0,0,0,0,0,5,20,3,0,0,6,0,0,0,6,0,7,187,3,0,22,0,0,4,29,9,219,97,0,0,12,0,0,0,17,6,115,86,0,0,6,0,0,0,6,0,89,4,0,0,0,0,0,0,0,0,4,0,0,0,0,0,0,0,0,0,0,11,0,0,0,0,0,0,0,0,15,11,0,0,0,0,0,0,0,0,11,3,0,0,0,0,0,0,4,0,5,0,0,0,0,0,0,0,0,0,0,34,0,0,0,0,0,0,3,0,37,16,0,0,0,0,0,0,0,5,23,9,0,0,5,0,0,0,5,0,11,241,3,0,24,0,0,4,28,10,280
ILOC70300402,24,8,0,0,0,0,0,0,0,33,4,0,0,0,0,0,0,0,0,8,0,0,0,0,0,0,0,0,0,4,65,10,3,3,0,0,0,3,0,80,24,0,0,0,0,0,0,0,0,29,21,0,0,0,0,0,0,0,0,22,7,0,0,0,0,0,0,0,0,9,21,15,0,0,0,0,0,0,0,33,8,0,0,0,0,0,0,0,0,8,0,3,0,0,0,0,0,0,0,7,13,0,0,0,0,0,0,0,0,12,0,0,0,0,0,0,0,0,0,0,51,20,0,0,0,0,0,0,0,71,4,0,0,0,0,0,0,0,0,8,3,0,0,0,0,0,0,0,0,7,103,24,3,3,0,0,0,3,0,135
ILOC70300403,0,0,0,0,0,0,0,0,0,0,0,0,0,0,0,0,0,0,0,0,0,0,0,0,0,0,0,0,0,0,0,0,0,0,0,0,0,0,0,0,0,0,0,0,0,0,0,0,0,0,0,0,0,0,0,0,0,0,0,0,0,0,0,0,0,0,0,0,0,0,0,0,0,0,0,0,0,0,0,0,0,0,0,0,0,0,0,0,0,0,26,0,10,0,0,0,0,0,0,35,0,0,0,0,0,0,0,0,0,0,0,0,0,0,0,0,0,0,0,0,28,0,10,0,0,0,0,0,0,44,0,0,0,0,0,0,0,0,0,0,4,0,0,0,0,0,0,0,0,4,32,0,10,0,0,0,0,0,0,46
ILOC70300404,38,0,0,6,5,0,0,8,0,44,17,0,0,0,0,0,0,0,0,14,5,0,0,0,0,0,0,0,0,7,348,0,0,29,5,5,0,39,9,396,201,0,0,23,0,0,0,26,9,228,129,0,0,0,0,0,0,4,3,134,3,0,0,0,0,0,0,0,0,5,0,0,0,0,0,0,0,0,0,0,35,0,0,0,0,0,0,0,0,44,5,0,0,0,0,0,0,0,0,8,3,0,0,0,3,0,0,4,0,7,0,0,0,0,0,0,0,0,0,0,49,0,0,9,4,0,0,11,3,66,17,0,0,0,0,0,0,0,0,21,10,0,0,0,0,0,0,0,0,10,408,0,0,29,4,5,0,42,15,463
ILOC70300501,5,6,2103,0,0,0,0,0,12,2116,0,0,18,0,0,0,0,0,0,18,0,0,40,0,0,0,0,0,11,47,14,6,2795,0,0,0,0,4,17,2829,10,0,220,0,0,0,0,0,0,220,0,0,439,0,0,0,0,0,0,439,3,0,1803,0,0,0,0,0,8,1808,0,0,48,0,0,0,0,0,0,48,3,3,257,0,0,0,0,0,4,270,0,0,7,0,0,0,0,0,0,4,0,0,98,0,0,0,0,0,0,102,0,0,8,0,0,0,0,0,0,8,7,3,2224,0,0,0,0,0,12,2248,0,0,18,0,0,0,0,0,0,26,0,0,43,0,0,0,0,0,6,53,16,3,2943,0,0,0,0,4,17,2984
ILOC70300502,193,306,637,0,0,0,0,0,0,1138,28,26,7,0,0,0,0,0,0,60,9,9,9,0,0,0,0,0,0,21,693,609,803,0,0,0,0,0,0,2111,239,128,46,0,0,0,0,0,0,415,257,145,112,0,0,0,0,0,0,518,145,213,523,0,0,0,0,0,0,878,3,65,78,0,0,0,0,0,0,147,50,59,75,0,0,0,0,0,0,186,4,0,7,0,0,0,0,0,0,18,9,6,11,0,0,0,0,0,0,23,0,0,0,0,0,0,0,0,0,0,207,345,696,0,0,0,0,0,0,1256,30,26,12,0,0,0,0,0,0,67,9,9,9,0,0,0,0,0,0,28,746,663,869,0,0,0,0,0,3,2277
ILOC70300503,150,214,692,0,0,0,0,0,11,1055,5,0,7,0,0,0,0,0,0,14,7,9,13,0,0,0,0,0,0,23,307,359,964,0,0,0,3,3,8,1651,90,65,105,0,0,0,0,3,0,266,61,82,156,0,0,0,0,0,0,304,40,138,552,0,0,0,0,0,0,729,8,46,27,0,0,0,0,0,0,77,16,36,97,0,0,0,0,0,0,152,0,4,0,0,0,0,0,0,0,0,93,11,45,0,0,0,0,0,0,152,0,0,9,0,0,0,0,0,0,5,155,230,726,0,0,0,0,0,11,1113,5,0,7,0,0,0,0,0,0,14,7,9,13,0,0,0,0,0,0,26,318,379,1012,0,0,0,3,3,8,1724
ILOC70300504,184,278,852,0,4,0,0,3,0,1320,13,0,6,0,0,0,0,0,0,28,8,8,18,0,0,0,0,0,4,39,684,429,1300,0,9,0,0,11,9,2436,209,44,130,0,7,0,0,10,0,395,286,93,317,0,0,0,0,0,0,703,145,204,717,0,0,0,0,0,0,1062,0,8,4,0,0,0,0,0,0,16,43,75,139,0,0,0,0,0,0,253,0,0,0,0,0,0,0,0,0,0,13,6,49,0,0,0,0,4,0,74,0,0,4,0,0,0,0,0,0,5,199,300,911,0,4,0,0,3,0,1411,16,0,6,0,0,0,0,0,0,23,13,8,20,0,0,0,0,0,4,42,715,460,1387,0,9,0,0,9,9,2579
ILOC70300601,221,124,61,0,0,0,0,0,0,411,14,0,0,0,0,0,0,0,0,13,11,10,3,0,0,0,0,0,0,24,927,226,68,0,0,0,0,0,0,1225,263,23,0,0,0,0,0,0,0,290,544,77,4,0,0,0,0,0,0,624,105,62,41,0,0,0,0,0,0,207,149,50,25,0,0,0,0,0,0,227,79,35,0,0,0,0,0,0,0,113,4,0,0,0,0,0,0,0,0,8,10,10,0,0,0,0,0,0,0,21,4,3,0,0,0,0,0,0,0,3,353,162,68,0,0,0,0,0,0,583,15,4,0,0,0,0,0,0,0,20,15,10,3,0,0,0,0,0,0,36,1200,276,78,0,0,0,0,0,0,1554
ILOC70300701,15,0,0,0,0,0,0,0,0,20,6,0,0,0,0,0,0,0,0,6,3,0,0,0,0,0,0,0,0,3,187,0,0,0,0,0,0,4,0,197,56,0,0,0,0,0,0,0,0,56,125,0,0,0,0,0,0,4,0,122,4,0,0,0,0,0,0,0,0,4,0,0,0,0,0,0,0,0,0,0,16,0,0,0,0,0,0,0,0,18,0,0,0,0,0,0,0,0,0,0,0,0,0,0,0,0,0,0,0,0,0,0,0,0,0,0,0,0,0,0,24,0,0,0,0,0,0,0,0,28,16,0,0,0,0,0,0,0,0,14,7,0,0,0,0,0,0,0,0,7,225,0,0,0,0,0,0,3,0,231
ILOC70300702,124,23,82,8,5,0,0,15,3,253,26,0,0,0,0,0,0,0,0,28,13,0,4,8,0,0,0,11,4,27,773,41,91,36,12,11,3,66,13,979,276,6,0,20,3,11,0,27,0,320,397,5,3,0,0,0,0,4,0,414,60,27,87,0,0,0,0,4,0,173,0,0,0,0,0,0,0,0,0,0,82,7,5,0,0,0,0,0,0,99,0,0,7,0,0,0,0,0,0,7,0,0,0,9,5,3,0,11,3,22,0,0,0,0,0,0,0,0,0,0,149,29,100,8,5,3,0,19,3,301,24,0,0,0,0,0,0,0,0,30,16,0,4,8,0,0,0,11,6,33,863,49,105,39,12,20,3,68,17,1098
ILOC70300703,97,0,0,5,3,0,0,11,0,109,19,0,0,0,0,0,0,0,0,18,5,0,0,0,0,0,0,0,0,8,685,0,3,21,6,0,0,33,8,729,234,0,0,14,0,0,0,16,3,250,405,0,0,5,0,0,0,6,0,414,30,0,0,0,0,0,0,0,0,35,7,0,0,0,0,0,0,0,0,5,64,0,0,0,0,0,0,6,0,77,0,0,0,0,0,0,0,0,0,0,11,0,0,4,5,0,0,4,0,19,6,0,0,0,0,0,0,0,0,6,123,0,0,5,3,0,0,11,0,139,20,0,0,0,0,0,0,0,3,28,14,0,0,0,0,0,0,0,0,16,792,4,3,28,6,0,0,32,8,840
ILOC70300704,145,8,0,6,21,0,0,27,9,193,25,0,0,0,3,0,0,4,0,35,5,0,0,5,0,0,0,5,0,13,1051,9,3,57,32,3,0,90,15,1169,363,0,0,41,8,0,0,47,3,420,616,0,0,4,0,0,0,5,0,621,55,0,0,0,0,0,0,0,3,60,0,0,0,0,0,0,0,0,0,0,97,6,0,0,0,0,0,0,0,112,0,0,0,0,0,0,0,0,0,0,5,4,0,6,20,0,0,30,6,47,5,0,0,0,0,0,0,0,0,5,165,13,0,11,19,0,0,34,9,221,26,0,0,0,3,0,0,4,0,34,9,0,0,4,0,0,0,4,0,17,1182,17,3,64,34,3,0,97,17,1311
ILOC70300705,303,22,0,4,0,0,0,3,0,330,46,0,0,0,0,0,0,0,0,53,42,0,0,0,0,0,0,0,5,44,2283,39,0,12,0,4,5,18,11,2352,624,4,0,10,0,0,0,15,0,644,1485,11,0,0,0,0,0,0,0,1500,146,9,0,0,0,0,0,0,0,156,0,6,0,0,0,0,0,0,0,12,178,7,6,0,0,0,0,0,0,195,4,0,0,0,0,0,0,0,0,4,19,0,0,3,0,0,0,3,0,27,3,0,0,0,0,0,0,0,0,3,363,27,6,4,0,0,0,3,0,396,51,0,0,0,0,0,0,0,0,53,56,6,0,0,0,0,0,0,5,63,2573,43,6,17,0,4,5,25,11,2658
ILOC70300706,18,0,0,0,0,0,0,0,0,19,9,0,0,0,0,0,0,0,0,10,0,0,0,0,0,0,0,0,0,0,90,3,0,0,0,0,0,0,0,99,38,0,0,0,0,0,0,0,0,42,29,5,0,0,0,0,0,0,0,32,5,0,0,0,0,0,0,0,0,5,4,0,0,0,0,0,0,0,0,4,11,0,0,0,0,0,0,0,0,13,5,0,0,0,0,0,0,0,0,5,8,0,0,0,0,0,0,0,0,8,0,0,0,0,0,0,0,0,0,0,39,0,5,0,0,0,0,0,0,40,9,0,0,0,0,0,0,0,0,10,0,0,0,0,0,0,0,0,0,0,110,3,5,0,0,0,0,0,0,114
ILOC70300801,148,94,0,0,0,0,0,0,0,247,8,3,0,0,0,0,0,0,0,12,16,3,0,0,0,0,0,0,0,23,592,171,0,0,0,0,0,0,0,770,176,31,0,0,0,0,0,0,0,212,313,45,0,0,0,0,0,0,0,357,73,45,0,0,0,0,0,0,0,118,107,96,0,0,0,0,0,0,0,204,51,16,0,0,0,0,0,0,0,70,5,0,0,0,0,0,0,0,0,10,5,0,0,0,0,0,0,0,0,5,6,3,0,0,0,0,0,0,0,7,247,167,0,0,0,0,0,0,0,419,12,3,0,0,0,0,0,0,0,15,18,6,0,0,0,0,0,0,0,23,770,254,0,0,0,0,0,0,0,1024
ILOC70300901,177,119,105,22,9,0,0,27,7,434,13,0,0,6,0,0,0,6,4,31,4,6,4,12,0,0,0,11,4,32,537,195,234,100,13,0,0,116,11,1094,123,12,61,68,3,0,0,72,0,271,240,60,67,5,0,0,0,0,0,369,55,67,65,0,0,0,0,0,0,196,15,41,52,0,0,0,0,0,0,109,40,23,44,7,0,0,0,6,0,110,23,0,0,0,0,0,0,0,0,22,80,0,7,10,8,0,0,24,3,114,4,0,0,0,0,0,0,0,0,4,217,129,162,21,8,0,0,36,7,552,13,0,4,7,0,0,0,10,4,35,10,6,7,12,0,0,0,11,4,32,604,211,307,105,18,0,0,127,15,1263
ILOC70301001,102,0,12,0,0,0,0,0,0,109,4,0,0,0,0,0,0,0,0,6,6,0,0,0,0,0,0,0,0,6,501,0,12,0,0,0,0,0,0,512,164,0,0,0,0,0,0,0,0,164,271,0,0,0,0,0,0,0,0,271,46,0,13,0,0,0,0,0,0,52,43,0,0,0,0,0,0,0,0,43,34,0,0,0,0,0,0,0,0,35,3,0,0,0,0,0,0,0,0,3,4,0,0,0,0,0,0,0,0,4,0,0,0,0,0,0,0,0,0,0,131,0,13,0,0,0,0,0,0,149,4,0,0,0,0,0,0,0,0,6,8,0,0,0,0,0,0,0,0,8,578,0,13,0,0,0,0,0,0,589
ILOC70301002,115,65,218,0,0,0,0,0,0,399,7,3,6,0,0,0,0,0,0,14,3,6,4,0,0,0,0,0,0,17,434,114,306,0,0,0,0,0,0,861,159,21,32,0,0,0,0,0,0,203,174,38,59,0,0,0,0,0,0,271,58,38,162,0,0,0,0,0,0,255,50,10,16,0,0,0,0,0,0,75,38,14,42,0,0,0,0,0,0,96,0,0,0,0,0,0,0,0,0,3,5,0,11,0,0,0,0,0,0,19,6,0,4,0,0,0,0,0,0,8,152,71,231,0,0,0,0,0,3,456,9,3,6,0,0,0,0,0,0,15,13,6,4,0,0,0,0,0,0,21,509,128,333,0,0,0,0,0,0,969
ILOC70301101,109,62,0,0,0,0,0,0,0,178,0,0,0,0,0,0,0,0,0,3,14,0,0,0,0,0,0,0,0,14,485,78,0,0,0,0,0,0,0,568,150,6,0,0,0,0,0,0,0,158,245,3,0,0,0,0,0,0,0,252,47,26,0,0,0,0,0,0,0,75,43,0,0,0,0,0,0,0,0,46,43,30,0,0,0,0,0,0,0,79,0,0,0,0,0,0,0,0,0,0,7,5,0,0,0,0,0,0,0,17,0,6,0,0,0,0,0,0,0,6,146,72,0,0,0,0,0,0,0,215,0,0,0,0,0,0,0,0,0,3,16,3,0,0,0,0,0,0,0,17,559,88,0,0,0,0,0,0,0,645
ILOC70301102,121,82,14,0,0,0,0,0,0,219,7,0,0,0,0,0,0,0,0,11,4,0,0,0,0,0,0,0,0,10,436,110,14,0,0,0,0,0,0,563,135,3,0,0,0,0,0,0,0,139,206,16,0,0,0,0,0,0,0,216,57,50,9,0,0,0,0,0,0,109,37,4,0,0,0,0,0,0,0,43,51,26,3,0,0,0,0,0,0,80,0,0,0,0,0,0,0,0,0,4,6,10,0,0,0,0,0,0,0,19,0,0,0,0,0,0,0,0,0,0,157,86,13,0,0,0,0,0,0,258,7,0,0,0,0,0,0,0,0,11,8,0,0,0,0,0,0,0,0,13,516,111,13,0,0,0,0,0,0,642
ILOC70301103,99,0,32,0,0,0,0,0,0,130,9,0,0,0,0,0,0,0,0,9,7,0,4,0,0,0,0,0,0,7,465,0,40,0,0,0,0,0,0,500,151,0,3,0,0,0,0,0,0,150,223,0,0,0,0,0,0,0,0,226,63,0,3,0,0,0,0,0,0,65,23,0,34,0,0,0,0,0,0,50,45,0,6,0,0,0,0,0,0,50,5,0,0,0,0,0,0,0,0,5,5,0,3,0,0,0,0,0,0,5,0,0,0,0,0,0,0,0,0,0,132,0,41,0,0,0,0,0,0,173,9,0,0,0,0,0,0,0,0,9,5,0,4,0,0,0,0,0,0,6,520,0,51,0,0,0,0,0,0,567
ILOC70301201,120,70,562,0,0,0,0,0,5,760,4,0,6,0,0,0,0,0,0,10,5,0,11,0,0,0,0,0,0,12,511,122,781,0,0,0,0,0,3,1418,196,16,86,0,0,0,0,0,3,296,207,30,138,0,0,0,0,0,0,373,79,61,446,0,0,0,0,0,3,585,7,0,15,0,0,0,0,0,0,22,43,17,124,0,0,0,0,0,0,186,0,4,5,0,0,0,0,0,0,8,7,4,18,0,0,0,0,0,0,25,5,0,4,0,0,0,0,0,0,8,135,85,607,0,0,0,0,0,5,828,4,0,6,0,0,0,0,0,0,10,5,5,10,0,0,0,0,0,0,18,545,137,837,0,0,0,0,0,3,1522
ILOC70301202,132,16,507,0,0,0,0,0,0,653,3,0,0,0,0,0,0,0,0,8,8,0,7,0,0,0,0,0,0,18,486,19,695,0,0,0,0,0,0,1203,155,0,87,0,0,0,0,0,0,244,216,5,93,0,0,0,0,0,0,311,77,17,385,0,0,0,0,0,0,482,26,0,8,0,0,0,0,0,0,31,50,0,132,0,0,0,0,0,0,182,0,0,0,0,0,0,0,0,0,0,0,0,15,0,0,0,0,0,0,19,0,0,0,0,0,0,0,0,0,0,155,16,549,0,0,0,0,0,0,724,3,0,0,0,0,0,0,0,0,8,8,0,12,0,0,0,0,0,0,21,540,19,746,0,0,0,0,0,0,1309
ILOC70301301,1358,402,560,0,0,0,0,0,3,2323,49,3,6,0,0,0,0,0,0,60,46,13,16,0,0,0,0,0,0,73,3899,607,746,0,0,0,0,0,7,5255,340,34,40,0,0,0,0,0,0,419,2455,168,142,0,0,0,0,0,0,2766,1092,311,473,0,0,0,0,0,3,1878,34,82,65,0,0,0,0,0,0,185,249,66,74,0,0,0,0,0,0,389,3,0,10,0,0,0,0,0,0,15,266,13,6,0,0,0,0,0,0,296,8,0,3,0,0,0,0,0,0,9,1655,476,632,0,0,0,0,0,3,2771,64,3,6,0,0,0,0,0,0,73,50,13,22,0,0,0,0,0,0,85,4564,703,840,0,0,0,0,0,7,6111
ILOC70301302,144,25,152,0,0,0,0,0,0,326,0,0,3,0,0,0,0,0,0,4,12,0,0,0,0,0,0,0,0,11,503,40,232,0,0,0,0,0,0,771,92,3,21,0,0,0,0,0,0,123,291,7,65,0,0,0,0,0,0,361,115,25,128,0,0,0,0,0,3,265,47,5,21,0,0,0,0,0,0,75,48,3,33,0,0,0,0,0,0,79,0,0,3,0,0,0,0,0,0,3,5,0,0,0,0,0,0,0,0,8,0,0,0,0,0,0,0,0,0,4,218,34,183,0,0,0,0,0,0,433,0,0,3,0,0,0,0,0,0,4,17,0,4,0,0,0,0,0,0,18,619,49,268,0,0,0,0,0,0,940
ILOC70301303,601,75,80,0,0,0,0,0,0,764,27,8,0,0,0,0,0,0,0,32,15,0,0,0,0,0,0,0,0,18,1656,112,88,0,0,12,0,12,0,1874,240,11,3,0,0,5,0,5,0,255,853,18,5,0,0,0,0,0,0,886,520,62,76,0,0,0,0,0,0,657,4,9,12,0,0,0,0,0,0,26,109,17,4,0,0,4,0,4,0,132,0,4,0,0,0,0,0,0,0,4,46,6,0,0,0,0,0,0,0,54,0,0,0,0,0,0,0,0,0,0,686,96,89,0,0,0,0,0,0,872,25,8,0,0,0,0,0,0,0,39,15,0,0,0,0,0,0,0,0,18,1823,130,100,0,0,12,0,13,0,2075
ILOC70301304,158,11,195,0,0,0,0,0,0,362,0,0,0,0,0,0,0,0,0,0,8,0,11,0,0,0,0,0,0,16,520,12,300,0,0,0,0,0,0,834,113,0,23,0,0,0,0,0,0,136,306,5,80,0,0,0,0,0,0,393,112,8,123,0,0,0,0,0,0,243,83,0,143,0,0,0,0,0,0,227,52,4,35,0,0,0,0,0,0,93,0,0,0,0,0,0,0,0,0,0,0,0,0,0,0,0,0,0,0,5,0,0,4,0,0,0,0,0,0,9,254,11,307,0,0,0,0,0,0,570,0,0,0,0,0,0,0,0,0,0,9,0,30,0,0,0,0,0,0,42,679,15,442,0,0,0,0,0,0,1136
ILOC70301305,163,18,62,0,0,0,0,0,0,244,3,0,0,0,0,0,0,0,0,3,9,0,3,0,0,0,0,0,0,9,549,38,103,0,0,0,0,0,0,685,92,0,8,0,0,0,0,0,0,107,357,10,21,0,0,0,0,0,0,396,87,12,23,0,0,0,0,0,0,125,129,11,56,0,0,0,0,0,0,197,61,6,13,0,0,0,0,0,0,72,5,0,0,0,0,0,0,0,0,14,3,0,0,0,0,0,0,0,0,6,0,0,0,0,0,0,0,0,0,3,291,36,87,0,0,0,0,0,0,422,3,0,4,0,0,0,0,0,0,4,13,0,3,0,0,0,0,0,0,17,763,56,131,0,0,0,0,0,0,950
ILOC70301306,0,0,0,0,0,0,0,0,0,0,0,0,0,0,0,0,0,0,0,0,0,0,0,0,0,0,0,0,0,0,0,0,0,0,0,0,0,0,0,0,0,0,0,0,0,0,0,0,0,0,0,0,0,0,0,0,0,0,0,0,0,0,0,0,0,0,0,0,0,0,0,0,0,0,0,0,0,0,0,0,0,0,0,0,0,0,0,0,0,0,10,0,0,0,0,0,0,0,0,10,0,0,0,0,0,0,0,0,0,0,0,0,0,0,0,0,0,0,0,0,10,0,0,0,0,0,0,0,0,10,0,0,0,0,0,0,0,0,0,0,0,0,0,0,0,0,0,0,0,0,15,0,0,0,0,0,0,0,0,15
ILOC70301307,197,98,0,0,0,0,0,0,0,305,4,0,0,0,0,0,0,0,0,4,11,4,0,0,0,0,0,0,0,12,712,135,0,0,0,0,0,0,0,850,129,8,0,0,0,0,0,0,0,139,453,26,0,0,0,0,0,0,0,476,157,30,0,0,0,0,0,0,0,186,38,111,4,0,0,0,0,0,0,151,91,17,0,0,0,0,0,0,0,106,0,0,0,0,0,0,0,0,0,0,8,0,0,0,0,0,0,0,0,6,0,0,0,0,0,0,0,0,0,0,292,165,4,0,0,0,0,0,0,454,4,5,0,0,0,0,0,0,0,9,17,10,0,0,0,0,0,0,0,20,887,210,4,0,0,0,0,0,0,1100
ILOC70301401,885,35,278,4,0,0,0,4,0,1198,30,0,4,0,0,0,0,0,4,34,17,4,10,5,0,0,0,5,0,30,2385,73,508,34,0,0,0,34,4,2998,425,6,74,30,0,0,0,30,0,539,1126,30,151,0,0,0,0,0,0,1301,388,18,157,0,0,0,0,0,0,566,51,0,62,0,0,0,0,0,0,112,111,3,56,0,0,0,0,0,0,173,0,0,5,0,0,0,0,0,0,3,459,8,37,3,0,0,0,3,0,514,0,0,9,0,0,0,0,0,0,5,1010,35,321,4,0,0,0,4,0,1373,33,0,6,0,0,0,0,0,4,46,21,4,12,5,0,0,0,5,0,38,2617,71,569,34,0,0,0,34,4,3290
ILOC70301402,108,0,106,0,0,0,0,0,0,222,4,0,26,0,0,0,0,0,0,31,7,0,6,0,0,0,0,0,0,15,501,0,193,0,0,0,0,0,3,701,166,0,28,0,0,0,0,0,0,195,247,0,26,0,0,0,0,0,0,274,66,0,67,0,0,0,0,0,0,137,39,0,5,0,0,0,0,0,0,39,49,0,24,0,0,0,0,0,0,76,0,0,9,0,0,0,0,0,0,10,3,0,10,0,0,0,0,0,0,18,0,0,0,0,0,0,0,0,0,0,162,0,116,0,0,0,0,0,0,281,6,0,26,0,0,0,0,0,0,29,4,0,6,0,0,0,0,0,0,16,592,0,205,0,0,0,0,0,3,797
ILOC70400101,12,0,0,0,0,0,0,0,0,12,18,0,0,0,0,0,0,0,3,22,4,0,0,0,0,0,0,0,0,5,62,0,0,8,0,0,0,7,6,78,36,0,0,6,0,7,0,7,4,52,11,0,0,4,0,0,0,4,0,10,0,0,0,0,0,0,0,0,0,0,0,0,0,0,0,0,0,0,0,0,4,0,0,0,0,0,0,0,0,4,10,0,0,0,0,0,0,0,0,10,7,0,0,0,0,0,0,0,0,6,0,0,0,0,0,0,0,0,0,0,22,0,0,0,0,0,0,0,0,22,25,3,0,0,0,0,0,0,0,31,3,0,0,0,0,0,0,0,0,8,99,3,0,5,0,3,0,9,7,129
ILOC70400102,0,0,0,0,0,0,0,0,0,0,0,0,0,0,0,0,0,0,0,0,0,0,0,0,0,0,0,0,0,0,0,0,0,0,0,0,0,0,0,0,0,0,0,0,0,0,0,0,0,0,0,0,0,0,0,0,0,0,0,0,0,0,0,0,0,0,0,0,0,0,0,0,0,0,0,0,0,0,0,0,0,0,0,0,0,0,0,0,0,0,8,0,0,0,0,0,0,0,0,8,0,0,0,0,0,0,0,0,0,0,0,0,0,0,0,0,0,0,0,0,8,0,0,0,0,0,0,0,0,8,0,0,0,0,0,0,0,0,0,0,5,0,0,0,0,0,0,0,0,5,12,0,0,0,0,0,0,0,0,12
ILOC70400103,0,4,0,0,0,0,0,0,0,4,4,0,0,0,0,0,0,0,0,3,0,0,0,0,0,0,0,0,0,0,4,0,0,0,0,0,0,0,0,11,0,0,0,0,0,0,0,0,0,0,0,0,0,0,0,0,0,0,0,0,0,0,0,0,0,0,0,0,0,0,17,7,0,0,0,0,0,0,0,28,0,0,0,0,0,0,0,0,0,0,19,9,0,0,0,0,0,0,0,37,0,0,0,0,0,0,0,0,0,0,0,0,0,0,0,0,0,0,0,0,39,22,0,0,0,0,0,0,0,61,6,0,0,0,0,0,0,0,0,9,0,0,0,0,0,0,0,0,0,0,49,25,0,0,0,0,0,0,0,72
ILOC70400104,0,0,0,0,0,0,0,0,0,0,0,0,0,0,0,0,0,0,0,0,0,0,0,0,0,0,0,0,0,0,4,0,0,0,0,0,0,0,0,4,0,0,0,0,0,0,0,0,0,0,0,0,0,0,0,0,0,0,0,0,0,0,0,0,0,0,0,0,0,0,32,0,0,0,0,0,0,0,0,37,0,0,0,0,0,0,0,0,0,0,10,0,0,0,0,0,0,0,0,15,0,0,0,0,0,0,0,0,0,0,3,0,0,0,0,0,0,0,0,3,51,0,0,0,0,0,0,0,0,48,4,0,0,0,0,0,0,0,0,4,0,0,0,0,0,0,0,0,0,0,48,0,0,0,0,0,0,0,0,52
ILOC70400105,0,0,0,0,0,0,0,0,0,0,5,0,0,0,0,0,0,0,0,5,0,0,0,0,0,0,0,0,0,0,8,0,0,0,0,0,0,0,0,8,0,0,0,0,0,0,0,0,0,0,0,0,0,0,0,0,0,0,0,0,0,0,0,0,0,0,0,0,0,0,3,0,0,0,0,0,0,0,0,3,0,0,0,0,0,0,0,0,0,0,17,0,0,0,0,0,0,0,0,17,0,0,0,0,0,0,0,0,0,0,0,0,0,0,0,0,0,0,0,0,25,0,0,0,0,0,0,0,0,25,8,0,0,0,0,0,0,0,0,8,0,0,0,0,0,0,0,0,0,0,37,0,0,0,0,0,0,0,0,37
ILOC70400106,13,3,3,0,0,0,0,0,0,20,3,0,0,0,0,0,0,5,0,8,0,0,0,0,0,0,0,0,0,0,45,6,3,6,0,0,0,5,3,66,23,0,0,0,0,0,0,4,4,28,11,5,0,3,0,0,0,0,0,13,0,0,0,0,0,0,0,0,0,0,14,4,3,0,0,0,0,0,0,19,10,0,0,0,0,0,0,0,0,14,3,5,0,0,0,0,0,0,0,6,4,0,0,0,0,0,0,0,0,4,0,0,0,0,0,0,0,0,0,0,33,7,3,0,0,0,0,0,0,44,3,0,0,0,0,0,0,5,0,8,0,0,0,0,0,0,0,0,0,0,70,9,3,6,3,0,0,14,3,91
ILOC70400201,65,32,23,6,0,3,0,9,0,126,32,17,5,0,0,0,0,0,0,45,0,6,0,0,0,0,0,0,0,5,102,50,26,15,0,3,0,16,0,192,0,0,0,7,0,0,0,7,0,9,3,0,0,0,0,0,0,0,0,6,4,0,0,0,0,0,0,0,0,0,7,0,0,0,0,0,0,0,0,13,0,0,0,0,0,0,0,0,0,5,7,7,4,0,0,0,0,0,0,16,79,39,16,3,0,3,0,0,0,139,0,3,0,0,0,0,0,0,0,3,96,50,21,6,0,3,0,9,0,179,38,12,3,0,0,0,0,0,0,55,0,5,0,0,0,0,0,0,0,16,148,70,28,15,0,3,0,16,0,262
ILOC70400202,15,0,0,4,0,0,0,9,5,26,3,0,0,4,0,0,0,9,0,12,15,0,0,0,5,0,0,3,4,18,174,0,0,23,8,12,0,40,15,230,88,0,0,13,0,3,0,20,5,110,77,0,0,0,0,0,0,0,3,81,4,0,0,0,0,0,0,0,0,0,3,0,0,0,0,0,0,0,0,3,8,0,0,0,0,0,0,0,0,14,8,0,0,0,0,0,0,0,0,8,18,0,0,6,0,3,0,8,3,32,0,0,0,0,0,0,0,0,0,0,42,0,0,4,0,3,0,9,5,58,20,0,0,4,0,0,0,6,0,31,12,0,0,0,5,0,0,3,4,22,240,0,0,21,8,12,0,38,13,304
ILOC70400203,0,0,0,0,0,0,0,0,0,0,0,0,0,0,0,0,0,0,0,0,0,0,0,0,0,0,0,0,0,0,0,0,0,0,0,0,0,0,0,0,0,0,0,0,0,0,0,0,0,0,0,0,0,0,0,0,0,0,0,0,0,0,0,0,0,0,0,0,0,0,0,0,0,0,0,0,0,0,0,0,0,0,0,0,0,0,0,0,0,0,3,0,0,0,0,0,0,0,0,3,0,0,0,0,0,0,0,0,0,0,0,0,0,0,0,0,0,0,0,0,3,0,0,0,0,0,0,0,0,3,0,0,0,0,0,0,0,0,0,0,0,0,0,0,0,0,0,0,0,0,5,0,0,0,0,0,0,0,0,5
ILOC70400301,17,6,0,0,0,0,0,0,0,20,51,0,0,0,0,0,0,0,0,53,0,0,0,0,0,0,0,0,0,0,70,4,0,0,0,0,0,5,0,78,3,0,0,0,0,0,0,0,0,3,0,0,0,0,0,0,0,0,0,0,0,0,0,0,0,0,0,0,0,0,36,0,0,0,0,0,0,0,0,36,0,0,0,0,0,0,0,0,0,0,250,11,0,0,0,0,0,0,0,264,17,6,0,0,0,0,0,0,0,21,0,0,0,0,0,0,0,0,0,0,304,17,0,0,0,0,0,0,0,319,61,3,0,0,0,0,0,0,0,61,0,0,0,0,0,0,0,0,0,0,373,20,0,0,0,0,0,5,0,394
ILOC70400302,0,0,0,0,0,0,0,0,0,0,0,0,0,0,0,0,0,0,0,3,0,0,0,0,0,0,0,0,0,0,0,0,0,0,0,0,0,0,0,3,0,0,0,0,0,0,0,0,0,0,0,0,0,0,0,0,0,0,0,0,0,0,0,0,0,0,0,0,0,0,0,0,0,0,0,0,0,0,0,0,0,0,0,0,0,0,0,0,0,0,20,0,0,0,0,0,0,0,0,28,0,0,0,0,0,0,0,0,0,0,0,0,0,0,0,0,0,0,0,0,26,0,0,0,0,0,0,0,0,29,14,0,0,0,0,4,0,4,0,18,4,0,0,0,0,0,0,0,0,4,46,0,0,0,0,4,0,4,0,46
ILOC70400401,0,0,0,0,0,0,0,0,0,0,0,0,0,0,0,0,0,0,0,0,0,0,0,0,0,0,0,0,0,0,0,0,0,0,0,6,0,6,0,6,0,0,0,0,0,0,0,0,0,6,0,0,0,0,0,0,0,0,0,0,0,0,0,0,0,0,0,0,0,0,0,0,0,0,0,0,0,0,0,0,0,0,0,0,0,0,0,0,0,0,8,0,0,0,0,0,0,0,0,14,0,0,0,0,0,0,0,0,0,0,0,0,0,0,0,0,0,0,0,0,13,0,0,0,0,0,0,0,0,12,9,0,0,0,0,12,0,12,0,20,0,0,0,0,0,0,0,0,0,3,31,0,0,0,0,14,0,14,0,41
ILOC70400402,16,0,0,0,0,0,0,0,0,20,14,0,0,0,0,0,3,3,5,21,0,0,0,0,0,0,0,0,0,3,30,0,0,0,0,0,3,3,7,38,0,0,0,0,0,0,0,0,0,0,0,0,0,0,0,0,0,0,0,0,0,0,0,0,0,0,0,0,0,0,139,14,0,0,3,0,0,3,0,152,0,0,0,0,0,0,0,0,0,0,12,0,0,0,0,0,0,0,0,12,18,0,0,0,0,0,0,0,0,21,0,0,0,0,0,0,0,0,0,0,167,14,0,0,3,0,0,3,0,186,20,0,0,0,0,0,3,3,5,27,0,0,0,0,0,0,0,0,0,4,188,16,3,0,3,0,3,0,5,217
ILOC70400403,0,0,0,0,0,0,0,0,0,0,0,0,0,0,0,0,0,0,0,0,0,0,0,0,0,0,0,0,0,0,0,0,0,0,0,0,0,0,0,0,0,0,0,0,0,0,0,0,0,0,0,0,0,0,0,0,0,0,0,0,0,0,0,0,0,0,0,0,0,0,3,0,0,0,0,0,0,0,0,3,0,0,0,0,0,0,0,0,0,0,0,0,0,0,0,0,0,0,0,0,0,0,0,0,0,0,0,0,0,0,0,0,0,0,0,0,0,0,0,0,3,0,0,0,0,0,0,0,0,3,0,0,0,0,0,0,0,0,0,0,0,0,0,0,0,0,0,0,0,0,12,0,0,0,0,0,0,0,0,12
ILOC70400404,0,0,0,0,0,0,0,0,0,0,0,0,0,0,0,0,0,0,0,0,0,0,0,0,0,0,0,0,0,0,0,0,0,0,0,0,0,0,0,0,0,0,0,0,0,0,0,0,0,0,0,0,0,0,0,0,0,0,0,0,0,0,0,0,0,0,0,0,0,0,0,0,0,0,0,0,0,0,0,0,0,0,0,0,0,0,0,0,0,0,6,0,0,0,0,0,0,0,0,6,0,0,0,0,0,0,0,0,0,0,0,0,0,0,0,0,0,0,0,0,6,0,0,0,0,0,0,0,0,6,6,0,0,0,0,0,0,0,0,6,0,0,0,0,0,0,0,0,0,0,12,0,0,0,0,0,0,0,0,13
ILOC70400405,0,0,0,0,0,0,0,0,0,0,4,0,0,0,0,0,0,0,0,4,0,0,0,0,0,0,0,0,0,0,9,0,0,0,0,0,0,0,0,9,0,0,0,0,0,0,0,0,0,0,0,0,0,0,0,0,0,0,0,0,0,0,0,0,0,0,0,0,0,0,29,0,0,0,0,0,0,0,0,31,0,0,0,0,0,0,0,0,0,0,12,0,0,0,0,0,0,0,0,12,3,0,0,0,0,0,0,0,0,3,0,0,0,0,0,0,0,0,0,0,37,0,0,0,0,0,0,0,0,42,4,0,0,0,0,0,0,0,0,4,0,0,0,0,0,0,0,0,0,0,47,0,0,0,0,0,0,0,0,55
ILOC70400406,4,0,0,0,0,0,0,0,4,9,7,0,0,0,0,0,0,0,0,7,0,0,0,0,0,0,0,0,0,0,15,0,0,0,0,0,0,0,4,18,0,0,0,0,0,0,0,0,0,0,0,0,0,0,0,0,0,0,0,0,0,0,0,0,0,0,0,0,0,0,51,7,0,0,0,0,0,0,3,62,0,0,0,0,0,0,0,0,0,0,0,0,0,0,0,0,0,0,0,0,6,0,0,0,0,0,0,0,0,9,0,0,0,0,0,0,0,0,0,0,61,7,0,0,0,0,0,0,4,70,6,0,0,0,0,0,0,0,0,6,0,0,0,0,0,0,0,0,0,0,68,7,0,0,0,0,0,0,4,85
ILOC70400501,0,0,0,0,0,0,0,0,0,0,0,0,0,0,0,0,0,0,0,0,0,0,0,0,0,0,0,0,0,0,0,0,0,0,0,0,0,0,0,0,19,0,0,0,0,0,0,0,0,18,0,0,0,0,0,0,0,0,0,0,0,0,0,0,0,0,0,0,0,0,4,0,0,0,0,0,0,0,0,4,0,0,0,0,0,0,0,0,0,0,8,0,0,0,0,0,0,0,0,8,0,0,0,0,0,0,0,0,0,0,0,0,0,0,0,0,0,0,0,0,19,0,0,0,0,0,0,0,0,19,0,0,0,0,0,0,0,0,0,0,0,0,0,0,0,0,0,0,0,0,37,0,0,0,0,0,0,0,0,36
ILOC70400502,26,11,0,0,0,0,0,0,0,37,22,9,0,0,0,0,0,0,0,34,5,0,0,0,0,0,0,0,0,4,51,18,0,0,0,0,0,0,0,78,3,0,0,0,0,0,0,0,0,3,0,0,0,0,0,0,0,0,0,0,0,0,0,0,0,0,0,0,0,0,51,14,0,0,0,0,0,0,0,60,0,0,0,0,0,0,0,0,0,0,136,35,0,0,3,0,0,3,0,170,26,13,0,0,0,0,0,0,0,34,8,5,0,0,0,0,0,0,0,7,213,61,0,0,3,0,0,3,0,280,23,13,0,0,9,0,0,9,0,45,5,0,0,0,0,0,0,0,4,9,245,75,6,0,11,0,0,11,6,339
ILOC70400601,3,0,0,0,0,0,0,0,0,3,4,0,0,0,0,0,0,0,0,11,0,0,0,0,0,0,0,0,0,0,14,0,0,0,0,0,0,0,0,12,0,0,0,0,0,0,0,0,0,0,0,0,0,0,0,0,0,0,0,0,0,0,0,0,0,0,0,0,0,0,78,0,3,0,0,0,0,0,0,81,0,0,0,0,0,0,0,0,0,0,9,0,0,0,0,0,0,0,0,9,9,0,0,0,0,0,0,0,0,9,0,0,0,0,0,0,0,0,0,0,93,0,3,0,0,0,0,0,0,99,7,0,0,0,0,0,0,0,0,11,6,0,0,0,0,0,0,0,0,4,103,0,4,0,0,0,0,0,0,111
ILOC70400602,3,0,0,0,0,0,0,0,0,5,4,0,0,0,0,0,0,0,0,4,0,0,0,0,0,0,0,0,0,0,3,0,0,0,0,0,0,0,0,7,0,0,0,0,0,0,0,0,0,0,0,0,0,0,0,0,0,0,0,0,0,0,0,0,0,0,0,0,0,0,55,0,4,0,0,0,0,0,0,63,0,0,0,0,0,0,0,0,0,0,20,0,6,0,0,0,0,0,0,20,3,0,0,0,0,0,0,0,0,3,0,0,0,0,0,0,0,0,0,0,73,0,13,0,0,0,0,0,0,86,8,0,0,0,0,0,0,0,0,8,0,0,0,0,0,0,0,0,0,0,84,0,13,0,0,0,0,0,0,93
ILOC70400603,0,0,0,0,0,0,0,0,0,0,0,0,0,0,11,0,0,11,0,13,0,0,0,0,0,0,0,0,0,0,0,3,0,0,14,0,0,14,0,15,0,0,0,0,0,0,0,0,0,0,0,0,0,0,0,0,0,0,0,0,0,0,0,0,0,0,0,0,0,0,3,7,0,0,0,0,0,0,0,10,0,0,0,0,0,0,0,0,0,0,0,0,0,0,0,0,0,0,0,0,0,3,0,0,0,0,0,0,0,5,0,0,0,0,0,0,0,0,0,0,3,5,0,0,0,0,0,0,0,14,7,5,0,0,11,0,0,11,0,19,0,0,0,0,0,0,0,0,0,0,14,9,0,0,15,0,0,15,0,36
ILOC70400604,10,0,0,0,0,0,0,0,0,19,19,0,3,0,0,0,0,0,8,32,0,0,0,0,0,0,0,0,0,3,29,0,8,0,0,0,0,0,7,52,23,4,0,0,0,0,0,0,0,26,0,0,0,0,0,0,0,0,0,7,0,0,0,0,0,0,0,0,0,0,174,13,26,0,0,0,0,0,0,209,0,0,0,0,0,0,0,0,0,0,54,0,0,0,0,0,0,0,0,55,10,0,8,0,0,0,0,0,0,17,5,0,0,0,0,0,0,0,0,5,241,14,30,0,0,0,0,0,0,287,24,0,3,0,0,0,0,0,3,40,7,0,0,0,0,0,0,0,0,8,294,19,39,0,0,0,0,0,9,362
ILOC70500101,13,0,0,0,0,0,0,0,0,9,14,0,0,3,0,0,0,7,0,19,0,0,0,0,0,0,0,0,0,0,31,0,0,13,3,0,0,15,0,45,6,0,0,6,3,0,0,12,0,13,3,0,0,0,0,0,0,0,0,5,0,0,0,0,0,0,0,0,0,0,17,0,0,0,0,0,0,0,0,21,0,0,0,0,0,0,0,0,0,5,27,6,0,0,0,0,0,0,0,31,10,0,0,0,0,0,0,0,0,11,0,0,0,0,0,0,0,0,0,0,57,3,0,3,0,0,0,4,0,68,19,0,0,3,0,0,0,7,0,24,0,0,0,0,0,0,0,3,0,0,86,7,3,15,4,0,0,18,0,116
ILOC70500102,0,0,0,0,0,0,0,0,0,9,6,0,0,0,0,0,0,0,0,3,0,0,0,0,0,0,0,0,0,0,7,0,0,0,0,0,0,0,0,8,5,0,0,0,0,0,0,0,0,5,0,0,0,0,0,0,0,0,0,0,0,0,0,0,0,0,0,0,0,0,0,0,0,0,0,0,0,0,0,0,0,0,0,0,0,0,0,0,0,0,15,4,0,0,0,0,0,0,0,26,8,0,0,0,0,0,0,0,0,10,0,0,0,0,0,0,0,0,0,0,25,11,0,0,0,0,0,0,0,31,7,0,0,4,0,0,0,4,0,8,0,0,0,0,0,0,0,0,0,0,35,11,0,4,0,0,0,4,0,48
ILOC70500103,0,0,0,0,0,0,0,0,0,0,0,0,0,0,0,0,0,0,0,0,0,0,0,0,0,0,0,0,0,0,0,0,0,0,0,0,0,0,0,0,0,0,0,0,0,0,0,0,0,0,0,0,0,0,0,0,0,0,0,0,0,0,0,0,0,0,0,0,0,0,0,0,0,0,0,0,0,0,0,0,0,0,0,0,0,0,0,0,0,0,18,5,0,0,0,0,0,0,0,19,0,0,0,0,0,0,0,0,0,0,0,0,0,0,0,0,0,0,0,0,18,5,0,0,0,0,0,0,0,19,0,0,0,0,0,0,0,0,0,0,0,0,0,0,0,0,0,0,0,0,16,5,0,0,0,0,0,0,0,25
ILOC70500201,0,0,0,0,0,0,0,0,0,0,0,0,0,0,0,0,0,0,0,0,0,0,0,0,0,0,0,0,0,0,0,0,0,0,0,0,0,0,0,0,0,0,0,0,0,0,0,0,0,0,0,0,0,0,0,0,0,0,0,0,0,0,0,0,0,0,0,0,0,0,4,0,0,0,0,0,0,0,0,4,0,0,0,0,0,0,0,0,0,0,28,0,0,0,0,0,0,0,0,26,0,0,0,0,0,0,0,0,0,0,0,0,0,0,0,0,0,0,0,0,29,0,0,0,0,0,0,0,0,32,0,0,0,0,0,0,0,0,0,0,0,0,0,0,0,0,0,0,0,0,29,0,0,0,0,0,0,0,0,32
ILOC70500202,3,0,0,0,0,0,0,0,0,5,5,0,0,0,0,0,0,0,0,10,0,0,0,0,0,0,0,0,0,0,17,0,0,0,0,0,0,0,5,24,0,0,0,0,0,0,0,0,0,5,0,0,0,0,0,0,0,0,0,4,0,0,0,0,0,0,0,0,0,0,31,23,0,0,0,0,0,0,0,48,0,0,0,0,0,0,0,0,0,0,10,0,0,0,0,0,0,0,0,10,4,0,0,0,0,0,0,0,0,8,0,0,0,0,0,0,0,0,0,0,43,19,0,0,0,0,0,0,0,69,10,0,0,0,0,0,0,0,0,11,3,0,0,0,0,0,0,0,0,3,60,19,0,0,0,0,0,0,5,87
ILOC70500301,3,0,0,0,0,0,0,0,0,3,8,0,0,0,0,0,0,0,0,8,0,0,0,0,0,0,0,0,0,0,10,0,0,0,0,0,0,0,0,10,0,0,0,0,0,0,0,0,0,0,0,0,0,0,0,0,0,0,0,0,0,0,0,0,0,0,0,0,0,0,38,14,0,0,0,0,0,0,0,56,0,0,0,0,0,0,0,0,0,0,10,0,0,0,0,0,0,0,0,10,0,0,0,0,0,0,0,0,0,0,0,0,0,0,0,0,0,0,0,0,51,23,0,0,0,0,0,0,0,69,9,0,0,0,0,0,0,0,0,9,0,0,0,0,0,0,0,0,0,0,58,23,0,0,0,0,0,0,0,80
ILOC70500303,9,0,0,0,0,0,0,0,5,12,17,0,0,5,0,0,0,5,6,29,3,0,0,3,0,0,0,4,6,9,49,0,0,25,0,0,0,28,10,91,18,0,0,15,0,0,0,18,3,36,3,0,0,0,0,0,0,0,3,8,0,0,0,0,0,0,0,0,0,0,4,0,0,0,0,0,0,0,0,5,0,0,0,0,0,0,0,0,0,0,4,3,0,0,0,0,0,0,0,3,8,0,0,0,0,0,0,0,0,13,0,0,0,0,0,0,0,0,0,0,18,3,3,0,0,0,0,0,5,28,18,0,0,5,0,0,0,5,6,30,3,0,0,3,0,0,0,4,6,11,61,3,3,25,0,3,0,33,10,112
ILOC70500304,0,0,0,0,0,0,0,0,0,0,0,0,0,0,0,0,0,0,0,0,0,0,0,0,0,0,0,0,0,0,0,0,0,0,0,0,0,0,0,0,4,0,0,0,0,0,0,0,0,4,0,0,0,0,0,0,0,0,0,0,0,0,0,0,0,0,0,0,0,0,20,0,0,0,0,0,0,0,0,20,0,0,0,0,0,0,0,0,0,0,3,0,0,0,0,0,0,0,0,3,0,0,0,0,0,0,0,0,0,0,0,0,0,0,0,0,0,0,0,0,24,0,0,0,0,0,0,0,0,24,0,0,0,0,0,0,0,0,0,0,0,0,0,0,0,0,0,0,0,0,29,0,0,0,0,0,0,0,0,29
ILOC70500305,0,0,0,0,0,0,0,0,0,0,0,0,0,0,0,0,0,0,0,0,0,0,0,0,0,0,0,0,0,0,0,0,0,0,0,0,0,0,0,0,0,0,0,0,0,0,0,0,0,0,0,0,0,0,0,0,0,0,0,0,0,0,0,0,0,0,0,0,0,0,9,0,10,0,0,0,0,0,0,16,0,0,0,0,0,0,0,0,0,0,0,0,0,0,0,0,0,0,0,0,0,0,0,0,0,0,0,0,0,0,0,0,0,0,0,0,0,0,0,0,9,0,10,0,0,0,0,0,0,15,0,0,0,0,0,0,0,0,0,0,0,0,0,0,0,0,0,0,0,0,10,0,10,0,0,0,0,0,0,21
ILOC70500306,11,0,0,4,0,0,0,4,0,14,15,4,0,0,0,0,0,0,0,23,5,0,0,3,0,0,0,3,0,4,49,4,0,14,0,0,0,19,0,71,10,0,0,11,0,0,0,11,0,27,6,0,0,0,0,0,0,0,0,13,0,0,0,0,0,0,0,0,0,0,7,0,0,0,0,0,0,0,0,7,5,0,0,0,0,0,0,0,0,5,3,5,0,0,0,0,0,5,0,7,9,0,0,4,0,0,0,0,0,10,0,0,0,0,0,0,0,0,0,0,23,5,0,5,0,0,0,5,0,31,18,4,0,0,0,0,0,0,0,23,5,0,0,3,0,0,0,3,0,4,66,5,0,24,3,0,0,25,0,93
ILOC70500307,0,0,0,0,0,0,0,0,0,0,10,0,0,0,0,0,0,0,0,13,0,0,0,0,0,0,0,0,0,0,7,0,0,0,0,0,0,0,0,10,0,0,0,0,0,0,0,0,0,0,0,0,0,0,0,0,0,0,0,0,0,0,0,0,0,0,0,0,0,0,51,8,5,0,0,0,0,0,0,69,0,0,0,0,0,0,0,0,0,0,0,0,0,0,0,0,0,0,0,0,0,0,0,0,0,0,0,0,0,0,0,0,0,0,0,0,0,0,0,0,55,8,5,0,0,0,0,0,0,70,10,3,0,0,0,0,0,0,0,13,0,0,0,0,0,0,0,0,0,0,59,18,5,0,0,0,0,0,0,88
ILOC70500308,0,0,0,0,0,0,0,0,0,0,0,0,0,0,0,0,0,0,0,0,0,0,0,0,0,0,0,0,0,0,4,0,0,0,0,0,0,0,0,4,0,0,0,0,0,0,0,0,0,0,0,0,0,0,0,0,0,0,0,0,0,0,0,0,0,0,0,0,0,0,13,0,5,0,0,0,0,0,0,19,0,0,0,0,0,0,0,0,0,0,0,0,0,0,0,0,0,0,0,0,4,0,0,0,0,0,0,0,0,4,0,0,0,0,0,0,0,0,0,0,18,0,5,0,0,0,0,0,0,22,3,0,0,0,0,0,0,0,0,5,0,0,0,0,0,0,0,0,0,0,23,0,5,0,0,0,0,0,0,26
ILOC70500309,0,0,0,0,0,0,0,0,0,0,0,0,0,0,0,0,0,0,0,0,0,0,0,0,0,0,0,0,0,0,0,0,0,0,0,0,0,0,0,0,0,0,0,0,0,0,0,0,0,0,0,0,0,0,0,0,0,0,0,0,0,0,0,0,0,0,0,0,0,0,9,0,4,0,0,0,0,0,0,13,0,0,0,0,0,0,0,0,0,0,0,0,0,0,0,0,0,0,0,0,0,0,0,0,0,0,0,0,0,0,0,0,0,0,0,0,0,0,0,0,6,0,4,0,0,0,0,0,0,12,0,0,0,0,0,0,0,0,0,0,0,0,0,0,0,0,0,0,0,0,8,0,4,0,0,0,0,0,0,11
ILOC70500401,0,0,0,4,0,0,0,5,0,10,0,0,0,0,0,0,0,0,0,7,0,0,0,0,0,0,0,0,0,0,8,0,0,27,0,13,0,47,5,57,12,0,0,23,0,16,0,37,0,50,0,0,0,0,0,0,0,0,0,0,0,0,0,0,0,0,0,0,0,0,0,0,0,0,0,0,0,0,0,0,0,0,0,0,0,0,0,0,0,0,8,0,0,0,0,0,0,0,0,8,3,0,0,3,0,0,0,7,0,6,0,0,0,0,0,0,0,0,0,0,8,0,0,4,0,0,0,5,0,16,8,0,0,0,0,4,0,3,0,14,0,0,0,0,0,0,0,0,0,3,32,0,0,24,0,19,0,46,3,82
ILOC70500402,0,0,0,0,0,0,0,0,0,0,3,0,0,0,0,0,0,0,4,8,0,0,0,0,0,0,0,0,0,0,6,0,0,0,0,0,0,0,0,10,0,0,0,0,0,0,0,0,0,0,0,0,0,0,0,0,0,0,0,0,0,0,0,0,0,0,0,0,0,0,58,0,0,0,0,0,0,0,0,58,0,0,0,0,0,0,0,0,0,0,0,0,0,0,0,0,0,0,0,4,0,0,0,0,0,0,0,0,0,0,0,0,0,0,0,0,0,0,0,0,59,0,0,0,0,0,0,0,0,57,3,0,0,0,0,0,0,0,4,8,7,0,0,0,0,0,0,0,0,4,66,0,0,0,0,0,0,0,4,69
ILOC70500403,0,0,0,0,0,0,0,0,0,0,0,0,0,0,0,0,0,0,0,0,0,0,0,0,0,0,0,0,0,0,0,0,0,0,0,0,0,0,0,0,0,0,0,0,0,0,0,0,0,0,0,0,0,0,0,0,0,0,0,0,0,0,0,0,0,0,0,0,0,0,14,4,0,0,0,0,0,0,0,18,0,0,0,0,0,0,0,0,0,0,0,0,0,0,0,0,0,0,0,0,0,0,0,0,0,0,0,0,0,0,0,0,0,0,0,0,0,0,0,0,14,4,0,0,0,0,0,0,0,18,0,0,0,0,0,0,0,0,0,0,0,0,0,0,0,0,0,0,0,0,13,4,0,0,0,0,0,0,0,21
ILOC70500404,0,0,0,0,0,0,0,0,0,0,3,0,0,0,0,0,0,0,4,5,0,0,0,0,0,0,0,0,0,0,0,0,0,0,0,0,0,0,4,3,0,0,0,0,0,0,0,0,0,0,0,0,0,0,0,0,0,0,0,0,0,0,0,0,0,0,0,0,0,0,11,3,0,0,0,0,0,0,0,15,0,0,0,0,0,0,0,0,0,0,14,0,0,0,0,0,0,0,0,13,0,0,0,0,0,0,0,0,0,0,0,0,0,0,0,0,0,0,0,0,22,3,0,0,0,0,0,0,0,32,5,0,0,0,0,0,0,0,3,7,0,0,0,0,0,0,0,0,0,0,28,3,0,0,0,0,0,0,9,42
ILOC70500405,0,0,0,0,0,0,0,0,0,0,3,0,0,0,0,0,0,0,0,4,0,0,0,3,0,0,0,8,0,8,3,0,0,3,0,0,0,3,0,11,0,0,0,3,0,0,0,3,0,3,0,0,0,0,0,0,0,0,0,0,0,0,0,0,0,0,0,0,0,0,0,0,0,0,0,0,0,0,0,0,0,0,0,0,0,0,0,0,0,0,0,0,0,0,0,0,0,0,0,0,0,0,0,0,0,0,0,0,0,0,0,0,0,0,0,0,0,0,0,0,5,0,0,0,0,0,0,0,0,6,3,0,0,0,0,0,0,0,0,4,0,0,0,3,0,0,0,8,0,8,11,0,0,7,0,0,0,7,0,15
ILOC70500501,0,0,0,0,0,0,0,0,0,0,0,0,0,0,0,0,0,0,0,0,0,0,0,0,0,0,0,0,0,0,0,0,0,0,0,0,0,0,0,0,0,0,0,0,0,0,0,0,0,0,0,0,0,0,0,0,0,0,0,0,0,0,0,0,0,0,0,0,0,0,16,6,0,0,0,0,0,0,0,19,0,0,0,0,0,0,0,0,0,0,15,7,0,0,0,0,0,0,0,21,0,0,0,0,0,0,0,0,0,0,0,0,0,0,0,0,0,0,0,0,33,5,0,0,0,0,0,0,0,37,0,0,0,0,0,0,0,0,0,0,0,0,0,0,0,0,0,0,0,0,33,5,0,0,0,0,0,0,0,37
ILOC70500502,711,239,17,13,9,0,3,18,19,1004,62,9,0,0,4,0,0,4,8,79,29,13,3,0,0,0,0,3,13,61,1630,282,19,34,20,7,4,61,76,2068,376,10,0,26,0,4,0,31,24,442,656,20,0,0,9,0,0,7,14,700,351,164,7,0,0,0,0,0,3,521,133,114,14,0,0,0,0,0,3,265,173,22,0,3,4,0,0,8,3,215,15,14,0,0,0,0,0,0,0,24,309,39,3,14,0,0,0,11,20,383,10,4,0,0,0,0,0,0,0,12,980,351,33,14,9,0,3,26,29,1419,75,6,0,0,4,0,0,4,9,97,41,29,13,0,0,0,0,4,13,107,2126,423,51,41,17,6,4,70,92,2759
ILOC70500503,0,4,0,0,0,0,0,0,0,3,0,0,0,0,0,0,0,0,0,0,0,0,0,0,0,0,0,0,0,0,0,7,0,0,0,0,0,0,0,11,0,0,0,0,0,0,0,0,0,3,0,0,0,0,0,0,0,0,0,0,0,0,0,0,0,0,0,0,0,0,0,0,0,0,0,0,0,0,0,0,0,0,0,0,0,0,0,0,0,0,31,0,0,0,0,0,0,0,0,35,0,3,0,0,0,0,0,0,0,5,0,0,0,0,0,0,0,0,0,0,31,3,0,0,0,0,0,0,0,41,0,0,0,0,0,0,0,0,0,4,0,0,0,0,0,0,0,0,0,0,34,5,0,0,0,0,0,0,0,44
ILOC70500504,0,0,0,0,0,0,0,0,0,0,0,0,0,0,0,0,0,0,0,0,0,0,0,0,0,0,0,0,0,0,0,0,0,0,0,0,0,0,0,0,0,0,0,0,0,0,0,0,0,0,0,0,0,0,0,0,0,0,0,0,0,0,0,0,0,0,0,0,0,0,0,0,0,0,0,0,0,0,0,0,0,0,0,0,0,0,0,0,0,0,18,0,0,0,0,0,0,0,0,18,0,0,0,0,0,0,0,0,0,0,0,0,0,0,0,0,0,0,0,0,18,0,0,0,0,0,0,0,0,18,0,0,0,0,0,0,0,0,0,0,0,0,0,0,0,0,0,0,0,0,18,0,0,0,0,0,0,0,0,18
ILOC70500601,7,6,3,0,0,0,0,0,0,14,11,0,4,0,0,0,0,0,0,16,0,0,0,0,0,0,0,0,0,0,13,3,7,0,0,0,0,0,0,29,0,0,0,0,0,0,0,0,0,0,0,0,0,0,0,0,0,0,0,0,0,0,0,0,0,0,0,0,0,0,5,0,3,0,0,0,0,0,0,4,0,0,0,0,0,0,0,0,0,0,81,4,8,0,0,0,0,0,0,86,7,0,0,0,0,0,0,0,0,5,0,0,0,0,0,0,0,0,0,0,87,4,7,0,0,0,0,0,0,96,11,0,4,0,0,0,0,0,0,15,0,0,0,0,0,0,0,0,0,0,96,4,14,0,0,0,0,0,0,115
ILOC70500701,4,0,0,0,0,0,0,0,0,3,14,9,0,0,0,0,0,0,0,20,0,0,0,0,0,0,0,0,0,0,21,11,0,0,0,0,0,0,0,29,0,0,0,0,0,0,0,0,0,0,0,0,0,0,0,0,0,0,0,0,0,0,0,0,0,0,0,0,0,0,103,23,0,0,0,0,0,0,0,127,0,0,0,0,0,0,0,0,0,0,3,5,0,0,0,0,0,0,0,7,4,0,0,0,0,0,0,0,0,3,0,0,0,0,0,0,0,0,0,3,111,31,0,0,0,0,0,0,0,139,15,9,0,0,0,0,0,0,0,22,4,0,0,0,0,0,0,0,0,4,121,39,0,0,0,0,0,0,0,167
ILOC70500801,4,0,0,0,0,0,0,0,0,4,0,0,0,0,0,0,0,0,0,0,0,0,0,0,0,0,0,0,0,0,4,0,0,0,0,0,0,0,0,4,0,0,0,0,0,0,0,0,0,0,0,0,0,0,0,0,0,0,0,0,0,0,0,0,0,0,0,0,0,0,8,4,0,0,0,0,0,0,0,13,0,0,0,0,0,0,0,0,0,0,0,0,0,0,0,0,0,0,0,0,3,0,0,0,0,0,0,0,0,3,0,0,0,0,0,0,0,0,0,0,11,4,0,0,0,0,0,0,0,15,0,0,0,0,0,0,0,0,0,0,0,0,0,0,0,0,0,0,0,0,11,4,0,0,0,0,0,0,0,15
ILOC70500802,0,0,0,0,0,0,0,0,0,0,0,0,0,0,0,0,0,0,0,0,0,0,0,0,0,0,0,0,0,0,0,0,0,0,0,0,0,0,0,0,0,0,0,0,0,0,0,0,0,0,0,0,0,0,0,0,0,0,0,0,0,0,0,0,0,0,0,0,0,0,20,0,0,0,0,0,0,0,0,20,0,0,0,0,0,0,0,0,0,0,3,0,0,0,0,0,0,0,0,3,0,0,0,0,0,0,0,0,0,0,0,0,0,0,0,0,0,0,0,0,23,0,0,0,0,0,0,0,0,23,0,0,0,0,0,0,0,0,0,0,0,0,0,0,0,0,0,0,0,0,19,0,0,0,0,0,0,0,0,19
ILOC70500803,0,0,0,0,0,0,0,0,0,0,0,0,0,0,0,0,0,0,0,0,0,0,0,0,0,0,0,0,0,0,0,0,0,0,0,0,0,0,0,0,0,0,0,0,0,0,0,0,0,0,0,0,0,0,0,0,0,0,0,0,0,0,0,0,0,0,0,0,0,0,0,0,0,0,0,0,0,0,0,0,0,0,0,0,0,0,0,0,0,0,0,0,0,0,0,0,0,0,0,0,0,0,0,0,0,0,0,0,0,0,0,0,0,0,0,0,0,0,0,0,0,0,0,0,0,0,0,0,0,0,0,0,0,0,0,0,0,0,0,0,0,0,0,0,0,0,0,0,0,0,0,0,0,0,0,0,0,0,0,0
ILOC70500804,6,0,0,0,0,0,0,0,0,6,0,0,0,0,0,0,0,0,0,0,0,0,0,0,0,0,0,0,0,0,22,0,0,3,0,0,0,3,0,23,4,0,0,4,0,0,0,3,0,10,3,0,0,0,0,0,0,0,0,6,0,0,0,0,0,0,0,0,0,0,11,0,0,0,0,0,0,0,0,11,0,0,0,0,0,0,0,0,0,4,6,0,0,0,0,0,0,0,0,6,8,0,0,0,0,0,0,0,0,8,0,0,0,0,0,0,0,0,0,0,28,0,0,0,0,0,0,0,0,27,5,0,0,0,0,0,0,0,0,5,4,0,0,0,0,0,0,0,0,4,43,0,0,3,0,6,0,5,0,50
ILOC70500805,3,0,0,0,0,0,0,0,0,5,3,0,0,0,0,0,0,0,5,10,0,0,0,3,0,0,0,3,8,13,6,0,0,10,0,0,0,10,17,33,16,0,0,6,0,0,0,8,5,23,0,0,0,0,0,0,0,0,0,6,0,0,0,0,0,0,0,0,0,0,5,0,0,0,0,0,0,0,0,5,0,0,0,0,0,0,0,0,0,0,7,0,0,0,0,0,0,0,0,7,3,0,0,0,0,0,0,0,0,5,0,0,0,0,0,0,0,0,0,0,11,0,0,0,0,0,0,0,0,17,3,0,0,0,0,0,0,0,5,10,0,0,0,3,0,0,0,3,8,8,36,0,0,11,0,0,0,12,17,62
ILOC70500901,0,0,0,0,0,0,0,0,0,0,0,0,0,0,0,0,0,0,0,0,0,0,0,0,0,0,0,0,0,0,0,0,0,0,0,0,0,0,0,0,0,0,0,0,0,0,0,0,0,0,0,0,0,0,0,0,0,0,0,0,0,0,0,0,0,0,0,0,0,0,14,4,0,0,0,0,0,0,0,19,0,0,0,0,0,0,0,0,0,0,0,0,0,0,0,0,0,0,0,0,0,0,0,0,0,0,0,0,0,0,0,0,0,0,0,0,0,0,0,0,14,4,0,0,0,0,0,0,0,19,0,0,0,0,0,0,0,0,0,0,0,0,0,0,0,0,0,0,0,0,15,4,0,0,0,0,0,0,0,22
ILOC70500902,3,0,0,0,0,0,0,0,0,3,0,0,0,0,0,0,0,0,0,0,0,0,0,0,0,0,0,0,0,0,14,0,0,0,0,0,0,0,0,14,4,0,0,0,0,0,0,0,0,4,0,0,0,0,0,0,0,0,0,0,0,0,0,0,0,0,0,0,0,0,0,0,0,0,0,0,0,0,0,0,0,0,0,0,0,0,0,0,0,0,0,0,0,0,0,0,0,0,0,0,3,0,0,0,0,0,0,0,0,3,0,0,0,0,0,0,0,0,0,0,3,0,0,0,0,0,0,0,0,3,9,0,0,0,0,0,0,0,0,9,0,0,0,0,0,0,0,0,0,0,14,0,0,0,0,0,0,0,0,20
ILOC70500903,4,0,0,0,0,0,0,0,0,8,9,0,0,0,0,0,0,0,0,9,0,0,0,0,0,0,0,0,0,0,13,0,0,0,0,0,0,0,0,9,0,0,0,0,0,0,0,0,0,0,0,0,0,0,0,0,0,0,0,0,0,0,0,0,0,0,0,0,0,0,27,17,0,0,0,0,0,0,0,44,0,0,0,0,0,0,0,0,0,0,0,0,0,0,0,0,0,0,0,0,4,0,0,0,0,0,0,0,0,4,0,0,0,0,0,0,0,0,0,0,35,17,0,0,0,0,0,0,0,47,9,0,0,0,0,0,0,0,0,9,0,0,0,0,0,0,0,0,0,0,44,17,0,0,0,0,0,0,0,56
ILOC70600101,123,0,3,0,0,0,0,0,0,134,38,13,5,0,0,0,0,0,0,53,0,0,0,0,0,0,0,0,0,3,171,13,6,0,0,0,0,0,0,198,5,3,0,0,0,0,0,0,0,10,0,0,0,0,0,0,0,0,0,0,0,0,0,0,0,0,0,0,0,0,3,0,0,0,0,0,0,0,0,3,4,0,3,0,0,0,0,0,0,6,0,0,0,0,0,0,0,0,0,0,129,4,0,0,0,0,0,0,0,133,0,0,0,0,0,0,0,0,0,0,133,0,3,0,0,0,0,0,0,144,42,11,5,0,0,0,0,0,0,60,0,0,0,0,0,0,0,0,0,4,184,16,8,0,0,0,0,0,3,216
ILOC70600102,3,0,0,0,0,0,0,0,0,3,0,0,0,0,0,0,0,0,0,3,0,0,0,0,0,0,0,0,0,0,12,0,0,0,0,0,0,0,0,11,0,0,0,0,0,0,0,0,0,0,0,0,0,0,0,0,0,0,0,0,0,0,0,0,0,0,0,0,0,0,80,15,0,0,0,0,0,0,0,97,0,0,0,0,0,0,0,0,0,0,53,23,3,0,0,0,0,0,0,79,3,0,0,0,0,0,0,0,0,4,0,0,0,0,0,0,0,0,0,5,138,45,0,0,0,0,0,0,0,184,3,0,0,0,0,0,0,0,0,4,0,0,0,0,0,0,0,0,0,3,144,43,0,0,0,0,0,0,0,192
ILOC70600103,4,0,0,0,0,0,0,0,0,4,9,0,0,0,0,0,0,0,0,8,0,0,0,0,0,0,0,0,0,0,16,3,0,0,0,0,0,0,0,12,0,0,0,0,0,0,0,0,0,0,0,0,0,0,0,0,0,0,0,0,0,0,0,0,0,0,0,0,0,0,0,0,0,0,0,0,0,0,0,0,0,0,0,0,0,0,0,0,0,0,9,0,0,0,0,0,0,0,0,12,0,0,0,0,0,0,0,0,0,0,0,0,0,0,0,0,0,0,0,0,12,0,0,0,0,0,0,0,0,10,25,0,0,0,0,0,0,0,0,24,0,0,0,0,0,0,0,0,0,0,37,3,0,0,0,0,0,0,0,39
ILOC70600104,0,0,0,0,0,0,0,0,0,0,0,0,0,0,0,0,0,0,0,0,0,0,0,0,0,0,0,0,0,3,0,0,0,0,0,0,0,0,0,4,0,0,0,0,0,0,0,0,0,0,0,0,0,0,0,0,0,0,0,0,0,0,0,0,0,0,0,0,0,0,0,0,0,0,0,0,0,0,0,0,0,0,0,0,0,0,0,0,0,0,27,0,0,0,0,0,0,0,0,30,0,0,0,0,0,0,0,0,0,0,0,0,0,0,0,0,0,0,0,0,29,0,0,0,0,0,0,0,0,31,0,0,0,0,0,0,0,0,0,0,0,0,0,0,0,0,0,0,0,3,33,0,0,0,0,0,0,0,0,35
ILOC70600105,0,0,0,0,0,0,0,0,0,4,4,4,0,0,0,0,0,0,0,8,0,0,0,0,0,0,0,0,0,0,5,3,0,0,0,0,0,0,0,10,0,0,0,0,0,0,0,0,0,0,0,0,0,0,0,0,0,0,0,0,0,0,0,0,0,0,0,0,0,0,7,0,0,0,0,0,0,0,5,15,0,0,0,0,0,0,0,0,0,0,55,12,0,0,0,0,0,0,0,69,0,0,0,0,0,0,0,0,0,0,0,0,0,0,0,0,0,0,0,0,69,16,0,0,0,0,0,0,5,89,13,4,0,0,0,0,0,0,0,18,0,0,0,0,0,0,0,0,0,0,83,20,0,0,0,0,0,0,5,108
ILOC70600201,10,4,0,0,0,0,0,0,0,10,7,4,0,0,0,0,0,0,0,6,0,0,0,0,0,0,0,0,0,0,12,5,0,0,0,0,0,0,0,17,0,4,0,0,0,0,0,0,0,4,0,0,0,0,0,0,0,0,0,0,0,0,0,0,0,0,0,0,0,0,66,17,0,0,0,0,0,0,0,87,0,0,0,0,0,0,0,0,0,0,6,0,0,0,0,0,0,0,0,6,5,0,0,0,0,0,0,0,0,7,0,0,0,0,0,0,0,0,0,0,79,20,0,0,0,0,0,0,0,103,9,3,0,0,0,0,0,0,0,12,0,0,0,0,0,0,0,0,0,0,92,30,0,0,0,0,0,0,0,121
ILOC70600202,0,0,0,0,0,0,0,0,0,0,0,0,0,0,0,0,0,0,0,0,0,0,0,0,0,0,0,0,0,0,0,0,0,0,0,0,0,0,0,0,3,0,0,0,0,0,0,0,0,3,0,0,0,0,0,0,0,0,0,0,0,0,0,0,0,0,0,0,0,0,0,0,0,0,0,0,0,0,0,0,0,0,0,0,0,0,0,0,0,0,0,0,0,0,0,0,0,0,0,0,0,0,0,0,0,0,0,0,0,0,0,0,0,0,0,0,0,0,0,0,0,0,0,0,0,0,0,0,0,0,8,0,0,0,0,0,0,0,0,8,0,0,0,0,0,0,0,0,0,0,13,0,0,0,0,0,0,0,0,13
ILOC70600301,0,0,0,0,0,0,0,0,0,0,0,0,0,0,0,0,0,0,0,0,0,0,0,0,0,0,0,0,0,0,0,0,0,0,0,0,0,0,0,0,0,0,0,0,0,0,0,0,0,0,0,0,0,0,0,0,0,0,0,0,0,0,0,0,0,0,0,0,0,0,0,0,0,0,0,0,0,0,0,0,0,0,0,0,0,0,0,0,0,0,5,0,0,0,0,0,0,0,0,5,0,0,0,0,0,0,0,0,0,0,0,0,0,0,0,0,0,0,0,0,5,0,0,0,0,0,0,0,0,5,5,0,0,0,0,0,0,0,0,5,0,0,0,0,0,0,0,0,0,0,9,0,0,0,0,0,0,0,0,9
ILOC70600302,0,0,0,0,0,0,0,0,0,0,0,0,0,0,0,0,0,0,0,0,0,0,0,0,0,0,0,0,0,0,0,0,0,0,0,0,0,0,0,0,0,0,0,0,0,0,0,0,0,0,0,0,0,0,0,0,0,0,0,0,0,0,0,0,0,0,0,0,0,0,13,0,0,0,0,0,0,0,0,13,0,0,0,0,0,0,0,0,0,0,0,0,0,0,0,0,0,0,0,0,0,0,0,0,0,0,0,0,0,0,0,0,0,0,0,0,0,0,0,0,13,0,0,0,0,0,0,0,0,13,0,0,0,0,0,0,0,0,0,0,0,0,0,0,0,0,0,0,0,0,13,0,0,0,0,0,0,0,0,13
ILOC70600303,0,0,0,0,0,0,0,0,0,0,0,0,0,0,0,0,0,0,0,0,0,0,0,0,0,0,0,0,0,0,0,0,0,0,0,0,0,0,0,0,0,0,0,0,0,0,0,0,0,0,0,0,0,0,0,0,0,0,0,0,0,0,0,0,0,0,0,0,0,0,0,0,0,0,0,0,0,0,0,0,0,0,0,0,0,0,0,0,0,0,0,0,0,0,0,0,0,0,0,0,0,0,0,0,0,0,0,0,0,0,0,0,0,0,0,0,0,0,0,0,5,0,0,0,0,0,0,0,0,5,4,0,0,0,0,0,0,0,0,4,0,0,0,0,0,0,0,0,0,0,9,0,0,0,0,0,0,0,0,9
ILOC70600304,0,0,0,0,0,0,0,0,0,0,0,0,0,0,0,0,0,0,0,0,0,0,0,0,0,0,0,0,0,0,0,0,0,0,0,0,0,0,0,0,9,0,0,0,0,0,0,0,0,9,0,0,0,0,0,0,0,0,0,0,0,0,0,0,0,0,0,0,0,0,4,0,0,0,0,0,0,0,0,4,0,0,0,0,0,0,0,0,0,0,13,0,0,0,0,0,0,0,0,13,0,0,0,0,0,0,0,0,0,0,0,0,0,0,0,0,0,0,0,0,13,0,0,0,0,0,0,0,0,13,10,0,0,0,0,0,0,0,0,10,9,0,0,0,0,0,0,0,0,9,36,0,0,0,0,0,0,0,0,36
ILOC70600305,0,0,0,0,0,0,0,0,0,0,0,0,0,0,0,0,0,0,0,0,0,0,0,0,0,0,0,0,0,0,0,0,0,0,0,0,0,0,0,0,0,0,0,0,0,0,0,0,0,0,0,0,0,0,0,0,0,0,0,0,0,0,0,0,0,0,0,0,0,0,0,0,0,0,0,0,0,0,0,0,0,0,0,0,0,0,0,0,0,0,6,0,0,0,0,0,0,0,0,8,0,0,0,0,0,0,0,0,0,0,0,0,0,0,0,0,0,0,0,0,6,0,0,0,0,0,0,0,0,8,12,0,0,0,0,0,0,0,0,12,0,0,0,0,0,0,0,0,0,0,20,0,0,0,0,0,0,0,0,18
ILOC70600401,18,0,0,0,0,0,0,0,0,24,26,0,0,0,0,0,0,0,0,32,0,0,0,0,0,0,0,0,0,0,55,0,0,0,0,0,0,0,0,53,0,0,0,0,0,0,0,0,0,0,0,0,0,0,0,0,0,0,0,0,0,0,0,0,0,0,0,0,0,0,237,0,0,0,0,0,0,0,0,235,0,0,0,0,0,0,0,0,0,0,11,0,0,0,0,0,0,0,0,11,14,0,0,0,0,0,0,0,0,19,8,0,0,0,0,0,0,0,0,8,265,0,0,0,0,0,0,0,0,267,34,0,0,0,0,0,0,0,0,34,3,0,0,0,4,0,0,4,0,6,307,0,0,0,4,0,0,4,0,309
ILOC70600402,0,0,0,0,0,0,0,0,0,0,6,0,0,0,0,0,0,0,0,6,0,0,0,0,0,0,0,0,0,0,8,0,0,0,0,0,0,0,0,8,0,0,0,0,0,0,0,0,0,0,0,0,0,0,0,0,0,0,0,0,0,0,0,0,0,0,0,0,0,0,6,0,0,0,0,0,0,0,0,6,0,0,0,0,0,0,0,0,0,0,0,0,0,0,0,0,0,0,0,4,6,0,0,0,0,0,0,0,0,6,0,0,0,0,0,0,0,0,0,0,8,0,0,0,0,0,0,0,0,8,29,0,0,0,0,0,0,0,0,29,4,0,0,0,0,0,0,0,0,4,44,0,0,0,0,0,0,0,0,41
ILOC70600501,3,0,0,0,0,0,0,0,0,4,0,0,0,0,0,0,0,0,0,0,0,0,0,0,0,0,0,0,0,0,12,0,0,0,0,0,0,0,0,12,3,0,0,0,0,0,0,0,0,3,0,0,0,0,0,0,0,0,0,0,0,0,0,0,0,0,0,0,0,0,8,0,0,0,0,0,0,0,0,8,0,0,0,0,0,0,0,0,0,0,30,0,0,0,0,0,0,0,0,26,4,0,0,0,0,0,0,0,0,3,0,0,0,0,0,0,0,0,0,0,40,0,0,0,0,0,0,0,0,39,0,0,0,0,0,0,0,0,0,0,0,0,0,0,0,0,0,0,0,0,50,0,0,0,0,0,0,0,0,50
ILOC70600502,396,29,16,0,0,0,0,0,0,458,186,18,23,0,0,0,0,0,0,224,13,3,0,0,0,0,3,3,0,20,643,59,36,3,0,0,3,11,9,750,25,4,0,0,0,0,0,0,0,32,19,0,0,0,0,0,0,0,0,23,62,9,4,0,0,0,0,6,0,75,25,8,3,0,0,0,0,0,0,35,12,0,0,0,0,0,0,0,0,12,8,0,0,0,0,0,0,0,0,11,343,20,13,0,0,0,0,0,0,383,0,0,0,0,0,0,0,0,0,0,455,38,21,0,0,0,0,0,4,522,207,19,21,0,0,0,0,0,4,248,18,3,0,0,0,0,3,3,0,27,729,64,45,3,0,0,3,11,9,855
ILOC70600601,9,0,0,0,0,0,0,0,6,7,8,6,0,0,0,0,0,0,3,8,0,0,0,0,0,0,0,0,0,0,8,3,0,0,0,0,0,0,5,20,0,0,0,0,0,0,0,0,0,0,0,0,0,0,0,0,0,0,0,0,0,0,0,0,0,0,0,0,0,0,54,65,0,0,0,0,0,0,0,117,0,0,0,0,0,0,0,0,0,0,0,0,0,0,0,0,0,0,0,5,6,0,0,0,0,0,0,0,0,12,0,0,0,0,0,0,0,0,0,0,58,72,0,0,0,0,0,0,6,135,5,3,0,0,0,0,0,0,3,9,0,0,0,0,0,0,0,0,0,0,68,74,0,0,0,0,0,0,5,146
ILOC70600701,9,0,0,0,0,0,0,0,0,11,16,0,0,0,0,0,0,0,0,16,0,0,0,0,0,0,0,0,0,0,25,0,0,0,0,0,0,0,0,27,9,0,0,0,0,0,0,0,0,9,0,0,0,0,0,0,0,0,0,0,0,0,0,0,0,0,0,0,0,0,67,0,0,0,0,0,0,0,0,67,0,0,0,0,0,0,0,0,0,0,25,0,0,0,0,0,0,0,0,25,9,0,0,0,0,0,0,0,0,11,3,0,0,0,0,0,0,0,0,3,103,0,0,0,0,0,0,0,0,109,18,0,0,0,0,0,0,0,0,18,3,0,0,0,0,0,0,0,0,3,139,0,0,0,0,0,0,4,0,146
ILOC70600704,5,0,0,0,0,0,0,0,5,12,11,0,0,0,0,0,0,0,0,17,0,0,0,0,0,0,0,0,3,3,24,0,0,0,0,0,0,0,8,28,5,0,0,0,0,0,0,0,0,5,0,0,0,0,0,0,0,0,0,0,0,0,0,0,0,0,0,0,0,0,81,0,0,0,0,0,0,0,0,78,0,0,0,0,0,0,0,0,0,0,14,0,0,0,0,0,0,0,0,14,9,0,0,0,0,0,0,0,5,8,0,0,0,0,0,0,0,0,0,0,98,0,0,0,0,0,0,0,5,106,17,0,0,0,0,0,0,0,0,18,3,0,0,0,0,0,0,0,3,7,119,0,0,0,0,0,0,0,8,126
ILOC70600705,0,0,0,0,0,0,0,0,0,0,0,0,0,0,0,0,0,0,0,0,0,0,0,0,0,0,0,0,0,0,0,0,0,0,0,0,0,0,0,0,3,0,0,0,0,0,0,0,0,3,0,0,0,0,0,0,0,0,0,0,0,0,0,0,0,0,0,0,0,0,11,0,0,0,0,0,0,0,0,11,0,0,0,0,0,0,0,0,0,0,7,0,0,0,0,0,0,0,0,6,0,0,0,0,0,0,0,0,0,0,0,0,0,0,0,0,0,0,0,0,21,0,0,0,0,0,0,0,0,22,0,0,0,0,0,0,0,0,0,3,0,0,0,0,0,0,0,0,0,0,25,0,0,0,0,0,0,0,0,28
ILOC70600801,28,7,0,0,0,0,0,0,0,31,16,0,0,0,0,0,0,0,0,16,0,0,0,0,0,0,0,0,0,0,43,7,0,0,0,0,0,0,0,46,3,0,0,0,0,0,0,0,0,3,0,0,0,0,0,0,0,0,0,0,0,0,0,0,0,0,0,0,0,0,66,0,0,0,0,0,0,0,0,62,0,0,0,0,0,0,0,0,0,0,19,3,0,0,0,0,0,0,0,24,24,0,0,0,0,0,0,0,0,27,0,0,0,0,0,0,0,0,0,0,110,3,0,0,0,0,0,0,0,118,18,0,0,0,0,0,0,0,0,18,4,0,0,0,0,0,0,0,0,4,134,3,0,0,0,0,0,0,0,142
ILOC70700101,4,0,0,0,0,0,0,0,0,4,4,0,0,0,0,0,0,0,0,4,6,0,0,0,0,0,0,0,0,6,15,0,0,0,0,0,0,0,0,15,5,0,0,0,0,0,0,0,0,5,0,0,0,0,0,0,0,0,0,0,0,0,0,0,0,0,0,0,0,0,54,0,0,0,0,0,0,0,0,54,0,0,0,0,0,0,0,0,0,0,0,0,0,0,0,0,0,0,0,0,9,0,0,0,0,0,0,0,0,9,0,0,0,0,0,0,0,0,0,0,60,0,0,0,0,0,0,0,0,60,4,0,0,0,0,0,0,0,0,4,6,0,0,0,0,0,0,0,0,6,77,0,0,0,0,0,0,0,0,77
ILOC70700201,4,0,0,0,0,0,0,0,0,4,6,0,0,0,0,0,0,0,0,6,0,0,0,0,0,0,0,0,0,0,5,0,0,0,0,0,0,0,0,5,0,0,0,0,0,0,0,0,0,0,0,0,0,0,0,0,0,0,0,0,0,0,0,0,0,0,0,0,0,0,53,0,0,0,0,0,0,0,0,58,0,0,0,0,0,0,0,0,0,0,10,0,0,0,0,0,0,0,0,10,4,0,0,0,0,0,0,0,0,4,0,0,0,0,0,0,0,0,0,0,69,0,0,0,0,0,0,0,0,67,3,0,0,0,0,0,0,0,0,3,3,0,0,0,0,0,0,0,0,3,73,0,0,0,0,0,0,0,0,75
ILOC70700301,13,0,0,0,0,0,0,0,5,16,19,0,0,0,0,0,0,0,0,23,0,0,0,0,0,0,0,0,0,0,35,0,0,7,0,0,0,7,9,49,7,0,0,5,0,0,0,5,6,18,0,0,0,0,0,0,0,0,0,0,0,0,0,0,0,0,0,0,0,0,0,0,0,0,0,0,0,0,0,0,0,0,0,0,0,0,0,0,0,0,0,0,0,0,0,0,0,0,0,0,7,0,0,0,0,0,0,0,5,12,0,0,0,0,0,0,0,0,0,0,14,0,0,0,0,0,0,0,5,15,31,0,0,0,0,0,0,0,6,27,3,0,0,0,0,0,0,0,0,3,47,0,0,7,0,0,0,7,4,67
ILOC70700302,3,0,0,0,0,0,0,0,0,5,0,0,0,0,0,0,0,0,0,0,0,0,0,0,0,0,0,0,0,0,11,0,0,3,0,0,0,3,0,14,6,0,0,0,0,0,0,0,0,8,0,0,0,0,0,0,0,0,0,0,0,0,0,0,0,0,0,0,0,0,3,0,0,0,0,0,0,0,0,3,0,0,0,0,0,0,0,0,0,0,3,0,0,0,0,0,0,0,0,3,6,0,0,0,0,0,0,0,0,7,0,0,0,0,0,0,0,0,0,0,10,0,0,0,0,0,0,0,0,14,16,0,0,0,0,0,0,0,0,16,0,0,0,0,0,0,0,0,0,0,32,0,0,3,0,0,0,3,0,37
ILOC70700303,0,0,0,0,0,0,0,0,0,0,0,0,0,0,0,0,0,0,0,3,0,0,0,0,0,0,0,0,0,0,0,0,0,0,0,0,0,0,0,3,0,0,0,0,0,0,0,0,0,0,0,0,0,0,0,0,0,0,0,0,0,0,0,0,0,0,0,0,0,0,14,0,0,0,0,0,0,0,0,14,0,0,0,0,0,0,0,0,0,0,0,0,0,0,0,0,0,0,0,0,0,0,0,0,0,0,0,0,0,0,0,0,0,0,0,0,0,0,0,0,14,0,0,0,0,0,0,0,0,14,0,0,0,0,0,0,0,0,0,3,0,0,0,0,0,0,0,0,0,0,16,0,0,0,0,0,0,0,0,14
ILOC70700304,3,0,0,0,0,0,0,0,0,3,11,0,0,0,0,0,0,0,0,14,0,0,0,0,0,0,0,0,0,0,24,0,0,10,0,3,0,6,7,35,3,0,0,6,0,0,0,6,0,8,0,0,0,0,0,0,0,0,0,0,0,0,0,0,0,0,0,0,0,0,0,0,0,0,0,0,0,0,0,0,0,0,0,0,0,0,0,0,0,0,4,0,0,0,0,0,0,0,0,4,4,0,0,0,0,0,0,0,0,4,0,0,0,0,0,0,0,0,0,0,12,0,0,0,0,0,0,0,0,11,38,0,0,0,0,0,0,0,0,35,6,0,0,0,0,0,0,0,0,6,49,0,0,10,0,3,0,6,7,64
ILOC70700305,0,0,0,0,0,0,0,0,0,0,0,0,0,0,0,0,0,0,0,0,0,0,0,0,0,0,0,0,0,0,0,0,0,0,0,0,0,0,0,0,0,0,0,0,0,0,0,0,0,0,0,0,0,0,0,0,0,0,0,0,0,0,0,0,0,0,0,0,0,0,15,0,0,0,0,0,0,0,0,15,0,0,0,0,0,0,0,0,0,0,0,0,0,0,0,0,0,0,0,0,0,0,0,0,0,0,0,0,0,0,3,0,0,0,0,0,0,0,0,3,16,0,0,0,0,0,0,0,0,16,0,0,0,0,0,0,0,0,0,0,0,0,0,0,0,0,0,0,0,0,16,0,0,0,0,0,0,0,0,16
ILOC70700401,4,0,0,0,0,0,0,0,0,4,6,0,0,0,0,0,0,0,0,6,0,0,0,0,0,0,0,0,0,0,10,0,0,0,0,0,0,0,0,12,4,0,0,0,0,0,0,0,0,5,0,0,0,0,0,0,0,0,0,0,0,0,0,0,0,0,0,0,0,0,17,0,0,0,0,0,0,0,0,17,0,0,0,0,0,0,0,0,0,0,4,0,0,0,0,0,0,0,0,4,3,0,0,0,0,0,0,0,0,3,0,0,0,0,0,0,0,0,0,0,22,0,0,0,0,0,0,0,0,22,35,3,0,0,0,0,0,0,0,34,0,0,0,0,0,0,0,0,0,0,58,3,0,0,0,0,0,0,0,68
ILOC70700501,0,0,0,0,0,0,0,0,0,0,0,0,0,0,0,0,0,0,0,0,0,0,0,0,0,0,0,0,0,0,0,0,0,0,0,0,0,0,0,0,0,0,0,0,0,0,0,0,0,0,0,0,0,0,0,0,0,0,0,0,0,0,0,0,0,0,0,0,0,0,16,0,0,0,0,0,0,0,0,16,0,0,0,0,0,0,0,0,0,0,0,0,0,0,0,0,0,0,0,0,0,0,0,0,0,0,0,0,0,0,0,0,0,0,0,0,0,0,0,0,16,0,0,0,0,0,0,0,0,12,0,0,0,0,0,0,0,0,0,0,0,0,0,0,0,0,0,0,0,0,16,0,0,0,0,0,0,0,0,12
ILOC70700502,0,0,0,0,0,0,0,0,0,0,0,0,0,0,0,0,0,0,0,0,0,0,0,0,0,0,0,0,0,0,0,0,0,0,0,0,0,0,0,0,0,0,0,0,0,0,0,0,0,0,0,0,0,0,0,0,0,0,0,0,0,0,0,0,0,0,0,0,0,0,18,0,0,0,0,0,0,0,0,18,0,0,0,0,0,0,0,0,0,0,0,0,0,0,0,0,0,0,0,0,0,0,0,0,0,0,0,0,0,0,0,0,0,0,0,0,0,0,0,0,18,0,0,0,0,0,0,0,0,18,0,0,0,0,0,0,0,0,0,0,0,0,0,0,0,5,0,5,0,5,21,0,0,0,0,5,0,5,0,20
ILOC70700503,0,0,0,0,0,0,0,0,0,0,0,0,0,0,0,0,0,0,0,0,0,0,0,0,0,0,0,0,0,0,0,0,0,0,0,0,0,0,0,0,0,0,0,0,0,0,0,0,0,0,0,0,0,0,0,0,0,0,0,3,0,0,0,0,0,0,0,0,0,0,37,0,0,0,0,0,0,0,0,37,0,0,0,0,0,0,0,0,0,0,7,0,0,0,0,0,0,0,0,7,0,0,0,0,0,0,0,0,0,0,0,0,0,0,0,0,0,0,0,0,41,0,0,0,0,0,0,0,0,41,0,0,0,0,0,0,0,0,0,0,0,0,0,0,0,0,0,0,0,0,48,0,0,0,0,0,0,0,0,52
ILOC70700504,155,55,21,0,4,0,0,8,0,238,90,17,9,0,0,0,0,4,0,115,13,4,0,0,0,0,0,0,0,24,404,74,33,5,8,4,0,16,5,527,101,0,0,0,5,0,0,0,0,106,108,0,0,0,0,0,0,3,0,114,33,32,8,0,0,0,0,0,0,63,130,27,10,0,0,0,0,0,0,162,59,10,7,0,0,3,0,4,0,80,18,5,10,0,0,0,0,0,0,30,103,15,9,0,4,0,0,3,0,137,0,0,0,0,0,0,0,0,0,3,342,91,41,0,4,3,0,5,0,481,102,19,9,3,0,0,0,4,0,130,22,4,0,0,0,0,0,0,4,31,675,108,53,4,8,5,3,20,4,864
ILOC70700601,0,0,0,0,0,0,0,0,0,0,3,0,0,0,0,0,0,0,0,3,3,0,0,0,0,0,0,0,0,3,5,0,0,0,0,0,0,0,0,5,0,0,0,0,0,0,0,0,0,0,0,0,0,0,0,0,0,0,0,0,0,0,0,0,0,0,0,0,0,0,17,0,0,0,0,0,0,0,0,17,0,0,0,0,0,0,0,0,0,0,4,0,0,0,0,0,0,0,0,4,4,0,0,0,0,0,0,0,0,4,0,0,0,0,0,0,0,0,0,0,17,0,0,0,0,0,0,0,0,17,3,0,0,0,0,0,0,0,0,3,3,0,0,0,0,0,0,0,0,3,26,0,0,0,0,0,0,0,0,26
ILOC70700602,0,0,0,0,0,0,0,0,0,0,0,0,0,0,0,0,0,0,0,0,6,0,0,0,0,0,0,0,0,6,3,0,0,0,0,0,0,0,0,3,0,0,0,0,0,0,0,0,0,0,0,0,0,0,0,0,0,0,0,0,0,0,0,0,0,0,0,0,0,0,30,0,0,0,0,0,0,0,0,30,0,0,0,0,0,0,0,0,0,0,0,0,0,0,0,0,0,0,0,0,0,0,0,0,0,0,0,0,0,0,0,0,0,0,0,0,0,0,0,0,33,0,0,0,0,0,0,0,0,33,0,0,0,0,0,0,0,0,0,0,6,0,0,0,0,0,0,0,0,6,35,0,0,0,0,0,0,0,0,35
ILOC70800101,188,121,41,6,0,0,11,18,19,379,12,4,0,0,0,0,0,0,5,20,16,4,4,0,0,0,0,0,4,31,755,195,51,19,0,4,8,28,48,1080,188,26,0,14,0,0,0,12,10,235,447,51,4,0,0,0,0,0,8,512,113,83,40,0,0,0,3,3,3,238,41,39,0,0,0,0,0,0,0,82,94,23,4,0,0,0,6,7,11,139,3,7,0,0,0,0,0,0,0,8,11,9,0,4,0,0,0,8,6,35,0,0,0,0,0,0,0,0,0,0,266,165,42,6,0,0,10,12,22,512,9,3,0,0,0,0,0,0,5,19,28,19,4,0,0,0,0,0,13,64,939,265,56,19,0,3,9,30,52,1340
ILOC70800102,207,196,21,0,0,0,0,0,0,431,3,0,0,0,0,0,0,0,0,6,13,7,0,0,0,0,0,0,0,23,828,296,35,0,0,0,0,0,5,1163,186,23,0,0,0,0,0,0,0,215,527,82,10,0,0,0,0,0,0,628,135,151,19,0,0,0,0,0,0,305,39,79,0,0,0,0,0,0,0,118,99,37,3,0,0,0,0,0,0,144,5,14,0,0,0,0,0,0,0,15,22,9,0,0,0,0,0,0,0,34,0,4,0,0,0,0,0,0,0,0,295,287,23,0,0,0,0,0,3,611,5,0,0,0,0,0,0,0,0,6,23,12,0,0,0,0,0,0,0,33,1042,405,36,0,0,0,0,0,6,1492
ILOC70800103,75,31,26,13,14,0,0,31,19,179,9,4,0,3,0,0,0,3,4,17,4,0,0,4,0,0,0,0,0,14,356,40,36,75,24,4,0,104,29,567,100,0,3,52,11,0,0,59,14,181,189,7,3,5,0,0,0,8,0,207,25,28,30,0,0,0,0,0,4,82,0,0,0,0,0,0,0,0,0,7,43,3,6,6,4,0,0,9,3,67,6,7,0,0,0,0,0,0,0,12,8,3,0,7,13,0,0,19,5,44,0,0,0,0,0,0,0,0,0,0,90,43,34,13,14,0,0,28,14,206,9,4,0,3,0,0,0,3,4,17,6,0,0,4,0,3,0,3,0,12,389,48,40,73,24,5,0,101,36,623
ILOC70800104,22,0,0,0,0,0,0,0,6,31,4,0,0,0,0,0,0,0,0,5,4,0,0,0,0,0,0,0,0,4,124,0,0,0,0,0,0,0,9,139,40,0,0,0,0,0,0,0,0,36,65,0,0,0,0,0,0,0,0,72,10,0,0,0,0,0,0,0,0,10,0,0,0,0,0,0,0,0,0,0,20,0,0,0,0,0,0,0,6,29,0,0,0,0,0,0,0,0,0,0,0,0,0,0,0,0,0,0,0,0,0,0,0,0,0,0,0,0,0,0,27,0,0,0,0,0,0,0,6,36,4,0,0,0,0,0,0,0,0,5,4,0,0,0,0,0,0,0,0,4,138,0,0,0,0,0,0,0,10,152
ILOC70800105,256,204,0,6,0,0,0,3,0,460,32,3,0,0,0,0,0,0,0,36,11,5,0,5,0,0,0,5,0,24,947,354,0,17,0,0,0,21,3,1325,198,29,0,12,0,0,0,12,0,240,561,130,0,0,0,0,0,0,0,696,197,150,0,0,0,0,0,0,0,344,104,81,0,0,0,0,0,0,0,186,76,42,0,0,0,0,0,0,0,119,6,0,0,0,0,0,0,0,0,6,23,11,0,4,0,0,0,4,0,41,0,0,0,0,0,0,0,0,0,0,407,279,0,8,0,0,0,6,0,697,36,3,0,0,0,0,0,0,0,34,26,7,0,5,0,0,0,5,0,42,1233,457,0,23,0,0,0,23,3,1715
ILOC70800106,173,340,98,0,0,0,0,0,16,630,23,41,17,0,0,0,0,0,5,78,4,8,0,0,0,0,0,0,4,15,560,566,134,0,0,0,0,6,25,1290,141,45,6,0,0,0,0,4,0,196,254,149,14,0,0,0,0,0,0,411,95,259,75,0,0,0,0,0,5,431,17,22,6,0,0,0,0,0,0,46,58,68,9,0,0,0,0,0,0,138,0,5,3,0,0,0,0,0,6,15,39,47,17,0,0,0,0,0,11,102,0,0,0,0,0,0,0,0,0,0,206,392,110,0,0,0,0,0,25,728,23,44,17,0,0,0,0,0,5,81,3,8,0,0,0,0,0,0,4,17,625,634,144,0,0,0,0,6,35,1437
ILOC70800107,203,309,59,0,0,0,0,0,3,572,12,32,3,0,0,0,0,0,0,50,11,8,0,0,0,0,0,0,0,24,911,528,74,0,0,0,0,0,8,1522,241,45,8,0,0,0,0,0,0,289,533,148,9,0,0,0,0,0,4,688,118,204,44,0,0,0,0,0,0,368,82,64,18,0,0,0,0,0,0,168,115,75,11,0,0,0,0,0,0,207,10,4,0,0,0,0,0,0,0,14,9,33,3,0,0,0,0,0,0,45,0,0,0,0,0,0,0,0,0,0,337,389,80,0,0,0,0,3,3,807,16,39,3,0,0,8,0,8,0,56,16,11,0,0,0,0,0,0,0,32,1136,627,97,0,0,3,0,7,8,1880
ILOC70800108,0,0,0,0,0,0,0,0,0,0,0,0,0,0,0,0,0,0,0,0,0,0,0,0,0,0,0,0,0,0,0,0,0,0,0,0,0,0,0,0,0,0,0,0,0,0,0,0,0,0,0,0,0,0,0,0,0,0,0,0,0,0,0,0,0,0,0,0,0,0,0,0,0,0,0,0,0,0,0,0,0,0,0,0,0,0,0,0,0,0,0,0,0,0,0,0,0,0,0,0,0,0,0,0,0,0,0,0,0,0,0,0,0,0,0,0,0,0,0,0,0,0,0,0,0,0,0,0,0,0,0,0,0,0,0,0,0,0,0,0,0,0,0,0,0,0,0,0,0,0,0,0,0,0,0,0,0,0,0,0
ILOC70800201,0,0,0,0,0,0,0,0,0,0,0,0,0,0,0,0,0,0,0,0,0,0,0,0,0,0,0,0,0,0,0,0,0,0,0,0,0,0,0,0,0,0,0,0,0,0,0,0,0,0,0,0,0,0,0,0,0,0,0,0,0,0,0,0,0,0,0,0,0,0,17,11,0,0,0,0,0,0,0,25,0,0,0,0,0,0,0,0,0,0,4,0,0,0,0,0,0,0,0,4,0,0,0,0,0,0,0,0,0,0,0,0,0,0,0,0,0,0,0,0,19,11,0,0,0,0,0,0,0,26,0,0,0,0,0,0,0,0,0,0,0,0,0,0,0,0,0,0,0,0,19,11,0,0,0,0,0,0,0,26
ILOC70800202,0,0,0,0,0,0,0,0,0,0,0,0,0,0,0,0,0,0,0,0,0,0,0,0,0,0,0,0,0,0,0,0,0,0,0,0,0,0,0,0,0,0,0,0,0,0,0,0,0,0,0,0,0,0,0,0,0,0,0,0,0,0,0,0,0,0,0,0,0,0,23,5,0,0,0,0,0,0,0,33,0,0,0,0,0,0,0,0,0,0,11,3,0,0,0,0,0,0,0,17,0,0,0,0,0,0,0,0,0,0,0,0,0,0,0,0,0,0,0,0,38,10,0,0,0,0,0,0,0,47,0,0,0,0,0,4,0,4,0,4,0,0,0,0,0,0,0,0,0,0,38,7,0,0,0,4,0,4,0,53
ILOC70800203,0,0,0,0,0,0,0,0,0,0,0,0,0,0,0,0,0,0,0,0,0,0,0,0,0,0,0,0,0,0,0,0,0,0,0,0,0,0,0,0,0,0,0,0,0,0,0,0,0,0,0,0,0,0,0,0,0,0,0,0,0,0,0,0,0,0,0,0,0,0,35,3,0,0,0,0,0,0,0,37,0,0,0,0,0,0,0,0,0,0,8,0,0,0,0,0,0,0,0,8,0,0,0,0,0,0,0,0,0,0,0,0,0,0,0,0,0,0,0,4,46,7,0,0,0,0,0,0,0,50,5,0,0,0,0,0,0,0,0,0,3,0,0,0,0,0,0,0,0,3,52,7,0,0,0,0,0,0,0,61
ILOC70800204,0,0,0,0,0,0,0,0,0,0,0,0,0,0,0,0,0,0,0,0,0,0,0,0,0,0,0,0,0,0,0,0,0,0,0,0,0,0,0,0,0,0,0,0,0,0,0,0,0,0,0,0,0,0,0,0,0,0,0,0,0,0,0,0,0,0,0,0,0,0,20,4,0,0,0,0,0,0,0,24,0,0,0,0,0,0,0,0,0,0,0,0,0,0,0,0,0,0,0,0,0,0,0,0,0,0,0,0,0,0,0,0,0,0,0,0,0,0,0,0,21,4,0,0,0,0,0,0,0,28,0,0,0,0,0,0,0,0,0,0,0,0,0,0,0,0,0,0,0,0,29,4,0,0,0,0,0,0,0,30
ILOC70800205,0,0,0,0,0,0,0,0,0,0,0,0,0,0,0,0,0,0,0,0,0,0,0,0,0,0,0,0,0,0,0,0,0,0,0,0,0,0,0,0,0,0,0,0,0,0,0,0,0,0,0,0,0,0,0,0,0,0,0,0,0,0,0,0,0,0,0,0,0,0,14,6,0,0,0,0,0,0,0,24,0,0,0,0,0,0,0,0,0,0,0,0,0,0,0,0,0,0,0,5,0,0,0,0,0,0,0,0,0,0,0,0,0,0,0,0,0,0,0,0,23,3,0,0,0,0,0,0,0,23,0,0,0,0,0,0,0,0,0,0,0,0,0,0,0,0,0,0,0,0,23,3,0,0,0,0,0,0,0,23
ILOC70800206,0,0,0,0,0,0,0,0,0,0,0,0,0,0,0,0,0,0,0,0,0,0,0,0,0,0,0,0,0,0,0,0,0,0,0,0,0,0,0,0,0,0,0,0,0,0,0,0,0,0,0,0,0,0,0,0,0,0,0,0,0,0,0,0,0,0,0,0,0,0,22,3,0,0,0,0,0,0,0,27,0,0,0,0,0,0,0,0,0,0,6,0,0,0,0,0,0,0,0,10,0,0,0,0,0,0,0,0,0,0,0,0,0,0,0,0,0,0,0,0,30,3,0,0,0,0,0,0,0,33,0,0,0,0,0,0,0,0,0,0,0,0,0,0,0,0,0,0,0,0,30,4,0,0,0,0,0,0,0,30
ILOC70800207,0,0,0,0,0,0,0,0,0,0,0,0,0,0,0,0,0,0,0,0,0,0,0,0,0,0,0,0,0,0,0,0,0,0,0,0,0,0,0,0,0,0,0,0,0,0,0,0,0,0,0,0,0,0,0,0,0,0,0,0,0,0,0,0,0,0,0,0,0,0,21,7,0,0,0,0,0,0,0,21,0,0,0,0,0,0,0,0,0,0,6,5,0,0,0,0,0,0,0,6,0,0,0,0,0,0,0,0,0,0,0,0,0,0,0,0,0,0,0,0,23,3,0,0,0,0,0,0,0,31,0,0,0,0,0,0,0,0,0,0,0,0,0,0,0,0,0,0,0,0,25,3,0,0,0,0,0,0,0,30
ILOC70900101,0,0,0,0,0,0,0,0,0,0,0,0,0,0,0,0,0,0,0,0,0,0,0,0,0,0,0,0,0,0,0,0,0,0,0,0,0,0,0,0,4,0,0,0,0,0,0,0,0,4,0,0,0,0,0,0,0,0,0,0,0,0,0,0,0,0,0,0,0,0,8,0,0,0,0,0,0,0,0,15,0,0,0,0,0,0,0,0,0,0,15,0,0,0,0,0,0,0,0,18,0,0,0,0,0,0,0,0,0,0,0,0,0,0,0,0,0,0,0,0,27,0,3,0,0,0,0,0,0,30,10,0,0,0,0,0,0,0,0,15,4,0,0,0,0,0,0,0,0,4,49,0,3,0,0,0,0,0,0,54
ILOC70900102,8,4,5,0,0,0,0,0,0,11,5,4,3,0,0,0,0,0,0,15,0,0,0,0,0,0,0,0,0,0,10,8,8,0,0,0,0,0,0,25,0,0,0,0,0,0,0,0,0,0,0,0,0,0,0,0,0,0,0,0,0,0,0,0,0,0,0,0,0,0,89,6,0,0,0,0,0,0,0,91,0,0,0,0,0,0,0,0,0,0,5,0,0,0,0,0,0,0,0,6,3,4,0,0,0,0,0,0,0,9,0,0,0,0,0,0,0,0,0,0,97,8,5,0,0,0,0,0,0,106,8,4,3,0,0,0,0,0,0,16,0,0,0,0,0,0,0,0,0,0,109,9,8,0,0,0,0,0,0,121
ILOC70900103,3,0,0,0,0,0,0,0,0,3,4,0,0,0,0,0,0,0,4,6,0,0,0,3,0,0,0,3,0,3,9,0,0,9,0,3,0,11,7,22,27,0,0,4,0,0,0,7,0,38,0,0,0,0,0,0,0,0,0,0,0,0,0,0,0,0,0,0,0,0,10,0,0,0,0,0,0,0,0,10,0,0,0,0,0,0,0,0,0,0,15,0,0,0,0,0,0,0,0,22,0,0,0,3,0,0,0,3,0,3,10,0,0,0,0,0,0,0,0,10,45,0,0,3,0,0,0,4,0,45,37,0,0,0,6,0,0,3,3,45,3,0,0,3,0,0,0,0,0,6,105,0,0,8,5,6,0,18,6,128
ILOC70900104,0,0,0,0,0,0,0,0,0,4,3,0,0,0,0,0,0,0,0,3,0,0,0,0,0,0,0,0,0,0,6,0,0,0,0,0,0,0,0,9,0,0,0,0,0,0,0,0,0,0,0,0,0,0,0,0,0,0,0,0,0,0,0,0,0,0,0,0,0,0,28,7,0,0,0,0,0,0,0,37,0,0,0,0,0,0,0,0,0,0,5,0,0,0,0,0,0,0,0,3,3,0,0,0,0,0,0,0,0,3,0,0,0,0,0,0,0,0,0,0,35,7,0,0,0,0,0,0,0,43,4,0,0,0,0,0,0,0,0,4,0,0,0,0,0,0,0,0,0,0,38,7,0,0,0,0,0,0,0,48
ILOC70900201,4,0,0,0,0,0,0,0,0,4,5,0,0,0,0,0,0,0,0,7,0,0,0,0,0,0,0,0,0,0,12,0,0,0,0,0,0,0,0,13,3,0,0,0,0,0,0,0,0,5,0,0,0,0,0,0,0,0,0,0,0,0,0,0,0,0,0,0,0,0,31,0,0,0,0,0,0,0,0,31,0,0,0,0,0,0,0,0,0,0,8,0,0,0,0,0,0,0,0,8,0,0,0,0,0,0,0,0,0,0,5,0,0,0,0,0,0,0,0,5,50,0,0,0,0,0,0,0,0,50,8,0,0,0,0,4,0,4,0,16,0,0,0,0,0,0,0,0,0,3,58,0,0,0,0,5,0,5,0,66
ILOC70900301,0,0,0,0,0,0,0,0,0,0,5,0,0,0,0,0,0,0,0,5,0,0,0,3,0,0,0,3,0,4,12,0,0,3,0,0,0,3,0,16,7,0,0,4,0,0,0,4,0,13,4,0,0,0,0,0,0,0,0,4,0,0,0,0,0,0,0,0,0,0,3,0,0,0,0,0,0,0,0,3,0,0,0,0,0,0,0,0,0,0,6,0,0,0,0,0,0,0,0,6,0,0,0,0,0,0,0,0,0,0,0,0,0,0,0,0,0,0,0,0,6,0,0,0,0,0,0,0,0,6,15,0,0,0,0,0,0,0,0,16,0,0,0,3,0,0,0,3,0,4,36,0,0,3,0,0,0,8,0,40
ILOC70900302,7,0,0,0,0,0,0,0,0,7,4,0,0,0,0,0,0,0,0,10,0,0,0,0,0,0,0,0,0,0,11,0,0,0,0,0,0,0,0,12,0,0,0,0,0,0,0,0,0,0,0,0,0,0,0,0,0,0,0,0,0,0,0,0,0,0,0,0,0,0,0,0,0,0,0,0,0,0,0,3,0,0,0,0,0,0,0,0,0,0,0,0,0,0,0,0,0,0,0,0,4,0,0,0,0,0,0,0,0,3,0,0,0,0,0,0,0,0,0,0,8,0,0,0,0,0,0,0,0,8,10,0,0,0,0,0,0,0,0,5,0,0,0,0,0,0,0,5,0,3,18,0,0,0,0,0,0,7,0,19
ILOC70900303,3,0,0,0,0,0,0,0,0,4,3,0,0,0,0,0,0,0,0,5,0,0,0,0,0,0,0,0,0,0,4,0,0,0,0,0,0,0,0,9,0,0,0,0,0,0,0,0,0,0,0,0,0,0,0,0,0,0,0,0,0,0,0,0,0,0,0,0,0,0,27,0,0,0,0,0,0,0,0,33,0,0,0,0,0,0,0,0,0,0,6,0,0,0,0,0,0,0,0,6,0,0,0,0,0,0,0,0,0,3,0,0,0,0,0,0,0,0,0,0,33,6,0,0,0,0,0,0,0,40,3,0,0,0,0,0,0,0,0,5,0,0,0,0,0,0,0,0,0,0,38,6,0,0,0,0,0,0,0,43
ILOC70900304,0,0,0,0,0,0,0,0,0,0,0,0,0,0,0,0,0,0,0,0,0,0,0,0,0,0,0,0,0,0,0,0,0,0,0,0,0,0,0,0,0,0,0,0,0,0,0,0,0,0,0,0,0,0,0,0,0,0,0,0,0,0,0,0,0,0,0,0,0,0,11,0,0,0,0,0,0,0,0,11,0,0,0,0,0,0,0,0,0,0,0,0,0,0,0,0,0,0,0,0,0,0,0,0,0,0,0,0,0,0,0,0,0,0,0,0,0,0,0,0,11,0,0,0,0,0,0,0,0,11,4,0,0,0,0,0,0,0,0,4,5,0,0,0,0,0,0,0,0,5,15,0,0,0,0,0,0,0,0,15
ILOC70900305,0,0,0,0,0,0,0,0,0,0,0,0,0,0,0,0,0,0,0,0,0,0,0,0,0,0,0,0,0,0,0,0,0,0,0,0,0,0,0,0,0,0,0,0,0,0,0,0,0,0,0,0,0,0,0,0,0,0,0,0,0,0,0,0,0,0,0,0,0,0,25,0,0,0,0,0,0,0,0,25,0,0,0,0,0,0,0,0,0,0,0,0,0,0,0,0,0,0,0,0,0,0,0,0,0,0,0,0,0,0,0,0,0,0,0,0,0,0,0,0,27,0,0,0,0,0,0,0,0,27,0,0,0,0,0,0,0,0,0,0,0,0,0,0,0,0,0,0,0,0,27,0,0,0,0,0,0,0,0,27
ILOC70900306,0,0,0,0,0,0,0,0,0,0,0,0,0,0,0,0,0,0,0,0,0,0,0,0,0,0,0,0,0,0,0,0,0,0,0,0,0,0,0,0,0,0,0,0,0,0,0,0,0,0,0,0,0,0,0,0,0,0,0,0,0,0,0,0,0,0,0,0,0,0,12,0,0,0,0,0,0,0,0,12,0,0,0,0,0,0,0,0,0,0,0,0,0,0,0,0,0,0,0,0,0,0,0,0,0,0,0,0,0,0,0,0,0,0,0,0,0,0,0,0,14,0,0,0,0,0,0,0,0,14,0,0,0,0,0,0,0,0,0,0,0,0,0,0,0,0,0,0,0,0,15,0,0,0,0,0,0,0,0,15
ILOC70900401,0,0,0,0,0,0,0,0,0,0,5,0,0,0,0,0,0,0,0,5,0,0,0,0,0,0,0,0,0,0,3,0,0,0,0,0,0,0,0,3,0,0,0,0,0,0,0,0,0,0,0,0,0,0,0,0,0,0,0,0,0,0,0,0,0,0,0,0,0,0,38,0,0,0,0,0,0,0,0,38,0,0,0,0,0,0,0,0,0,0,4,0,0,0,0,0,0,0,0,4,0,0,0,0,0,0,0,0,0,0,0,0,0,0,0,0,0,0,0,0,40,0,0,0,0,0,0,0,0,40,5,0,0,0,0,0,0,0,0,5,0,0,0,0,0,0,0,0,0,0,46,0,0,0,0,0,0,0,0,46
ILOC70900402,0,0,0,0,0,0,0,0,0,0,0,0,0,0,0,0,0,0,0,0,0,0,0,0,0,0,0,0,0,0,0,0,0,0,0,0,0,0,0,0,0,0,0,0,0,0,0,0,0,0,0,0,0,0,0,0,0,0,0,0,0,0,0,0,0,0,0,0,0,0,0,0,0,0,0,0,0,0,0,0,0,0,0,0,0,0,0,0,0,0,0,0,0,0,0,0,0,0,0,0,0,0,0,0,0,0,0,0,0,0,0,0,0,0,0,0,0,0,0,0,0,0,0,0,0,0,0,0,0,0,0,0,0,0,0,0,0,0,0,0,0,0,0,0,0,0,0,0,0,0,0,0,0,0,0,0,0,0,0,0
ILOC70900403,0,0,0,0,0,0,0,0,0,0,0,0,0,0,0,0,0,0,0,0,5,0,0,0,0,0,0,0,0,4,9,0,0,3,0,0,0,3,0,13,4,0,0,0,0,0,0,0,0,7,0,0,0,0,0,0,0,0,0,0,0,0,0,0,0,0,0,0,0,0,0,0,0,0,0,0,0,0,0,0,0,0,0,0,0,0,0,0,0,0,0,0,0,0,0,0,0,0,0,0,0,0,0,0,0,0,0,0,0,0,0,0,0,0,0,0,0,0,0,0,0,0,0,0,0,0,0,0,0,0,0,0,0,0,0,0,0,0,0,0,5,0,0,0,0,0,0,0,0,4,9,0,0,3,0,0,0,3,0,13
ILOC70900501,3,0,0,0,0,0,0,0,0,0,10,0,0,0,0,0,0,0,0,10,0,0,0,0,0,0,0,0,0,3,10,0,0,0,0,0,0,0,0,11,0,0,0,0,0,0,0,0,0,0,0,0,0,0,0,0,0,0,0,0,0,0,0,0,0,0,0,0,0,0,22,0,0,0,0,0,0,0,0,26,0,0,0,0,0,0,0,0,0,0,0,0,0,0,0,0,0,0,0,0,0,0,0,0,0,0,0,0,0,0,0,0,0,0,0,0,0,0,0,0,23,0,0,0,0,0,0,0,0,23,8,0,0,0,0,0,0,0,0,8,5,0,0,0,0,0,0,0,0,3,36,0,0,0,0,0,0,0,0,40
ILOC70900502,8,0,0,0,0,0,0,0,0,7,14,0,0,0,0,0,0,0,5,16,0,0,0,0,0,0,0,0,0,0,27,0,0,3,0,0,0,3,4,36,5,0,0,0,0,0,0,0,0,7,0,0,0,0,0,0,0,0,0,0,0,0,0,0,0,0,0,0,0,0,0,0,0,0,0,0,0,0,0,0,0,0,0,0,0,0,0,0,0,0,13,0,0,0,0,0,0,0,0,13,7,0,0,0,0,0,0,0,0,6,0,0,0,0,0,0,0,0,0,0,27,0,0,0,0,0,0,0,0,28,21,0,0,0,0,0,0,0,5,27,0,0,0,0,0,0,0,0,0,0,52,0,0,4,0,0,0,4,4,65
ILOC70900503,3,0,0,0,0,0,0,0,0,3,5,0,0,0,0,0,0,0,0,4,0,0,0,0,0,0,0,0,0,0,6,0,0,0,0,0,0,0,0,9,0,0,0,0,0,0,0,0,0,0,0,0,0,0,0,0,0,0,0,0,0,0,0,0,0,0,0,0,0,0,17,0,0,0,0,0,0,0,0,17,0,0,0,0,0,0,0,0,0,0,3,0,0,0,0,0,0,0,0,3,3,0,0,0,0,0,0,0,0,3,0,0,0,0,0,0,0,0,0,0,24,0,0,0,0,0,0,0,0,24,3,0,0,0,0,0,0,0,0,4,0,0,0,0,0,0,0,0,0,3,28,0,0,0,0,0,0,0,0,33
ILOC70900601,0,0,0,0,0,0,0,0,0,0,0,0,0,0,0,0,0,0,0,0,0,0,0,0,0,0,0,0,0,0,3,0,0,0,0,0,0,0,0,3,0,0,0,0,0,0,0,0,0,0,0,0,0,0,0,0,0,0,0,0,0,0,0,0,0,0,0,0,0,0,12,0,0,0,0,0,0,0,0,12,0,0,0,0,0,0,0,0,0,0,0,0,0,0,0,0,0,0,0,0,4,0,0,0,0,0,0,0,0,4,0,0,0,0,0,0,0,0,0,0,17,0,0,0,0,0,0,0,0,17,4,0,0,0,0,0,0,0,0,4,0,0,0,0,0,0,0,0,0,0,26,0,0,0,0,0,0,0,0,26
ILOC70900602,0,3,0,0,0,0,0,0,0,5,0,0,0,0,0,0,0,0,0,4,0,0,0,0,0,0,0,0,0,0,4,0,0,0,0,0,0,0,0,8,0,0,0,0,0,0,0,0,0,0,0,0,0,0,0,0,0,0,0,0,0,0,0,0,0,0,0,0,0,0,20,0,0,0,0,0,0,0,0,25,0,0,0,0,0,0,0,0,0,0,3,0,0,0,0,0,0,0,0,3,0,3,0,0,0,0,0,0,0,5,0,0,0,0,0,0,0,0,0,0,22,4,0,0,0,0,0,0,0,32,3,0,0,0,0,0,0,0,0,5,4,0,0,0,0,0,0,0,0,7,30,5,0,0,0,0,0,0,0,39
ILOC70900701,10,0,0,0,0,0,0,0,0,10,20,0,0,0,0,0,0,0,0,20,0,0,0,0,0,0,0,0,0,0,31,0,0,0,0,0,0,0,0,31,0,0,0,0,0,0,0,0,0,0,0,0,0,0,0,0,0,0,0,0,0,0,0,0,0,0,0,0,0,0,86,0,0,0,0,0,0,0,0,86,0,0,0,0,0,0,0,0,0,0,4,0,0,0,0,0,0,0,0,4,7,0,0,0,0,0,0,0,0,7,0,0,0,0,0,0,0,0,0,0,99,0,0,0,0,0,0,0,0,99,20,0,0,0,0,0,0,0,0,20,0,0,0,0,0,0,0,0,0,0,119,0,0,0,0,0,0,0,0,119
ILOC70900801,5,0,0,0,0,0,0,0,0,5,4,0,0,0,0,0,0,0,0,8,0,0,0,0,0,0,0,0,0,0,6,0,0,0,0,0,0,0,0,13,0,0,0,0,0,0,0,0,0,0,0,0,0,0,0,0,0,0,0,0,0,0,0,0,0,0,0,0,0,0,24,0,0,0,0,0,0,0,0,24,0,0,0,0,0,0,0,0,0,0,15,0,0,0,0,0,0,0,0,13,0,0,0,0,0,0,0,0,0,0,0,0,0,0,0,0,0,0,0,0,38,0,0,0,0,0,0,0,0,37,4,0,0,0,0,0,0,0,0,8,0,0,0,0,0,0,0,0,0,0,45,5,0,0,0,0,0,0,0,50
ILOC70900802,0,0,0,0,0,0,0,0,0,0,3,0,0,3,0,0,0,5,3,10,0,0,0,0,0,0,0,0,0,0,5,0,0,18,0,0,0,17,3,24,8,0,0,7,0,0,0,7,0,12,0,0,0,0,0,0,0,0,0,0,0,0,0,0,0,0,0,0,0,0,4,0,0,0,0,0,0,0,0,4,0,0,0,0,0,0,0,0,0,0,3,0,0,0,0,0,0,0,0,3,0,0,0,0,0,0,0,0,0,0,0,0,0,0,0,0,0,0,0,0,3,0,0,0,0,0,0,0,0,9,4,0,0,3,0,0,0,8,4,17,0,0,0,0,0,0,0,0,0,0,17,0,0,18,0,0,0,13,4,39
ILOC70900901,3,0,0,0,0,0,0,0,0,3,0,0,0,0,0,0,0,0,0,0,0,0,0,0,0,0,0,0,0,0,4,0,0,0,0,0,0,0,0,4,0,0,0,0,0,0,0,0,0,0,0,0,0,0,0,0,0,0,0,0,0,0,0,0,0,0,0,0,0,0,18,3,0,0,0,0,0,0,0,21,0,0,0,0,0,0,0,0,0,0,0,0,0,0,0,0,0,0,0,0,0,0,0,0,0,0,0,0,0,0,0,0,0,0,0,0,0,0,0,0,19,3,0,0,0,0,0,0,0,24,0,0,0,0,0,0,0,0,0,0,0,0,0,0,0,0,0,0,0,0,20,5,0,0,0,0,0,0,0,27
ILOC70900902,26,140,75,3,0,0,0,3,14,258,15,14,14,0,0,0,0,0,0,37,0,5,0,0,0,0,0,0,0,6,46,158,84,15,3,0,0,14,18,321,3,0,0,6,0,0,0,11,0,13,0,0,0,0,0,0,0,0,0,0,0,0,4,0,0,0,0,0,0,3,17,9,0,0,0,0,0,0,0,29,0,0,0,0,0,0,0,0,0,0,14,12,11,0,0,0,0,0,5,39,40,176,80,3,0,0,0,3,20,320,0,0,0,0,0,0,0,0,0,0,74,207,96,3,0,0,0,3,27,400,16,15,14,0,0,0,0,0,0,44,0,6,0,0,0,0,0,0,0,11,98,219,106,15,3,0,0,14,28,472
ILOC70901001,4,0,0,0,0,0,0,0,0,4,11,0,0,0,0,0,0,0,0,11,0,0,0,0,0,0,0,0,0,0,10,0,0,0,0,0,0,0,0,10,0,0,0,0,0,0,0,0,0,0,0,0,0,0,0,0,0,0,0,0,0,0,0,0,0,0,0,0,0,0,44,0,0,0,0,0,0,0,0,44,0,0,0,0,0,0,0,0,0,0,0,0,0,0,0,0,0,0,0,0,5,0,0,0,0,0,0,0,0,5,0,0,0,0,0,0,0,0,0,0,53,0,0,0,0,0,0,0,0,53,11,0,0,0,0,0,0,0,0,11,0,0,0,0,0,0,0,0,0,0,61,0,0,0,0,0,0,0,0,61
ILOC70901002,5,0,0,0,0,0,0,0,0,5,0,0,0,0,4,0,0,4,0,4,0,0,0,0,0,0,0,0,0,0,7,0,0,0,4,0,0,4,0,8,0,0,0,0,0,0,0,0,0,0,0,0,0,0,0,0,0,0,0,0,0,0,0,0,0,0,0,0,0,0,0,0,0,0,0,0,0,0,0,0,0,0,0,0,0,0,0,0,0,0,0,0,0,0,0,0,0,0,0,0,0,0,0,0,0,0,0,0,0,0,0,0,0,0,0,0,0,0,0,0,5,0,0,0,0,0,0,0,0,5,8,0,0,0,4,0,0,4,0,8,0,0,0,0,0,0,0,0,0,0,7,0,0,0,4,0,0,4,0,10
ILOC70901101,11,0,0,0,0,0,0,0,0,14,12,0,0,0,0,0,0,0,0,12,0,0,0,0,0,0,0,0,0,0,22,4,0,0,0,0,0,0,0,26,0,0,0,0,0,0,0,0,0,0,0,0,0,0,0,0,0,0,0,0,0,0,0,0,0,0,0,0,0,0,41,0,0,0,0,0,0,0,0,41,0,0,0,0,0,0,0,0,0,0,6,0,0,0,0,0,0,0,0,5,4,0,0,0,0,0,0,0,0,4,0,0,0,0,0,0,0,0,0,0,51,4,0,0,0,0,0,0,0,55,16,0,0,0,0,0,0,0,0,18,0,0,0,0,0,0,0,0,0,0,65,3,0,0,0,0,0,0,0,71
ILOC70901102,0,0,0,0,0,0,0,0,0,0,0,0,0,0,0,0,0,0,0,0,0,0,0,0,0,0,0,0,0,0,0,0,0,0,0,0,0,0,0,0,0,0,0,0,0,0,0,0,0,0,0,0,0,0,0,0,0,0,0,0,0,0,0,0,0,0,0,0,0,0,4,0,0,0,0,0,0,0,0,4,0,0,0,0,0,0,0,0,0,0,0,0,0,0,0,0,0,0,0,0,0,0,0,0,0,0,0,0,0,0,0,0,0,0,0,0,0,0,0,0,3,0,0,0,0,0,0,0,0,3,10,0,0,0,0,0,0,0,0,10,3,0,0,0,0,0,0,0,0,3,15,0,0,0,0,0,0,0,0,16
ILOC70901201,0,0,0,0,0,0,0,0,0,0,0,0,0,0,0,0,0,0,0,0,0,0,0,0,0,0,0,0,0,0,0,0,0,0,0,0,0,0,0,0,0,0,0,0,0,0,0,0,0,0,0,0,0,0,0,0,0,0,0,0,0,0,0,0,0,0,0,0,0,0,12,0,0,0,0,0,0,0,0,12,0,0,0,0,0,0,0,0,0,0,0,0,0,0,0,0,0,0,0,0,0,0,0,0,0,0,0,0,0,0,0,0,0,0,0,0,0,0,0,0,8,0,0,0,0,0,0,0,0,8,0,0,0,0,0,0,0,0,0,0,0,0,0,0,0,0,0,0,0,0,8,0,0,0,0,0,0,0,0,8
ILOC70901202,0,0,0,0,0,0,0,0,0,0,0,0,0,0,0,0,0,0,0,0,0,0,0,0,0,0,0,0,0,0,0,0,0,0,0,0,0,0,0,0,0,0,0,0,0,0,0,0,0,0,0,0,0,0,0,0,0,0,0,0,0,0,0,0,0,0,0,0,0,0,8,0,0,0,0,0,0,0,0,8,0,0,0,0,0,0,0,0,0,0,4,0,0,0,0,0,0,0,0,4,0,0,0,0,0,0,0,0,0,0,0,0,0,0,0,0,0,0,0,0,7,0,0,0,0,0,0,0,0,7,0,0,0,0,0,0,0,0,0,0,0,0,0,0,0,0,0,0,0,0,7,0,0,0,0,0,0,0,0,7
ILOC70901203,0,0,0,0,0,0,0,0,0,0,0,0,0,0,0,0,0,0,0,0,0,0,0,0,0,0,0,0,0,0,0,0,0,0,0,0,0,0,0,0,0,0,0,0,0,0,0,0,0,0,0,0,0,0,0,0,0,0,0,0,0,0,0,0,0,0,0,0,0,0,3,0,0,0,0,0,0,0,0,3,0,0,0,0,0,0,0,0,0,0,0,0,0,0,0,0,0,0,0,0,0,0,0,0,0,0,0,0,0,0,0,0,0,0,0,0,0,0,0,0,3,0,0,0,0,0,0,0,0,3,5,0,0,0,0,0,0,0,0,5,0,0,0,0,0,0,0,0,0,0,9,0,0,0,0,0,0,0,0,9
ILOC70901204,9,0,0,0,0,0,0,0,0,9,9,0,0,0,0,0,0,0,0,9,0,0,0,0,0,0,0,0,0,0,16,0,0,0,0,0,0,0,0,16,0,0,0,0,0,0,0,0,0,3,0,0,0,0,0,0,0,0,0,0,0,0,0,0,0,0,0,0,0,0,32,0,0,0,0,0,0,0,0,33,0,0,0,0,0,0,0,0,0,0,13,0,0,0,0,0,0,0,0,13,3,0,0,0,0,0,0,0,0,3,0,0,0,0,0,0,0,0,0,0,52,0,0,0,0,0,0,0,0,58,21,0,0,0,0,0,0,0,0,26,0,0,0,0,0,0,0,0,0,0,77,0,0,0,0,4,0,5,0,82
ILOC70901301,5,0,4,0,0,0,0,0,0,11,4,0,0,0,0,0,3,3,0,9,0,0,0,0,0,0,0,0,0,0,15,0,3,0,0,0,3,3,0,19,0,0,0,0,0,0,0,0,0,0,0,0,0,0,0,0,0,0,0,0,0,0,0,0,0,0,0,0,0,0,48,0,0,0,0,0,0,0,0,47,0,0,0,0,0,0,0,0,0,0,5,0,0,0,0,0,0,0,0,5,9,0,4,0,0,0,0,0,0,11,0,0,0,0,0,0,0,0,0,0,59,0,4,0,0,0,0,0,0,65,4,0,0,0,0,0,3,3,0,9,0,4,0,0,0,0,0,0,0,0,68,4,3,0,0,0,3,3,0,79
ILOC70901302,0,0,0,0,0,0,0,0,0,0,0,0,0,0,0,0,0,0,0,0,0,0,0,0,0,0,0,0,0,0,0,0,0,0,0,0,0,0,0,0,0,0,0,0,0,0,0,0,0,0,0,0,0,0,0,0,0,0,0,0,0,0,0,0,0,0,0,0,0,0,0,0,0,0,0,0,0,0,0,0,0,0,0,0,0,0,0,0,0,0,0,0,0,0,0,0,0,0,0,0,0,0,0,0,0,0,0,0,0,0,0,0,0,0,0,0,0,0,0,0,0,0,0,0,0,0,0,0,0,0,0,0,0,0,0,0,0,0,0,0,0,0,0,0,0,0,0,0,0,0,0,0,0,0,0,0,0,0,0,0
ILOC70901401,5,0,0,0,0,0,0,0,0,5,5,0,0,0,0,0,0,0,0,5,0,0,0,0,0,0,0,0,0,0,8,0,0,0,0,0,0,0,0,8,0,0,0,0,0,0,0,0,0,0,0,0,0,0,0,0,0,0,0,0,0,0,0,0,0,0,0,0,0,0,24,0,0,0,0,0,0,0,0,24,0,0,0,0,0,0,0,0,0,0,3,0,0,0,0,0,0,0,0,3,0,0,0,0,0,0,0,0,0,7,0,0,0,0,0,0,0,0,0,0,33,0,0,0,0,0,0,0,0,34,8,0,0,0,0,0,0,0,0,8,0,0,0,0,0,0,0,0,0,0,40,0,0,0,0,0,0,0,0,41
ILOC70901402,3,0,0,0,0,0,0,0,4,3,0,0,0,0,0,0,0,0,0,0,0,0,0,0,0,0,0,0,0,0,3,0,0,0,0,0,0,0,6,10,5,0,0,0,0,0,0,0,5,9,0,0,0,0,0,0,0,0,0,0,0,0,0,0,0,0,0,0,0,0,13,0,0,0,0,0,0,0,0,14,0,0,0,0,0,0,0,0,3,4,10,0,0,0,0,0,0,0,0,8,0,0,0,0,0,0,0,0,0,4,0,0,0,0,0,0,0,0,0,0,28,0,0,0,0,0,0,3,0,34,14,0,0,0,0,0,0,0,0,12,15,0,0,0,0,0,0,0,0,15,60,0,0,0,0,0,0,3,8,70
ILOC70901403,4,0,0,0,0,0,0,0,0,4,3,0,0,0,0,4,0,4,0,5,0,0,0,0,0,0,0,0,0,0,11,0,0,0,0,0,0,0,3,17,0,0,0,0,0,0,0,0,0,4,0,0,0,0,0,0,0,0,0,0,0,0,0,0,0,0,0,0,0,0,3,0,0,0,0,0,0,0,0,3,0,0,0,0,0,0,0,0,0,0,16,0,0,0,0,0,0,0,0,16,4,0,0,0,0,0,0,0,0,4,0,0,0,0,0,0,0,0,0,0,23,0,0,0,0,0,0,0,0,23,22,0,0,0,0,3,0,3,0,28,0,0,0,0,0,0,0,0,0,0,48,0,0,0,0,8,0,8,3,59
ILOC70901404,0,0,0,0,0,0,0,0,0,0,0,0,0,0,0,0,0,0,0,0,0,0,0,0,0,0,0,0,0,0,0,0,0,0,0,0,0,0,0,0,0,0,0,0,0,0,0,0,0,0,0,0,0,0,0,0,0,0,0,0,0,0,0,0,0,0,0,0,0,0,0,0,0,0,0,0,0,0,0,0,0,0,0,0,0,0,0,0,0,0,5,0,0,0,0,0,0,0,0,5,0,0,0,0,0,0,0,0,0,0,0,0,0,0,0,0,0,0,0,0,5,0,0,0,0,0,0,0,0,5,14,0,0,0,0,0,0,0,0,14,0,0,0,0,0,0,0,0,0,0,27,0,0,0,0,0,0,0,0,27
ILOC70901501,3,0,0,0,0,0,0,0,0,3,3,0,0,0,0,0,0,0,0,3,0,0,0,0,0,0,0,0,0,0,5,0,0,0,0,0,0,0,0,10,0,0,0,0,0,0,0,0,0,4,0,0,0,0,0,0,0,0,0,0,0,0,0,0,0,0,0,0,0,0,24,0,0,0,0,0,0,0,0,24,0,0,0,0,0,0,0,0,0,0,13,0,0,0,0,0,0,0,0,13,0,0,0,0,0,0,0,0,0,0,0,0,0,0,0,0,0,0,0,0,29,0,0,0,0,0,0,0,0,29,5,0,0,0,0,0,0,0,0,10,0,0,0,0,0,0,0,0,0,0,36,3,0,0,0,0,0,0,0,37
ILOC70901601,0,0,0,0,0,0,0,0,0,0,0,0,0,0,0,0,0,0,0,0,0,0,0,0,0,0,0,0,0,0,0,0,0,0,0,0,0,0,0,7,0,0,0,0,0,0,0,0,0,0,0,0,0,0,0,0,0,0,0,0,0,0,0,0,0,0,0,0,0,0,26,0,0,0,0,0,0,0,0,26,0,0,0,0,0,0,0,0,0,0,0,0,0,0,0,0,0,0,0,0,0,0,0,0,0,0,0,0,0,0,0,0,0,0,0,0,0,0,0,0,29,0,0,0,0,0,0,0,0,29,0,0,0,0,0,0,0,0,0,0,0,0,0,0,0,0,0,0,0,0,29,0,0,0,0,0,0,0,0,35
ILOC70901701,15,0,0,0,0,0,0,0,0,17,23,0,0,0,0,0,0,0,0,20,0,0,0,0,0,0,0,0,0,4,39,0,3,0,0,0,0,0,3,42,3,0,0,0,0,0,0,0,0,3,0,0,0,0,0,0,0,0,0,0,0,0,0,0,0,0,0,0,0,0,83,0,0,0,0,0,0,0,0,80,0,0,0,0,0,0,0,0,0,0,24,0,0,0,0,0,0,0,0,22,13,0,0,0,0,0,0,0,0,15,0,0,0,0,0,0,0,0,0,0,117,0,0,0,0,0,0,0,0,120,24,0,0,0,0,0,0,0,0,29,9,0,0,0,0,0,0,0,0,8,152,0,3,0,0,5,0,0,3,160
ILOC79499494,0,0,0,0,0,0,0,0,0,0,0,0,0,0,0,0,0,0,0,0,0,0,0,0,0,0,0,0,0,0,0,0,0,0,0,0,0,0,0,0,0,0,0,0,0,0,0,0,0,0,0,0,0,0,0,0,0,0,0,0,0,0,0,0,0,0,0,0,0,0,0,0,0,0,0,0,0,0,0,0,0,0,0,0,0,0,0,0,0,0,0,0,0,0,0,0,0,0,0,0,0,0,0,0,0,0,0,0,0,0,0,0,0,0,0,0,0,0,0,0,0,0,0,0,0,0,0,0,0,0,0,0,0,0,0,0,0,0,0,0,0,0,0,0,0,0,0,0,0,0,0,0,0,0,0,0,0,0,0,0
ILOC79799797,0,0,0,0,0,0,0,0,0,0,0,0,0,0,0,0,0,0,0,0,0,0,0,0,0,0,0,0,0,0,0,0,0,0,0,0,0,0,0,0,0,0,0,0,0,0,0,0,0,0,0,0,0,0,0,0,0,0,0,0,0,0,0,0,0,0,0,0,0,0,0,0,0,0,0,0,0,0,0,0,0,0,0,0,0,0,0,0,0,0,0,0,0,0,0,0,0,0,0,0,0,0,0,0,0,0,0,0,0,0,0,0,0,0,0,0,0,0,0,0,0,0,0,0,0,0,0,0,0,0,0,0,0,0,0,0,0,0,0,0,0,0,0,0,0,0,0,0,0,0,0,0,0,0,0,0,0,0,0,3
