policy,lam,label,total_cost,cost_travel,cost_per_job,jobs_done,open_at_end,urgent_p90_town,urgent_p90_remote,urgent_median_town,urgent_median_remote,overdue_equal_town,overdue_equal_remote,overdue_official_remote,harm_days_total,air_trips,trips,gap_p90,duplicates_merged,immediate_made_safe_within_1_day,key,seconds
cheapest,1.0,Cheapest jobs first,20514810.03046504,7614135.03046504,559.1847256648142,36687,821,3.0,62.0,2.0,6.0,0.204,0.6109748978400467,0.4507880910683012,225766.65,587,4357,20.666666666666668,402,1.0,cheapest_1,37.509191274642944
floor,1.0,Cheapest first + urgent guarantee,28202977.325284142,14983857.325284142,759.267124115874,37145,363,3.0,7.0,2.0,2.0,0.20213333333333333,0.30356100408639813,0.09678925861062464,87930.775,1533,6260,2.3333333333333335,397,1.0,floor_1,36.33595323562622
official,0.2,"Need first, official remote allowance",28267743.551895667,14905913.551895667,754.0075634007914,37490,18,3.0,10.0,2.0,2.0,0.20426666666666668,0.3529480443666083,0.1524810274372446,77994.42499999999,1469,6224,3.3333333333333335,345,1.0,official_0.2,22.71949791908264
guarantee,0.2,Need first + urgent guarantee (ReachNT default),32839403.771987863,19468753.771987863,876.3250192663677,37474,34,3.0,3.0,2.0,2.0,0.20253333333333334,0.2849970811441915,0.07892586106246352,74307.45,1984,7435,1.0,318,1.0,guarantee_0.2,39.09574818611145
guarantee,0.5,"Need first + urgent guarantee, tighter budget",30312962.04179108,17058712.04179108,811.78763401599,37341,167,3.0,3.0,2.0,2.0,0.20226666666666668,0.28429655575014595,0.07764156450671336,91311.475,1746,6664,1.0,500,1.0,guarantee_0.5,33.069759130477905
guarantee,0.2,ReachNT: need first + urgent guarantee + H3 run zones,30118268.67580789,16543408.67580789,803.4323545711284,37487,21,3.0,3.0,2.0,2.0,0.20253333333333334,0.2621132516053707,0.052772913018096904,61037.825,2335,8195,1.0,250,1.0,guarantee_0.2_h3,70.54034900665283
guarantee,0.5,"ReachNT, tighter budget (H3 run zones)",28109943.763377212,14640263.763377214,751.4219509577164,37409,99,3.0,3.0,2.0,2.0,0.20213333333333333,0.2632807939287799,0.053239929947460594,76287.17499999999,2063,7565,1.0,438,1.0,guarantee_0.5_h3,59.16853594779968
cheapest,1.0,Cheapest jobs first + H3 run zones,20645620.954124562,7386385.954124562,557.8992853624969,37006,502,3.0,43.0,2.0,3.0,0.20426666666666668,0.5490951546993579,0.372913018096906,178505.225,911,5571,14.333333333333334,302,1.0,cheapest_1_h3,42.02402472496033
need,0.8,"Need first, cost-aware (lam 0.8)",21092064.90368817,7988154.90368817,568.1823421067876,37122,386,3.0,35.0,2.0,3.0,0.2044,0.5408056042031524,0.3666082895504962,160940.34999999998,627,4336,11.666666666666666,620,1.0,need_0.8,27.707683086395264
need,0.4,Need first (lam 0.4),26312147.49366238,12989112.49366238,703.458119283028,37404,104,3.0,17.0,2.0,2.0,0.20333333333333334,0.41599532983070636,0.22089900758902511,89499.6,1193,6043,5.666666666666667,365,1.0,need_0.4,20.189878940582275
need,0.2,Need first (lam 0.2),30231512.434409637,16830162.434409637,806.4317230689724,37488,20,3.0,13.0,2.0,2.0,0.20413333333333333,0.35528312901342674,0.1571511967308815,67067.42499999999,1698,6974,4.333333333333333,246,1.0,need_0.2,20.539281845092773
need,0.1,Need first (lam 0.1),33604835.03464477,20186800.03464477,896.0094663283501,37505,3,3.0,10.0,2.0,2.0,0.20426666666666668,0.3352014010507881,0.13146526561587857,61413.025,2151,7617,3.3333333333333335,220,1.0,need_0.1,19.786957025527954
need,0.05,Need first (lam 0.05),35749048.633884005,22328098.633884005,953.1046345815295,37508,0,3.0,10.0,2.0,2.0,0.2052,0.33345008756567424,0.13088149445417396,59566.75,2437,8009,3.3333333333333335,217,1.0,need_0.05,17.808824062347412
need,0.0,"Need first, cost ignored",38447694.6796906,25022564.679690603,1025.0531801133252,37508,0,3.0,9.0,2.0,2.0,0.20533333333333334,0.32784588441331,0.12492702860478692,58191.825000000004,2812,8374,3.0,208,1.0,need_0,20.06539797782898
