param,value,policy,lam,key,cost_per_job,urgent_p90_remote,urgent_p90_town,harm_days,overdue_equal_remote
capacity_factor,1.15,cheapest,1.0,cheapest_1,546.4051877408194,69.0,3.0,253543.85,0.637594862813777
capacity_factor,1.15,guarantee,0.2,guarantee_0.2,853.025260522636,8.0,3.0,96878.6,0.309748978400467
capacity_factor,1.15,guarantee,0.2,guarantee_0.2_h3,800.3163295532534,3.0,3.0,74891.325,0.2694687682428488
capacity_factor,1.5,cheapest,1.0,cheapest_1,564.077209231762,57.0,3.0,206681.25,0.5942790426152949
capacity_factor,1.5,guarantee,0.2,guarantee_0.2,902.3369008379354,3.0,3.0,52452.1,0.24319906596614127
capacity_factor,1.5,guarantee,0.2,guarantee_0.2_h3,822.0623790036394,3.0,3.0,44494.899999999994,0.22743724460011674
wet_cut_week_share,0.2,cheapest,1.0,cheapest_1,559.0814816907545,62.0,3.0,225116.075,0.6067717454757735
wet_cut_week_share,0.2,guarantee,0.2,guarantee_0.2,895.3682752232324,3.0,3.0,52844.2,0.2443666082895505
wet_cut_week_share,0.2,guarantee,0.2,guarantee_0.2_h3,816.0469512163469,3.0,3.0,44468.600000000006,0.22837127845884414
wet_cut_week_share,0.5,cheapest,1.0,cheapest_1,563.4725916073937,58.0,3.0,208718.3,0.5988324576765908
wet_cut_week_share,0.5,guarantee,0.2,guarantee_0.2,880.2576148848212,3.0,3.0,74052.225,0.282778750729714
wet_cut_week_share,0.5,guarantee,0.2,guarantee_0.2_h3,825.005785663621,3.0,3.0,44547.55,0.22685347343841214
charter_per_hour,1500.0,cheapest,1.0,cheapest_1,544.1462555715651,59.0,3.0,219763.175,0.6127262113251606
charter_per_hour,1500.0,guarantee,0.2,guarantee_0.2,775.2071425644535,8.0,3.0,96505.6,0.30834792761237595
charter_per_hour,1500.0,guarantee,0.2,guarantee_0.2_h3,751.73196959212,3.0,3.0,43802.325,0.22825452422650322
charter_per_hour,3000.0,cheapest,1.0,cheapest_1,556.5157950758576,74.0,3.0,267034.8,0.6200817279626386
charter_per_hour,3000.0,guarantee,0.2,guarantee_0.2,971.09727522675,3.0,3.0,75143.92499999999,0.2819614711033275
charter_per_hour,3000.0,guarantee,0.2,guarantee_0.2_h3,901.4890048816372,3.0,3.0,45066.125,0.22685347343841214
random_year,99.0,cheapest,1.0,cheapest_1,535.9352935914472,56.0,3.0,211389.75,0.5921573636479754
random_year,99.0,guarantee,0.2,guarantee_0.2,817.5467579949833,7.0,3.0,98934.0,0.3029761144462894
random_year,99.0,guarantee,0.2,guarantee_0.2_h3,741.3361490495661,3.0,3.0,41508.275,0.2226337974198493
