ILOC_CODE_2021,name,R_STHA_Tot_Tot_h,Tot_Tot_Tot_h
ILOC70300101,Alawa,38,679
ILOC70300102,Brinkin - Nakara,22,975
ILOC70300201,Anula,57,760
ILOC70300202,Wulagi,56,768
ILOC70300301,Bagot Community,0,51
ILOC70300302,Coconut Grove - Ludmilla,200,1532
ILOC70300303,Kulaluk,0,15
ILOC70300304,Minmarama Park,27,193
ILOC70300401,Adelaide River - Coomalie,0,280
ILOC70300402,Batchelor,33,135
ILOC70300403,Belyuen,0,46
ILOC70300404,Cox - Finniss,0,463
ILOC70300501,Darwin - Central,48,2984
ILOC70300502,Fannie Bay - Parap,147,2277
ILOC70300503,Larrakeyah - The Gardens,77,1724
ILOC70300504,Stuart Park - Bayview - Woolner,16,2579
ILOC70300601,Karama,227,1554
ILOC70300701,Acacia-Larrakia,0,231
ILOC70300702,Bees Creek - Virginia,0,1098
ILOC70300703,Darwin River - Berry Springs - Southport,5,840
ILOC70300704,Howard Springs - Gunn Point,0,1311
ILOC70300705,Humpty Doo - Elizabeth Valley,12,2658
ILOC70300706,Knuckey Lagoon,4,114
ILOC70300801,Malak,204,1024
ILOC70300901,Marrara - Winnellie - Berrimah,109,1263
ILOC70301001,Jingili,43,589
ILOC70301002,Millner,75,969
ILOC70301101,Moil,46,645
ILOC70301102,Wagaman,43,642
ILOC70301103,Wanguri,50,567
ILOC70301201,Nightcliff,22,1522
ILOC70301202,Rapid Creek,31,1309
ILOC70301301,Bakewell - Rosebery - Mitchell,185,6111
ILOC70301302,Driver,75,940
ILOC70301303,Farrar - Durack - Marlow Lagoon,26,2075
ILOC70301304,Gray,227,1136
ILOC70301305,Moulden,197,950
ILOC70301306,Palmerston Indigenous Village,0,15
ILOC70301307,Woodroffe,151,1100
ILOC70301401,Lyons - Lee Point - Leanyer,112,3290
ILOC70301402,Tiwi,39,797
ILOC70400101,Douglas-Daly,0,129
ILOC70400102,Emu Point,0,12
ILOC70400103,Nauiyu Nambiyu,28,72
ILOC70400104,Nganmarriyanga (Palumpa),37,52
ILOC70400105,Peppimenarti,3,37
ILOC70400106,Pine Creek,19,91
ILOC70400201,Jabiru,13,262
ILOC70400202,Kakadu - Marrakai - Surrounds,3,304
ILOC70400203,Mudginberri,0,5
ILOC70400301,Maningrida,36,394
ILOC70400302,Maningrida Outstations,0,46
ILOC70400401,Cobourg Peninsula - Demed Homelands,0,41
ILOC70400402,Gunbalanya,152,217
ILOC70400403,Mamadawerre,3,12
ILOC70400404,Manmoyi,0,13
ILOC70400405,Minjilang,31,55
ILOC70400406,Warruwi,62,85
ILOC70400501,Thamarrurr exc. Wadeye,4,36
ILOC70400502,Wadeye,60,339
ILOC70400601,Milikapiti,81,111
ILOC70400602,Pirlangimpi,63,93
ILOC70400603,Tiwi Islands - Wilderness,10,36
ILOC70400604,Wurrumiyanga (Nguiu),209,362
ILOC70500101,Borroloola exc. Mara - Yanyula,21,116
ILOC70500102,Mara,0,48
ILOC70500103,Yanyula,0,25
ILOC70500201,Daguragu,4,32
ILOC70500202,Kalkarindji,48,87
ILOC70500301,Barunga,56,80
ILOC70500303,Elsey Roper - Surrounds,5,112
ILOC70500304,Jilkminggan,20,29
ILOC70500305,Manyallaluk,16,21
ILOC70500306,Mataranka - Mulggan,7,93
ILOC70500307,Wugular (Beswick),69,88
ILOC70500308,Bulman,19,26
ILOC70500309,Weemol,13,11
ILOC70500401,Mabunji - Mungoorbada Outstations,0,82
ILOC70500402,Minyerri,58,69
ILOC70500403,Rittarangu,18,21
ILOC70500404,Robinson River (Mungoorbada),15,42
ILOC70500405,Yugul Mangi Outstations,0,15
ILOC70500501,Binjari,19,37
ILOC70500502,Katherine exc. Town Camps,265,2759
ILOC70500503,Miali Brumby - Warlpiri,0,44
ILOC70500504,Rockhole,0,18
ILOC70500601,Lajamanu,4,115
ILOC70500701,Ngukurr,127,167
ILOC70500801,Amanbidji (Mialuni),13,15
ILOC70500802,Bulla,20,19
ILOC70500803,Daguragu Outstations,0,0
ILOC70500804,Timber Creek,11,50
ILOC70500805,Timber Creek - Surrounds,5,62
ILOC70500901,Pigeon Hole,19,22
ILOC70500902,Walangeri Outstations,0,20
ILOC70500903,Yarralin,44,56
ILOC70600101,Alyangula,3,216
ILOC70600102,Angurugu,97,192
ILOC70600103,Angurugu Outstations,0,39
ILOC70600104,Milyakburra and Outstations,0,35
ILOC70600105,Umbakumba and Outstations,15,108
ILOC70600201,Gapuwiyak,87,121
ILOC70600202,Gapuwiyak Outstations,0,13
ILOC70600301,Dhalinybuy,0,9
ILOC70600302,Gan Gan,13,13
ILOC70600303,Gumatj - Surrounds,0,9
ILOC70600304,Laynhapuy,4,36
ILOC70600305,Yilpara,0,18
ILOC70600401,Galiwinku,235,309
ILOC70600402,Marthakal Homelands exc. Galiwinku,6,41
ILOC70600501,Gunyangara,8,50
ILOC70600502,Nhulunbuy,35,855
ILOC70600601,Numbulwar and Outstations,117,146
ILOC70600701,Milingimbi,67,146
ILOC70600704,Ramingining,78,126
ILOC70600705,Ramingining - Milingimbi Outstations,11,28
ILOC70600801,Yirrkala,62,142
ILOC70700101,Ali Curung,54,77
ILOC70700201,Alpurrurulam,58,75
ILOC70700301,Barkly Tablelands - Outstations,0,67
ILOC70700302,Elliott Surrounds - Outstations,3,37
ILOC70700303,Imangara,14,14
ILOC70700304,Julalikari - Outstations,0,64
ILOC70700305,Tara,15,16
ILOC70700401,Elliott,17,68
ILOC70700501,Kargaru,16,12
ILOC70700502,Marla Marla - Village Camp,18,20
ILOC70700503,Ngalpa Ngalpa - Wuppa,37,52
ILOC70700504,Tennant Creek exc. Town Camps,162,864
ILOC70700601,Canteen Creek,17,26
ILOC70700602,Wutunugurra,30,35
ILOC70800101,Charles,82,1340
ILOC70800102,Flynn,118,1492
ILOC70800103,Heavitree,7,623
ILOC70800104,Ilparpa community,0,152
ILOC70800105,Larapinta,186,1715
ILOC70800106,Mount Johns,46,1437
ILOC70800107,Ross,168,1880
ILOC70800108,Yirara College and Surrounds,0,0
ILOC70800201,Anthelk Ewlpaye,25,26
ILOC70800202,Anthepe - New Llparpa - Tyeweretye,33,53
ILOC70800203,Ewyenper - Ilpeye - Irklancha,37,61
ILOC70800204,Ilperle-Tyathe - Mt Nancy - Aper-Alwerr,24,30
ILOC70800205,Inarlenge - Mpwetyerre,24,23
ILOC70800206,Nyewente - Akngwertnarre - Namatjira,27,30
ILOC70800207,Yarrenyty-Arltere,21,30
ILOC70900101,Amoonguna,15,54
ILOC70900102,Santa Teresa (Ltyentye Purte),91,121
ILOC70900103,South MacDonnell Ranges,10,128
ILOC70900104,Titjikala,37,48
ILOC70900201,Ampilatwatja and Outstations,31,66
ILOC70900301,Anmatjere - Surrounds,3,40
ILOC70900302,Anmatjere - Ti Tree,3,19
ILOC70900303,Laramba,33,43
ILOC70900304,Nturiya,11,15
ILOC70900305,Pmara Jutunta,25,27
ILOC70900306,Wilora,12,15
ILOC70900401,Apatula (Finke),38,46
ILOC70900402,Apatula (Finke) Homelands - East,0,0
ILOC70900403,Apatula (Finke) Homelands - West,0,13
ILOC70900501,Atitjere,26,40
ILOC70900502,Atitjere - Akarnenehe Outstations,0,65
ILOC70900503,Engawala,17,33
ILOC70900601,Haasts Bluff and Outstations,12,26
ILOC70900602,Mount Liebig and Outstations,25,39
ILOC70900701,Hermannsburg,86,119
ILOC70900801,Kaltukatjara (Docker River),24,50
ILOC70900802,Kaltukatjara Outstations,4,39
ILOC70900901,Imanpa (Mount Ebenezer ),21,27
ILOC70900902,Mutitjulu - Uluru,29,472
ILOC70901001,Nyirripi,44,61
ILOC70901002,Tanami Outstations,0,10
ILOC70901101,Papunya,41,71
ILOC70901102,Papunya Outstations,4,16
ILOC70901201,Atneltyey,12,8
ILOC70901202,Illeuwurru - Inkawenyerre,8,7
ILOC70901203,Irrultja,3,9
ILOC70901204,Utopia - Arawerr - Arlparra,33,82
ILOC70901301,Walungurru (Kintore),47,79
ILOC70901302,Walungurru Outstations,0,0
ILOC70901401,Areyonga,24,41
ILOC70901402,Ingkerreke Outstations,14,70
ILOC70901403,Tjuwanpa Outstations,3,59
ILOC70901404,Wallace Rockhole,0,27
ILOC70901501,Willowra,24,37
ILOC70901601,Yuelamu,26,35
ILOC70901701,Yuendumu and Outstations,80,160
ILOC79499494,No usual address (NT),0,0
ILOC79799797,Migratory - Offshore - Shipping (NT),0,3
