region,community,overcrowded_2017,overcrowded_2022,pct_2017,pct_2022
,BELYUEN,10,12,24,29
,GUNBALANYA,70,76,46,46
,MANINGRIDA,188,213,71,73
,MILIKAPITI,36,31,38,31
,MINJILANG,18,17,45,41
Arafura,NAUIYU,41,38,63,63
Arafura,NGANMARRIYANGA,28,30,72,67
Arafura,PEPPIMENARTI,12,15,43,60
Arafura,PIRLANGIMPI,33,26,38,25
Arafura,WADEYE,177,172,72,67
Arafura,WARRUWI,31,27,50,48
Arafura,WURRUMIYANGA,129,110,46,39
Arafura,ANGURUGU,76,68,58,46
Arafura,GALIWINKU,141,184,75,77
Arafura,GAPUWIYAK,70,98,73,80
Arafura,GUNYANGARA,13,17,48,68
Arnhem,MILINGIMBI,104,98,90,84
Arnhem,MILYAKBURRA,15,9,50,33
Arnhem,RAMINGINING,70,76,82,77
Arnhem,UMBAKUMBA,33,37,46,52
Arnhem,YIRRKALA,41,47,57,55
Arnhem,ALI CURUNG,38,25,54,40
Arnhem,ALPURRURULAM,36,22,55,30
Arnhem,AMPILATWATJA,32,27,78,68
Barkly,CANTEEN CREEK (WUTUNUGURRA),12,13,52,54
Barkly,EPENARRA IMANGARA,4,8,29,53
Barkly,TARA,5,3,28,18
Barkly,AMANBIDJI,4,6,27,40
Barkly,BARUNGA,36,25,64,35
Barkly,BESWICK,49,54,74,66
Barkly,BINJARI,16,28,67,72
Barkly,BULLA,6,3,29,20
Barkly,BULMAN - WEEMOL,25,25,69,68
Barkly,DAGURAGU,26,21,65,60
Barkly,JILKMINGGAN,19,18,63,62
Barkly,KALKARINDJI,31,26,61,46
Big Rivers,KYBROOK FARM,9,7,75,58
Big Rivers,LAJAMANU,62,56,65,65
Big Rivers,MANYALLALUK,7,10,47,71
Big Rivers,MINYERRI,31,53,97,96
Big Rivers,NGUKURR,91,98,77,66
Big Rivers,NUMBULWAR,72,58,63,49
Big Rivers,PIGEON HOLE,7,10,64,56
Big Rivers,RITTARANGU,6,7,67,58
Big Rivers,ROBINSON RIVER,12,20,71,61
Big Rivers,YARRALIN,17,26,61,52
Big Rivers,AMOONGUNA,13,4,30,15
Big Rivers,APATULA (FINKE),15,7,44,21
Big Rivers,AREYONGA,19,16,59,55
Big Rivers,ATITJERE,12,12,52,44
Big Rivers,ENGAWALA,9,16,50,76
Big Rivers,HAASTS BLUFF,9,7,69,70
Big Rivers,HERMANNSBURG (NTARIA),52,50,54,50
Big Rivers,IMANPA,7,8,30,40
Big Rivers,KALTUKATJARA,22,21,48,51
Big Rivers,KINTORE,38,32,68,50
Big Rivers,LARAMBA,19,18,48,47
Central,MOUNT LIEBIG,13,14,50,58
Central,MUTITJULU,19,22,59,71
Central,NTURIYA,2,1,11,7
Central,NYIRRIPI,10,15,24,38
Central,PAPUNYA,30,26,68,55
Central,PMARA JUTUNTA,14,8,45,25
Central,SANTA TERESA,56,40,61,41
Central,WALLACE ROCKHOLE,3,0,21,0
Central,WILLOWRA,20,17,51,53
Central,WILORA,9,1,45,6
Central,YUELAMU (MT ALLEN),6,6,20,24
Central,YUENDUMU,42,51,36,47
